# ************************************************************
# Sequel Pro SQL dump
# Version 4541
#
# http://www.sequelpro.com/
# https://github.com/sequelpro/sequelpro
#
# Host: 127.0.0.1 (MySQL 5.7.18)
# Database: NPlusOneQueryDemo
# Generation Time: 2019-04-03 18:56:46 +0000
# ************************************************************


/*!40101 SET @OLD_CHARACTER_SET_CLIENT=@@CHARACTER_SET_CLIENT */;
/*!40101 SET @OLD_CHARACTER_SET_RESULTS=@@CHARACTER_SET_RESULTS */;
/*!40101 SET @OLD_COLLATION_CONNECTION=@@COLLATION_CONNECTION */;
/*!40101 SET NAMES utf8 */;
/*!40014 SET @OLD_FOREIGN_KEY_CHECKS=@@FOREIGN_KEY_CHECKS, FOREIGN_KEY_CHECKS=0 */;
/*!40101 SET @OLD_SQL_MODE=@@SQL_MODE, SQL_MODE='NO_AUTO_VALUE_ON_ZERO' */;
/*!40111 SET @OLD_SQL_NOTES=@@SQL_NOTES, SQL_NOTES=0 */;


# Dump of table Beds
# ------------------------------------------------------------

DROP TABLE IF EXISTS `Beds`;

CREATE TABLE `Beds` (
  `Id` int(11) unsigned NOT NULL AUTO_INCREMENT,
  `Uid` char(36) NOT NULL DEFAULT '',
  `Name` varchar(128) NOT NULL DEFAULT '',
  `Sleeps` int(10) unsigned NOT NULL,
  PRIMARY KEY (`Id`),
  UNIQUE KEY `Uid` (`Uid`)
) ENGINE=InnoDB DEFAULT CHARSET=utf8;

LOCK TABLES `Beds` WRITE;
/*!40000 ALTER TABLE `Beds` DISABLE KEYS */;

INSERT INTO `Beds` (`Id`, `Uid`, `Name`, `Sleeps`)
VALUES
	(1,'eb8ff6c8-78b3-4207-83d1-0e4a4c854f4c','Cot',1),
	(2,'c695a0a9-8283-4cf8-b625-b3011c3d3613','Twin',1),
	(3,'29446092-5b48-4382-9941-e572b7dc82f5','Double',1),
	(4,'b46b72cc-9401-4aca-86d3-4535d7c66b28','Queen',2),
	(5,'659c3e9b-0fa2-4b6d-ab27-7c0d44da2b19','King',2);

/*!40000 ALTER TABLE `Beds` ENABLE KEYS */;
UNLOCK TABLES;


# Dump of table HotelInkeeper
# ------------------------------------------------------------

DROP TABLE IF EXISTS `HotelInkeeper`;

CREATE TABLE `HotelInkeeper` (
  `HotelId` int(11) unsigned NOT NULL,
  `InkeeperId` int(11) unsigned NOT NULL,
  `HiredOn` datetime NOT NULL,
  PRIMARY KEY (`HotelId`,`InkeeperId`),
  KEY `hotelinkeepers_ibfk_2` (`InkeeperId`),
  CONSTRAINT `hotelinkeeper_ibfk_2` FOREIGN KEY (`InkeeperId`) REFERENCES `Inkeepers` (`Id`),
  CONSTRAINT `hotelinkeeper_ibfk_3` FOREIGN KEY (`HotelId`) REFERENCES `hotels` (`Id`)
) ENGINE=InnoDB DEFAULT CHARSET=utf8;

LOCK TABLES `HotelInkeeper` WRITE;
/*!40000 ALTER TABLE `HotelInkeeper` DISABLE KEYS */;

INSERT INTO `HotelInkeeper` (`HotelId`, `InkeeperId`, `HiredOn`)
VALUES
	(2,11,'2009-04-25 00:00:00'),
	(2,678,'2010-04-13 00:00:00'),
	(3,163,'1999-09-15 00:00:00'),
	(3,603,'2013-02-27 00:00:00'),
	(4,264,'2016-12-02 00:00:00'),
	(4,651,'2013-05-04 00:00:00'),
	(5,448,'1998-08-27 00:00:00'),
	(6,928,'2005-07-29 00:00:00'),
	(8,911,'2002-10-11 00:00:00'),
	(14,873,'2013-05-23 00:00:00'),
	(15,254,'2001-01-25 00:00:00'),
	(16,372,'2003-06-13 00:00:00'),
	(16,502,'2010-07-24 00:00:00'),
	(16,843,'2004-02-17 00:00:00'),
	(19,592,'2004-08-10 00:00:00'),
	(20,29,'2002-09-22 00:00:00'),
	(20,259,'2007-08-16 00:00:00'),
	(20,405,'2006-08-02 00:00:00'),
	(20,564,'2012-04-06 00:00:00'),
	(21,581,'2009-08-15 00:00:00'),
	(22,743,'1999-01-05 00:00:00'),
	(23,177,'2004-03-18 00:00:00'),
	(24,875,'2016-06-22 00:00:00'),
	(26,690,'2011-11-13 00:00:00'),
	(27,75,'2003-10-05 00:00:00'),
	(28,507,'2010-12-02 00:00:00'),
	(30,737,'2005-03-26 00:00:00'),
	(30,804,'2007-12-10 00:00:00'),
	(31,448,'2009-09-10 00:00:00'),
	(31,601,'2018-10-12 00:00:00'),
	(32,80,'2016-07-03 00:00:00'),
	(33,13,'2008-07-12 00:00:00'),
	(33,510,'2016-04-17 00:00:00'),
	(35,246,'2005-01-10 00:00:00'),
	(37,355,'2007-04-17 00:00:00'),
	(38,198,'2018-02-23 00:00:00'),
	(39,455,'2015-04-28 00:00:00'),
	(42,659,'1998-04-05 00:00:00'),
	(42,751,'2010-08-26 00:00:00'),
	(42,949,'2014-03-05 00:00:00'),
	(43,938,'2003-03-25 00:00:00'),
	(46,139,'2002-03-15 00:00:00'),
	(48,749,'2004-04-06 00:00:00'),
	(48,757,'2012-08-13 00:00:00'),
	(50,100,'2001-11-18 00:00:00'),
	(52,963,'2002-01-19 00:00:00'),
	(54,52,'2014-04-01 00:00:00'),
	(55,53,'2013-07-11 00:00:00'),
	(55,130,'1998-05-08 00:00:00'),
	(57,222,'2007-11-26 00:00:00'),
	(57,233,'2008-12-25 00:00:00'),
	(57,414,'2002-03-08 00:00:00'),
	(57,823,'2016-01-02 00:00:00'),
	(58,32,'2005-08-01 00:00:00'),
	(59,235,'2014-09-05 00:00:00'),
	(60,672,'2014-11-25 00:00:00'),
	(61,577,'2012-02-05 00:00:00'),
	(62,554,'2008-02-26 00:00:00'),
	(63,186,'2018-10-12 00:00:00'),
	(65,836,'2008-10-02 00:00:00'),
	(67,95,'2002-06-19 00:00:00'),
	(67,601,'1999-07-31 00:00:00'),
	(70,71,'2006-04-16 00:00:00'),
	(70,464,'2013-09-01 00:00:00'),
	(71,1000,'1999-01-01 00:00:00'),
	(72,309,'2009-03-19 00:00:00'),
	(72,583,'2007-10-03 00:00:00'),
	(73,513,'2012-10-27 00:00:00'),
	(73,615,'2007-07-10 00:00:00'),
	(73,750,'2010-02-10 00:00:00'),
	(78,95,'2010-02-16 00:00:00'),
	(79,120,'1998-09-16 00:00:00'),
	(80,776,'1999-11-30 00:00:00'),
	(81,218,'2012-05-23 00:00:00'),
	(81,338,'2009-02-01 00:00:00'),
	(82,928,'2001-11-16 00:00:00'),
	(83,201,'1998-06-16 00:00:00'),
	(86,22,'2013-12-31 00:00:00'),
	(87,721,'2000-09-19 00:00:00'),
	(89,251,'2000-08-09 00:00:00'),
	(92,635,'2004-02-28 00:00:00'),
	(93,833,'2014-11-04 00:00:00'),
	(94,44,'2012-07-08 00:00:00'),
	(94,93,'2000-01-26 00:00:00'),
	(94,433,'2017-02-03 00:00:00'),
	(95,690,'2017-06-17 00:00:00'),
	(95,874,'2001-01-09 00:00:00'),
	(96,610,'2011-04-26 00:00:00'),
	(97,978,'2016-01-04 00:00:00'),
	(99,110,'2006-03-21 00:00:00'),
	(99,791,'2007-06-05 00:00:00'),
	(106,477,'2001-05-20 00:00:00'),
	(109,927,'2006-03-15 00:00:00'),
	(115,449,'2017-04-29 00:00:00'),
	(116,139,'2018-03-18 00:00:00'),
	(116,982,'2017-04-02 00:00:00'),
	(119,427,'2001-06-30 00:00:00'),
	(121,391,'2007-05-14 00:00:00'),
	(122,858,'2010-01-04 00:00:00'),
	(127,977,'2010-11-03 00:00:00'),
	(128,149,'2015-07-27 00:00:00'),
	(128,481,'2002-02-07 00:00:00'),
	(130,250,'2008-09-04 00:00:00'),
	(135,133,'2015-08-07 00:00:00'),
	(135,685,'2005-07-09 00:00:00'),
	(136,377,'2009-04-15 00:00:00'),
	(136,594,'2004-10-23 00:00:00'),
	(140,112,'1999-05-26 00:00:00'),
	(141,737,'2001-07-08 00:00:00'),
	(143,779,'1998-06-18 00:00:00'),
	(144,372,'2011-03-20 00:00:00'),
	(144,521,'2016-08-06 00:00:00'),
	(146,577,'2015-10-22 00:00:00'),
	(146,736,'1999-07-09 00:00:00'),
	(147,792,'1998-04-07 00:00:00'),
	(149,858,'1999-06-30 00:00:00'),
	(150,225,'2004-06-11 00:00:00'),
	(150,475,'2010-10-16 00:00:00'),
	(150,922,'2003-11-06 00:00:00'),
	(152,341,'2006-05-24 00:00:00'),
	(152,523,'2008-07-15 00:00:00'),
	(154,102,'2001-01-26 00:00:00'),
	(154,389,'2009-03-23 00:00:00'),
	(154,675,'2019-02-03 00:00:00'),
	(157,293,'2002-05-20 00:00:00'),
	(157,777,'2007-02-01 00:00:00'),
	(160,13,'2000-10-20 00:00:00'),
	(160,34,'2002-11-08 00:00:00'),
	(160,982,'1999-12-28 00:00:00'),
	(162,609,'2001-04-13 00:00:00'),
	(162,989,'2018-11-02 00:00:00'),
	(164,137,'1999-03-10 00:00:00'),
	(165,281,'2004-04-15 00:00:00'),
	(165,409,'1998-12-21 00:00:00'),
	(167,4,'2000-09-15 00:00:00'),
	(167,482,'2013-06-13 00:00:00'),
	(167,654,'2014-11-23 00:00:00'),
	(168,635,'2009-12-05 00:00:00'),
	(170,112,'2014-01-06 00:00:00'),
	(170,462,'2009-01-31 00:00:00'),
	(170,510,'2018-07-11 00:00:00'),
	(171,817,'2017-08-27 00:00:00'),
	(173,989,'2017-11-04 00:00:00'),
	(175,77,'2012-04-28 00:00:00'),
	(177,100,'2018-01-10 00:00:00'),
	(177,733,'1998-05-10 00:00:00'),
	(178,4,'2006-03-10 00:00:00'),
	(179,424,'2018-06-24 00:00:00'),
	(183,314,'2013-11-23 00:00:00'),
	(186,702,'2006-09-08 00:00:00'),
	(188,187,'2000-04-08 00:00:00'),
	(188,279,'2009-05-14 00:00:00'),
	(189,191,'2003-01-09 00:00:00'),
	(190,216,'2000-02-07 00:00:00'),
	(191,366,'2015-07-07 00:00:00'),
	(192,646,'2007-06-09 00:00:00'),
	(193,512,'2004-08-27 00:00:00'),
	(194,922,'2012-02-02 00:00:00'),
	(196,527,'2004-07-30 00:00:00'),
	(197,552,'2012-04-06 00:00:00'),
	(198,81,'2005-12-15 00:00:00'),
	(198,226,'2002-05-05 00:00:00'),
	(198,787,'2003-04-05 00:00:00'),
	(199,195,'2007-08-29 00:00:00'),
	(200,421,'1998-12-14 00:00:00'),
	(204,844,'2009-11-13 00:00:00'),
	(206,24,'1998-08-30 00:00:00'),
	(209,877,'2019-01-19 00:00:00'),
	(210,752,'1999-03-09 00:00:00'),
	(212,101,'2017-03-23 00:00:00'),
	(214,394,'2013-10-24 00:00:00'),
	(214,432,'2013-10-23 00:00:00'),
	(215,70,'2003-01-16 00:00:00'),
	(215,150,'2002-04-08 00:00:00'),
	(216,40,'2002-03-14 00:00:00'),
	(216,242,'2009-04-05 00:00:00'),
	(221,668,'2004-07-05 00:00:00'),
	(221,682,'2014-01-26 00:00:00'),
	(221,781,'2010-10-11 00:00:00'),
	(223,366,'2006-05-27 00:00:00'),
	(227,565,'2005-08-03 00:00:00'),
	(232,571,'2011-01-21 00:00:00'),
	(233,341,'2011-06-02 00:00:00'),
	(234,837,'2003-02-06 00:00:00'),
	(235,605,'2017-02-07 00:00:00'),
	(236,54,'2012-01-25 00:00:00'),
	(236,81,'2012-12-26 00:00:00'),
	(237,176,'2005-01-24 00:00:00'),
	(237,748,'1998-12-07 00:00:00'),
	(237,958,'2015-06-05 00:00:00'),
	(240,133,'2009-09-21 00:00:00'),
	(240,312,'2004-08-29 00:00:00'),
	(245,147,'2018-01-07 00:00:00'),
	(246,794,'2015-04-19 00:00:00'),
	(246,908,'2006-10-06 00:00:00'),
	(248,542,'2017-09-21 00:00:00'),
	(248,770,'2019-02-12 00:00:00'),
	(250,333,'2005-10-02 00:00:00'),
	(250,584,'2000-12-16 00:00:00'),
	(255,921,'2018-07-14 00:00:00'),
	(256,127,'2005-09-19 00:00:00'),
	(257,714,'2006-10-21 00:00:00'),
	(258,476,'2015-10-03 00:00:00'),
	(259,158,'2016-12-21 00:00:00'),
	(260,881,'2013-06-25 00:00:00'),
	(261,514,'2004-04-15 00:00:00'),
	(262,373,'2015-04-05 00:00:00'),
	(262,940,'2013-02-06 00:00:00'),
	(263,668,'2010-03-20 00:00:00'),
	(264,738,'2004-03-10 00:00:00'),
	(266,198,'2015-10-26 00:00:00'),
	(266,854,'2014-09-12 00:00:00'),
	(266,903,'2011-04-04 00:00:00'),
	(267,935,'1998-04-11 00:00:00'),
	(269,517,'2010-11-27 00:00:00'),
	(271,854,'1998-04-23 00:00:00'),
	(274,237,'2002-09-25 00:00:00'),
	(274,326,'2004-03-03 00:00:00'),
	(274,819,'2002-05-29 00:00:00'),
	(277,180,'2017-12-03 00:00:00'),
	(277,653,'2013-10-25 00:00:00'),
	(277,734,'2014-07-14 00:00:00'),
	(280,906,'2007-12-02 00:00:00'),
	(284,212,'2017-09-25 00:00:00'),
	(285,188,'2012-09-24 00:00:00'),
	(285,491,'2011-02-15 00:00:00'),
	(285,926,'2012-01-20 00:00:00'),
	(286,264,'2013-09-28 00:00:00'),
	(286,749,'2005-09-28 00:00:00'),
	(287,856,'2006-02-08 00:00:00'),
	(289,369,'2016-12-23 00:00:00'),
	(291,419,'2013-07-05 00:00:00'),
	(292,92,'2006-11-12 00:00:00'),
	(292,586,'2010-11-14 00:00:00'),
	(293,360,'2014-04-18 00:00:00'),
	(293,445,'1999-08-23 00:00:00'),
	(295,459,'2017-10-24 00:00:00'),
	(296,553,'2004-03-24 00:00:00'),
	(297,164,'2008-07-27 00:00:00'),
	(297,242,'2001-11-08 00:00:00'),
	(297,301,'2000-02-16 00:00:00'),
	(297,505,'2003-07-16 00:00:00'),
	(297,677,'2002-12-02 00:00:00'),
	(300,468,'2018-04-13 00:00:00'),
	(301,392,'2014-03-19 00:00:00'),
	(301,617,'2011-04-04 00:00:00'),
	(302,251,'1999-07-17 00:00:00'),
	(303,842,'2007-12-28 00:00:00'),
	(305,849,'2010-01-02 00:00:00'),
	(307,444,'2003-08-01 00:00:00'),
	(310,289,'2016-08-17 00:00:00'),
	(315,961,'1999-09-06 00:00:00'),
	(318,132,'2004-04-11 00:00:00'),
	(319,487,'2008-11-19 00:00:00'),
	(319,947,'1998-08-10 00:00:00'),
	(321,968,'2012-12-04 00:00:00'),
	(322,203,'1998-06-20 00:00:00'),
	(323,235,'2003-05-30 00:00:00'),
	(323,989,'2015-12-16 00:00:00'),
	(330,75,'2000-03-24 00:00:00'),
	(333,115,'2006-03-31 00:00:00'),
	(333,578,'2000-11-08 00:00:00'),
	(336,300,'2017-11-10 00:00:00'),
	(337,223,'2005-02-04 00:00:00'),
	(338,493,'2007-01-02 00:00:00'),
	(338,591,'2005-06-13 00:00:00'),
	(338,802,'2001-11-19 00:00:00'),
	(341,730,'2013-04-18 00:00:00'),
	(343,452,'2005-01-31 00:00:00'),
	(345,203,'2012-12-11 00:00:00'),
	(345,762,'1999-04-10 00:00:00'),
	(347,910,'2010-02-11 00:00:00'),
	(347,942,'2009-02-15 00:00:00'),
	(348,342,'2004-03-02 00:00:00'),
	(348,557,'2000-10-12 00:00:00'),
	(348,772,'2012-12-23 00:00:00'),
	(349,983,'1999-09-01 00:00:00'),
	(350,201,'1998-07-01 00:00:00'),
	(351,7,'2016-07-28 00:00:00'),
	(351,188,'2005-01-08 00:00:00'),
	(354,260,'2001-06-24 00:00:00'),
	(354,942,'2017-09-01 00:00:00'),
	(355,281,'2014-06-11 00:00:00'),
	(356,336,'2004-12-09 00:00:00'),
	(358,59,'2012-12-31 00:00:00'),
	(359,815,'2019-02-27 00:00:00'),
	(364,678,'2000-04-14 00:00:00'),
	(365,678,'2007-05-30 00:00:00'),
	(366,710,'2018-03-01 00:00:00'),
	(368,936,'2017-02-20 00:00:00'),
	(369,30,'2018-01-09 00:00:00'),
	(370,123,'2005-01-17 00:00:00'),
	(370,391,'2001-05-05 00:00:00'),
	(373,620,'2006-07-06 00:00:00'),
	(374,156,'2009-04-21 00:00:00'),
	(374,192,'2008-12-23 00:00:00'),
	(375,615,'2014-12-27 00:00:00'),
	(376,650,'2013-03-10 00:00:00'),
	(377,161,'2010-02-08 00:00:00'),
	(377,401,'2001-01-30 00:00:00'),
	(379,686,'2006-10-18 00:00:00'),
	(381,582,'2014-10-05 00:00:00'),
	(382,886,'2006-05-14 00:00:00'),
	(384,249,'2009-01-30 00:00:00'),
	(386,846,'1998-04-27 00:00:00'),
	(387,512,'2006-10-07 00:00:00'),
	(395,242,'2008-02-08 00:00:00'),
	(396,344,'2003-10-04 00:00:00'),
	(401,626,'2009-08-03 00:00:00'),
	(401,761,'2007-11-10 00:00:00'),
	(402,351,'2001-08-30 00:00:00'),
	(405,577,'2008-03-16 00:00:00'),
	(405,894,'1999-12-06 00:00:00'),
	(408,920,'2009-12-13 00:00:00'),
	(408,952,'2000-10-29 00:00:00'),
	(409,44,'2003-08-19 00:00:00'),
	(410,81,'2012-05-18 00:00:00'),
	(411,916,'2013-11-01 00:00:00'),
	(411,917,'2012-01-06 00:00:00'),
	(412,91,'1998-04-08 00:00:00'),
	(413,286,'2011-03-09 00:00:00'),
	(415,345,'2016-03-09 00:00:00'),
	(417,100,'2012-03-06 00:00:00'),
	(418,261,'2007-06-20 00:00:00'),
	(421,336,'1999-03-08 00:00:00'),
	(427,306,'2008-09-02 00:00:00'),
	(427,795,'2017-06-23 00:00:00'),
	(428,980,'2018-01-19 00:00:00'),
	(429,72,'2001-09-12 00:00:00'),
	(432,91,'2000-10-31 00:00:00'),
	(432,971,'1999-04-06 00:00:00'),
	(438,173,'2010-06-09 00:00:00'),
	(438,671,'2010-06-04 00:00:00'),
	(438,743,'2011-11-28 00:00:00'),
	(439,714,'1999-12-15 00:00:00'),
	(439,962,'2017-02-22 00:00:00'),
	(441,197,'2018-03-12 00:00:00'),
	(441,497,'2010-01-18 00:00:00'),
	(441,519,'2015-12-08 00:00:00'),
	(442,395,'2006-05-11 00:00:00'),
	(442,952,'2002-08-23 00:00:00'),
	(443,215,'2016-02-14 00:00:00'),
	(444,409,'2010-09-30 00:00:00'),
	(445,821,'2001-05-16 00:00:00'),
	(447,243,'2004-09-18 00:00:00'),
	(447,367,'2009-04-23 00:00:00'),
	(447,726,'2015-02-19 00:00:00'),
	(448,623,'2012-11-23 00:00:00'),
	(448,938,'2003-01-11 00:00:00'),
	(450,210,'2005-06-20 00:00:00'),
	(450,289,'2015-07-23 00:00:00'),
	(450,714,'2018-04-05 00:00:00'),
	(450,989,'1999-07-26 00:00:00'),
	(454,735,'2018-07-30 00:00:00'),
	(455,573,'2004-10-12 00:00:00'),
	(455,604,'2002-12-04 00:00:00'),
	(456,244,'2008-01-18 00:00:00'),
	(456,503,'2007-02-16 00:00:00'),
	(457,646,'2006-08-05 00:00:00'),
	(458,612,'2000-09-01 00:00:00'),
	(459,165,'2008-10-13 00:00:00'),
	(459,292,'2010-08-27 00:00:00'),
	(459,744,'2005-06-06 00:00:00'),
	(461,288,'2009-05-30 00:00:00'),
	(461,944,'2012-04-03 00:00:00'),
	(461,973,'2012-10-05 00:00:00'),
	(464,862,'1998-12-08 00:00:00'),
	(465,111,'2003-12-24 00:00:00'),
	(469,105,'2015-06-23 00:00:00'),
	(471,451,'2001-12-19 00:00:00'),
	(471,567,'2000-09-19 00:00:00'),
	(472,565,'2008-12-05 00:00:00'),
	(472,889,'2005-08-05 00:00:00'),
	(476,702,'2017-12-13 00:00:00'),
	(477,103,'1999-07-11 00:00:00'),
	(478,755,'2000-07-03 00:00:00'),
	(478,1000,'2009-05-31 00:00:00'),
	(480,334,'2000-12-03 00:00:00'),
	(480,405,'2010-10-13 00:00:00'),
	(481,201,'2005-03-25 00:00:00'),
	(481,409,'2016-07-11 00:00:00'),
	(481,758,'2009-10-08 00:00:00'),
	(481,843,'2012-10-22 00:00:00'),
	(482,780,'2009-02-16 00:00:00'),
	(482,976,'2006-06-09 00:00:00'),
	(484,643,'2001-02-23 00:00:00'),
	(486,160,'2007-04-11 00:00:00'),
	(486,864,'2017-05-03 00:00:00'),
	(489,86,'2001-08-24 00:00:00'),
	(489,568,'2009-06-20 00:00:00'),
	(490,147,'2004-04-14 00:00:00'),
	(493,99,'2005-04-27 00:00:00'),
	(494,238,'2011-05-15 00:00:00'),
	(495,694,'2001-06-17 00:00:00'),
	(495,942,'2003-05-08 00:00:00'),
	(496,889,'1999-01-05 00:00:00'),
	(499,35,'2014-01-12 00:00:00'),
	(499,947,'2016-12-19 00:00:00'),
	(502,985,'2004-06-15 00:00:00'),
	(503,22,'2004-07-22 00:00:00'),
	(503,406,'2016-07-18 00:00:00'),
	(505,374,'2015-05-07 00:00:00'),
	(506,765,'2014-07-11 00:00:00'),
	(508,416,'2005-05-31 00:00:00'),
	(510,393,'2003-10-08 00:00:00'),
	(510,512,'2000-01-08 00:00:00'),
	(511,359,'2004-05-05 00:00:00'),
	(511,608,'2016-05-12 00:00:00'),
	(511,801,'2009-06-03 00:00:00'),
	(513,318,'2004-10-23 00:00:00'),
	(513,574,'2019-01-16 00:00:00'),
	(514,158,'2004-08-23 00:00:00'),
	(514,807,'2001-08-26 00:00:00'),
	(515,970,'2004-02-28 00:00:00'),
	(515,991,'2009-01-25 00:00:00'),
	(516,488,'2007-01-28 00:00:00'),
	(517,154,'2013-07-29 00:00:00'),
	(517,986,'2010-11-23 00:00:00'),
	(518,307,'2008-08-30 00:00:00'),
	(522,350,'2013-09-19 00:00:00'),
	(522,905,'2016-07-03 00:00:00'),
	(528,736,'2000-04-09 00:00:00'),
	(529,873,'2005-03-17 00:00:00'),
	(532,7,'2008-12-04 00:00:00'),
	(534,638,'2015-04-06 00:00:00'),
	(535,863,'2015-07-28 00:00:00'),
	(536,413,'2006-04-24 00:00:00'),
	(536,423,'2005-02-28 00:00:00'),
	(538,58,'2005-09-18 00:00:00'),
	(538,575,'2005-04-28 00:00:00'),
	(539,228,'2007-10-29 00:00:00'),
	(540,158,'2000-01-03 00:00:00'),
	(541,556,'2007-10-01 00:00:00'),
	(543,419,'2008-09-16 00:00:00'),
	(543,767,'2011-03-19 00:00:00'),
	(546,34,'2017-10-23 00:00:00'),
	(546,570,'2005-12-28 00:00:00'),
	(546,813,'2014-12-31 00:00:00'),
	(547,706,'2003-09-10 00:00:00'),
	(548,829,'2011-04-11 00:00:00'),
	(549,843,'1998-04-20 00:00:00'),
	(549,856,'2014-03-18 00:00:00'),
	(552,812,'2005-04-07 00:00:00'),
	(554,288,'2002-09-14 00:00:00'),
	(555,127,'2010-06-01 00:00:00'),
	(556,822,'2011-11-12 00:00:00'),
	(558,217,'2007-08-24 00:00:00'),
	(558,666,'2006-01-09 00:00:00'),
	(559,414,'2012-03-30 00:00:00'),
	(563,411,'2007-07-17 00:00:00'),
	(564,392,'2018-09-11 00:00:00'),
	(565,139,'2010-09-21 00:00:00'),
	(566,373,'2012-11-30 00:00:00'),
	(567,111,'2002-07-10 00:00:00'),
	(571,731,'1998-10-19 00:00:00'),
	(573,717,'2012-06-21 00:00:00'),
	(574,940,'2007-09-28 00:00:00'),
	(575,948,'1999-04-02 00:00:00'),
	(580,320,'2011-09-07 00:00:00'),
	(580,618,'2017-11-18 00:00:00'),
	(581,59,'2006-08-22 00:00:00'),
	(581,272,'2000-08-24 00:00:00'),
	(581,406,'2009-10-31 00:00:00'),
	(583,717,'2010-08-08 00:00:00'),
	(583,853,'2000-01-03 00:00:00'),
	(583,991,'2013-02-03 00:00:00'),
	(585,568,'2016-08-15 00:00:00'),
	(585,714,'2003-10-21 00:00:00'),
	(586,17,'1999-02-17 00:00:00'),
	(586,357,'2001-02-24 00:00:00'),
	(587,652,'1999-04-18 00:00:00'),
	(592,533,'2016-07-04 00:00:00'),
	(593,742,'2015-02-15 00:00:00'),
	(597,360,'2015-12-23 00:00:00'),
	(602,596,'2009-07-13 00:00:00'),
	(605,624,'2009-04-08 00:00:00'),
	(606,307,'2012-05-25 00:00:00'),
	(611,219,'2008-05-21 00:00:00'),
	(616,551,'2010-07-17 00:00:00'),
	(617,430,'2006-04-13 00:00:00'),
	(617,659,'2008-06-10 00:00:00'),
	(617,732,'2014-04-01 00:00:00'),
	(617,756,'2019-01-12 00:00:00'),
	(619,91,'2008-10-19 00:00:00'),
	(619,738,'1999-08-28 00:00:00'),
	(624,251,'2006-09-01 00:00:00'),
	(624,258,'2010-05-19 00:00:00'),
	(625,451,'2006-08-02 00:00:00'),
	(625,555,'2011-04-25 00:00:00'),
	(626,438,'2013-02-05 00:00:00'),
	(626,683,'2013-01-30 00:00:00'),
	(626,803,'2014-03-09 00:00:00'),
	(626,917,'2009-11-09 00:00:00'),
	(628,280,'2009-03-09 00:00:00'),
	(629,208,'2008-02-16 00:00:00'),
	(630,736,'2019-03-01 00:00:00'),
	(632,276,'2000-12-06 00:00:00'),
	(632,702,'2017-07-23 00:00:00'),
	(633,726,'2003-09-03 00:00:00'),
	(634,194,'2019-03-06 00:00:00'),
	(635,559,'2004-09-05 00:00:00'),
	(636,385,'2005-12-29 00:00:00'),
	(636,531,'2011-11-25 00:00:00'),
	(636,640,'2013-04-10 00:00:00'),
	(637,431,'2013-09-29 00:00:00'),
	(639,145,'2007-11-20 00:00:00'),
	(639,187,'1998-07-19 00:00:00'),
	(641,539,'2002-05-01 00:00:00'),
	(643,251,'2007-10-02 00:00:00'),
	(644,599,'2017-08-02 00:00:00'),
	(645,280,'2006-08-25 00:00:00'),
	(646,609,'2006-02-24 00:00:00'),
	(648,103,'2013-07-15 00:00:00'),
	(648,433,'2002-07-31 00:00:00'),
	(653,954,'2002-11-22 00:00:00'),
	(654,593,'2010-07-06 00:00:00'),
	(655,617,'2006-02-05 00:00:00'),
	(655,629,'2008-01-19 00:00:00'),
	(657,78,'2003-11-04 00:00:00'),
	(659,505,'2000-04-08 00:00:00'),
	(659,982,'2010-05-18 00:00:00'),
	(660,224,'2008-05-09 00:00:00'),
	(661,28,'2018-12-10 00:00:00'),
	(661,209,'1999-07-27 00:00:00'),
	(661,398,'2013-12-12 00:00:00'),
	(662,130,'2018-05-26 00:00:00'),
	(663,877,'2009-11-26 00:00:00'),
	(665,623,'2012-01-01 00:00:00'),
	(669,460,'2011-05-17 00:00:00'),
	(670,261,'2013-03-02 00:00:00'),
	(671,253,'2006-01-18 00:00:00'),
	(671,480,'2015-08-27 00:00:00'),
	(675,776,'2005-12-06 00:00:00'),
	(675,778,'2009-05-28 00:00:00'),
	(676,850,'2016-12-19 00:00:00'),
	(677,358,'2008-12-12 00:00:00'),
	(678,113,'2010-01-09 00:00:00'),
	(679,270,'2011-02-05 00:00:00'),
	(679,277,'2007-07-22 00:00:00'),
	(681,70,'2006-01-24 00:00:00'),
	(682,190,'1998-07-09 00:00:00'),
	(683,253,'2000-08-07 00:00:00'),
	(684,179,'2003-02-20 00:00:00'),
	(685,952,'2006-06-26 00:00:00'),
	(686,838,'2004-05-12 00:00:00'),
	(687,142,'2013-02-12 00:00:00'),
	(687,829,'2011-12-11 00:00:00'),
	(687,997,'2010-03-22 00:00:00'),
	(688,77,'2004-09-29 00:00:00'),
	(688,328,'2007-04-25 00:00:00'),
	(689,141,'2008-09-17 00:00:00'),
	(691,284,'1999-10-15 00:00:00'),
	(692,27,'2015-10-08 00:00:00'),
	(692,584,'2004-07-13 00:00:00'),
	(692,840,'2013-02-13 00:00:00'),
	(693,199,'2001-12-10 00:00:00'),
	(694,30,'2009-07-06 00:00:00'),
	(694,201,'2011-02-12 00:00:00'),
	(694,744,'2008-10-15 00:00:00'),
	(697,917,'2010-09-20 00:00:00'),
	(698,769,'2006-09-23 00:00:00'),
	(698,827,'2005-01-19 00:00:00'),
	(699,935,'2014-04-07 00:00:00'),
	(702,198,'2004-04-26 00:00:00'),
	(702,952,'2015-10-01 00:00:00'),
	(705,668,'2002-08-11 00:00:00'),
	(705,931,'2003-08-10 00:00:00'),
	(707,485,'2002-08-13 00:00:00'),
	(708,712,'2002-11-15 00:00:00'),
	(709,2,'2005-11-01 00:00:00'),
	(710,863,'2015-02-10 00:00:00'),
	(711,618,'2011-05-08 00:00:00'),
	(714,727,'2018-07-04 00:00:00'),
	(715,411,'2007-10-09 00:00:00'),
	(715,869,'2010-04-03 00:00:00'),
	(718,331,'2018-01-18 00:00:00'),
	(718,402,'2011-05-26 00:00:00'),
	(720,457,'2010-10-13 00:00:00'),
	(720,984,'2006-11-20 00:00:00'),
	(722,142,'2014-08-23 00:00:00'),
	(722,969,'2017-04-30 00:00:00'),
	(724,599,'2010-08-04 00:00:00'),
	(724,622,'2013-03-02 00:00:00'),
	(728,60,'2000-11-14 00:00:00'),
	(730,266,'1999-06-18 00:00:00'),
	(731,781,'2015-08-07 00:00:00'),
	(732,162,'2018-05-18 00:00:00'),
	(733,67,'2018-10-28 00:00:00'),
	(734,657,'2003-01-22 00:00:00'),
	(735,420,'1998-05-31 00:00:00'),
	(737,233,'2012-02-02 00:00:00'),
	(737,617,'2004-06-02 00:00:00'),
	(739,658,'2013-06-26 00:00:00'),
	(740,152,'2006-09-13 00:00:00'),
	(741,267,'2012-02-20 00:00:00'),
	(741,975,'2017-07-25 00:00:00'),
	(742,568,'2002-10-07 00:00:00'),
	(743,79,'2007-09-20 00:00:00'),
	(743,440,'2011-11-19 00:00:00'),
	(743,646,'2014-07-25 00:00:00'),
	(746,157,'2009-08-04 00:00:00'),
	(748,533,'2001-03-09 00:00:00'),
	(751,163,'2013-09-24 00:00:00'),
	(751,174,'2008-06-22 00:00:00'),
	(751,758,'2006-10-16 00:00:00'),
	(752,815,'2015-08-27 00:00:00'),
	(753,91,'2004-03-16 00:00:00'),
	(753,178,'2017-08-22 00:00:00'),
	(753,751,'2007-11-14 00:00:00'),
	(753,907,'2005-02-20 00:00:00'),
	(754,447,'2006-11-25 00:00:00'),
	(755,605,'2011-04-03 00:00:00'),
	(756,311,'2016-10-15 00:00:00'),
	(756,394,'2003-01-31 00:00:00'),
	(756,528,'2015-06-18 00:00:00'),
	(757,628,'2018-04-14 00:00:00'),
	(760,276,'2014-08-19 00:00:00'),
	(760,918,'2016-04-09 00:00:00'),
	(760,967,'2003-10-04 00:00:00'),
	(763,230,'2007-06-01 00:00:00'),
	(763,583,'2010-04-21 00:00:00'),
	(764,2,'2002-08-01 00:00:00'),
	(764,641,'2018-04-27 00:00:00'),
	(765,469,'2018-11-13 00:00:00'),
	(766,743,'2013-02-06 00:00:00'),
	(767,923,'2012-12-14 00:00:00'),
	(770,150,'1998-07-21 00:00:00'),
	(771,131,'2015-02-28 00:00:00'),
	(772,913,'2014-02-07 00:00:00'),
	(775,244,'2010-04-07 00:00:00'),
	(778,769,'2001-12-28 00:00:00'),
	(780,993,'2007-11-15 00:00:00'),
	(781,323,'2015-12-23 00:00:00'),
	(782,606,'2014-09-23 00:00:00'),
	(782,948,'2013-07-15 00:00:00'),
	(783,450,'2011-04-25 00:00:00'),
	(783,931,'2017-10-28 00:00:00'),
	(783,979,'2010-12-14 00:00:00'),
	(784,648,'2009-12-03 00:00:00'),
	(784,650,'2017-03-29 00:00:00'),
	(784,946,'2005-07-03 00:00:00'),
	(785,20,'2004-05-29 00:00:00'),
	(785,800,'2001-08-28 00:00:00'),
	(786,81,'2014-07-28 00:00:00'),
	(788,728,'2003-04-15 00:00:00'),
	(791,53,'1998-11-18 00:00:00'),
	(791,649,'2017-01-04 00:00:00'),
	(792,163,'2005-09-02 00:00:00'),
	(793,906,'2010-04-26 00:00:00'),
	(797,238,'2012-10-07 00:00:00'),
	(799,200,'2010-09-15 00:00:00'),
	(800,484,'2010-05-20 00:00:00'),
	(800,708,'2009-11-21 00:00:00'),
	(801,950,'2002-07-05 00:00:00'),
	(803,914,'2009-04-23 00:00:00'),
	(804,956,'2010-11-18 00:00:00'),
	(807,464,'2012-09-16 00:00:00'),
	(808,457,'2011-11-30 00:00:00'),
	(808,629,'2017-03-27 00:00:00'),
	(810,146,'2016-08-21 00:00:00'),
	(812,634,'2003-02-06 00:00:00'),
	(814,907,'2010-01-09 00:00:00'),
	(814,915,'2011-01-10 00:00:00'),
	(818,587,'1998-04-10 00:00:00'),
	(818,656,'2000-01-20 00:00:00'),
	(819,105,'2007-06-05 00:00:00'),
	(820,140,'2006-04-08 00:00:00'),
	(824,339,'2004-02-09 00:00:00'),
	(824,829,'2016-11-05 00:00:00'),
	(824,978,'2018-08-05 00:00:00'),
	(825,877,'2009-06-04 00:00:00'),
	(826,818,'1999-04-17 00:00:00'),
	(827,956,'2003-10-24 00:00:00'),
	(828,944,'2017-12-20 00:00:00'),
	(830,344,'2018-06-02 00:00:00'),
	(830,850,'2007-11-23 00:00:00'),
	(831,507,'1998-10-24 00:00:00'),
	(834,877,'2003-01-20 00:00:00'),
	(835,540,'2001-06-08 00:00:00'),
	(838,788,'2010-05-02 00:00:00'),
	(840,82,'2016-11-22 00:00:00'),
	(840,339,'2016-10-08 00:00:00'),
	(840,813,'2015-08-21 00:00:00'),
	(842,800,'2014-08-16 00:00:00'),
	(843,242,'2009-04-01 00:00:00'),
	(848,849,'2001-09-13 00:00:00'),
	(849,842,'2003-11-26 00:00:00'),
	(851,966,'2005-01-02 00:00:00'),
	(852,738,'2017-09-14 00:00:00'),
	(853,707,'2005-12-06 00:00:00'),
	(856,96,'2014-05-22 00:00:00'),
	(856,512,'2010-09-15 00:00:00'),
	(857,523,'2002-04-02 00:00:00'),
	(858,682,'2008-06-25 00:00:00'),
	(860,170,'2018-02-14 00:00:00'),
	(860,786,'2002-08-02 00:00:00'),
	(863,825,'1999-12-31 00:00:00'),
	(864,327,'2013-02-23 00:00:00'),
	(864,817,'2011-02-05 00:00:00'),
	(865,68,'2014-10-10 00:00:00'),
	(865,280,'2002-10-09 00:00:00'),
	(868,854,'2014-01-07 00:00:00'),
	(869,167,'2012-06-04 00:00:00'),
	(871,367,'2010-01-25 00:00:00'),
	(872,351,'2000-12-11 00:00:00'),
	(874,89,'2018-07-13 00:00:00'),
	(874,824,'2002-11-09 00:00:00'),
	(879,86,'2003-04-17 00:00:00'),
	(886,477,'2004-12-15 00:00:00'),
	(886,725,'2017-07-26 00:00:00'),
	(888,771,'2006-10-24 00:00:00'),
	(891,357,'2014-10-01 00:00:00'),
	(894,315,'2014-12-17 00:00:00'),
	(895,683,'2006-07-01 00:00:00'),
	(897,722,'2007-09-11 00:00:00'),
	(898,483,'2008-08-09 00:00:00'),
	(899,509,'2018-11-03 00:00:00'),
	(901,689,'1999-12-10 00:00:00'),
	(901,866,'2014-11-22 00:00:00'),
	(902,974,'2011-06-10 00:00:00'),
	(905,267,'2006-05-24 00:00:00'),
	(906,26,'2007-12-04 00:00:00'),
	(908,672,'2013-01-13 00:00:00'),
	(908,682,'2011-05-20 00:00:00'),
	(909,85,'2016-03-04 00:00:00'),
	(910,125,'2008-12-06 00:00:00'),
	(911,102,'2017-08-18 00:00:00'),
	(912,908,'2013-09-01 00:00:00'),
	(913,607,'2006-11-15 00:00:00'),
	(914,772,'2016-09-03 00:00:00'),
	(915,616,'2007-12-06 00:00:00'),
	(916,597,'2004-09-28 00:00:00'),
	(916,614,'2011-11-07 00:00:00'),
	(917,850,'2007-07-31 00:00:00'),
	(919,321,'2016-06-19 00:00:00'),
	(919,700,'2001-11-30 00:00:00'),
	(920,378,'2008-05-30 00:00:00'),
	(921,565,'2011-10-19 00:00:00'),
	(923,723,'2014-05-16 00:00:00'),
	(925,461,'2007-04-30 00:00:00'),
	(926,241,'2017-03-03 00:00:00'),
	(926,686,'2004-03-25 00:00:00'),
	(926,759,'2002-05-30 00:00:00'),
	(929,120,'2010-02-24 00:00:00'),
	(932,373,'2008-03-10 00:00:00'),
	(933,34,'2003-04-18 00:00:00'),
	(933,179,'2002-08-03 00:00:00'),
	(933,993,'2014-07-23 00:00:00'),
	(934,382,'1999-06-13 00:00:00'),
	(934,786,'2013-06-18 00:00:00'),
	(935,834,'2015-08-15 00:00:00'),
	(936,384,'2006-10-15 00:00:00'),
	(938,293,'2007-05-04 00:00:00'),
	(938,797,'2007-12-31 00:00:00'),
	(938,921,'2007-02-22 00:00:00'),
	(940,632,'2005-01-22 00:00:00'),
	(941,42,'1998-07-31 00:00:00'),
	(945,94,'2016-09-12 00:00:00'),
	(945,387,'2016-03-28 00:00:00'),
	(945,554,'2003-05-12 00:00:00'),
	(946,68,'2006-03-17 00:00:00'),
	(947,962,'2012-10-18 00:00:00'),
	(949,347,'2017-05-08 00:00:00'),
	(950,495,'2005-05-25 00:00:00'),
	(951,687,'2018-06-09 00:00:00'),
	(952,864,'2014-08-28 00:00:00'),
	(953,48,'2002-11-01 00:00:00'),
	(953,435,'2001-02-14 00:00:00'),
	(956,126,'2004-10-07 00:00:00'),
	(956,448,'2007-01-08 00:00:00'),
	(957,804,'2000-07-21 00:00:00'),
	(958,558,'2005-01-16 00:00:00'),
	(960,978,'2002-07-25 00:00:00'),
	(963,957,'2002-12-12 00:00:00'),
	(964,754,'2014-03-25 00:00:00'),
	(964,921,'1998-11-10 00:00:00'),
	(967,159,'2018-02-06 00:00:00'),
	(967,529,'2011-02-17 00:00:00'),
	(970,350,'2016-09-19 00:00:00'),
	(972,520,'2010-12-24 00:00:00'),
	(973,91,'2012-11-12 00:00:00'),
	(974,426,'2011-08-07 00:00:00'),
	(977,435,'2008-06-12 00:00:00'),
	(978,234,'2002-09-20 00:00:00'),
	(979,825,'2001-06-02 00:00:00'),
	(980,798,'2007-05-11 00:00:00'),
	(981,87,'2011-08-11 00:00:00'),
	(981,931,'2018-07-23 00:00:00'),
	(985,617,'2000-06-01 00:00:00'),
	(985,763,'2007-06-17 00:00:00'),
	(986,94,'2011-05-27 00:00:00'),
	(987,738,'2006-08-11 00:00:00'),
	(988,552,'2010-11-13 00:00:00'),
	(990,486,'1999-10-30 00:00:00'),
	(991,474,'2014-10-03 00:00:00'),
	(991,804,'2009-01-07 00:00:00'),
	(995,111,'2014-01-03 00:00:00'),
	(995,160,'2002-01-08 00:00:00'),
	(995,365,'2017-03-21 00:00:00'),
	(1000,773,'2008-11-02 00:00:00');

/*!40000 ALTER TABLE `HotelInkeeper` ENABLE KEYS */;
UNLOCK TABLES;


# Dump of table HotelRoomBed
# ------------------------------------------------------------

DROP TABLE IF EXISTS `HotelRoomBed`;

CREATE TABLE `HotelRoomBed` (
  `HotelRoomId` int(11) unsigned NOT NULL,
  `BedId` int(11) unsigned NOT NULL,
  `NumOfEach` int(10) unsigned DEFAULT '0',
  PRIMARY KEY (`HotelRoomId`,`BedId`),
  KEY `BedId` (`BedId`),
  KEY `HotelRoomId` (`HotelRoomId`),
  CONSTRAINT `hotelroombed_ibfk_1` FOREIGN KEY (`BedId`) REFERENCES `Beds` (`Id`),
  CONSTRAINT `hotelroombed_ibfk_2` FOREIGN KEY (`HotelRoomId`) REFERENCES `hotelrooms` (`Id`)
) ENGINE=InnoDB DEFAULT CHARSET=utf8;

LOCK TABLES `HotelRoomBed` WRITE;
/*!40000 ALTER TABLE `HotelRoomBed` DISABLE KEYS */;

INSERT INTO `HotelRoomBed` (`HotelRoomId`, `BedId`, `NumOfEach`)
VALUES
	(1,1,3),
	(2,3,4),
	(7,2,3),
	(9,1,3),
	(9,3,1),
	(10,4,1),
	(13,1,1),
	(13,2,1),
	(15,4,4),
	(15,5,1),
	(18,1,3),
	(19,1,1),
	(19,3,3),
	(20,1,2),
	(20,5,3),
	(22,4,2),
	(22,5,3),
	(24,2,4),
	(26,1,3),
	(26,5,1),
	(27,1,2),
	(27,4,2),
	(28,4,4),
	(29,1,1),
	(29,4,3),
	(29,5,3),
	(32,3,3),
	(32,5,4),
	(35,3,3),
	(36,5,1),
	(37,1,3),
	(37,5,3),
	(38,4,4),
	(41,1,4),
	(41,5,4),
	(42,2,1),
	(43,4,1),
	(44,2,4),
	(44,4,4),
	(45,1,1),
	(47,3,1),
	(48,2,4),
	(49,1,1),
	(50,4,3),
	(51,4,4),
	(51,5,1),
	(52,1,2),
	(52,4,4),
	(53,2,4),
	(53,5,2),
	(54,2,3),
	(56,5,1),
	(57,4,2),
	(59,2,3),
	(62,3,1),
	(63,5,2),
	(64,1,2),
	(64,2,4),
	(65,3,4),
	(66,4,4),
	(66,5,4),
	(67,5,4),
	(68,5,3),
	(69,1,2),
	(71,1,1),
	(71,3,3),
	(71,4,2),
	(76,1,1),
	(77,5,4),
	(78,2,4),
	(81,5,1),
	(84,1,4),
	(84,4,3),
	(84,5,3),
	(85,2,2),
	(86,1,4),
	(87,2,3),
	(87,5,4),
	(91,3,2),
	(91,4,3),
	(92,5,2),
	(94,1,4),
	(95,2,1),
	(95,3,4),
	(96,4,3),
	(98,1,2),
	(101,5,4),
	(103,4,4),
	(104,1,2),
	(104,2,3),
	(104,4,1),
	(107,5,4),
	(109,1,4),
	(110,1,1),
	(110,4,3),
	(110,5,2),
	(111,2,4),
	(111,5,3),
	(112,1,4),
	(113,4,3),
	(114,4,2),
	(116,5,1),
	(117,2,1),
	(118,1,2),
	(118,3,3),
	(119,3,1),
	(119,4,1),
	(121,2,2),
	(123,1,3),
	(123,4,1),
	(125,4,2),
	(126,2,4),
	(130,1,1),
	(131,1,1),
	(133,1,4),
	(133,5,1),
	(134,5,2),
	(137,1,1),
	(137,5,3),
	(138,3,2),
	(138,5,4),
	(140,1,1),
	(140,5,4),
	(141,4,3),
	(141,5,4),
	(142,1,2),
	(143,2,4),
	(144,3,1),
	(145,1,2),
	(145,5,3),
	(146,1,2),
	(148,3,3),
	(148,5,4),
	(151,3,1),
	(151,4,4),
	(152,3,2),
	(154,2,4),
	(157,1,4),
	(158,3,3),
	(158,4,4),
	(159,3,2),
	(159,5,2),
	(163,1,2),
	(163,2,2),
	(163,4,2),
	(166,3,1),
	(168,4,4),
	(170,1,2),
	(172,5,2),
	(173,5,3),
	(174,1,4),
	(175,5,1),
	(177,3,1),
	(179,4,4),
	(179,5,1),
	(181,3,2),
	(181,4,4),
	(185,1,2),
	(185,4,1),
	(186,4,3),
	(188,4,2),
	(191,1,4),
	(193,2,3),
	(194,1,4),
	(195,2,3),
	(197,1,2),
	(198,1,1),
	(198,4,2),
	(199,2,1),
	(200,5,2),
	(202,2,1),
	(203,3,1),
	(205,4,1),
	(210,4,4),
	(211,4,2),
	(212,2,1),
	(212,3,1),
	(214,3,4),
	(214,5,2),
	(215,4,1),
	(215,5,2),
	(218,1,4),
	(218,3,2),
	(218,4,1),
	(218,5,3),
	(219,2,2),
	(220,3,3),
	(220,5,4),
	(222,1,3),
	(224,1,4),
	(224,3,4),
	(226,2,4),
	(226,3,1),
	(228,2,1),
	(231,1,4),
	(231,3,2),
	(232,5,2),
	(234,2,3),
	(234,3,1),
	(234,5,4),
	(237,1,1),
	(237,5,4),
	(238,5,2),
	(239,2,2),
	(240,3,2),
	(243,1,2),
	(244,2,2),
	(244,5,4),
	(245,1,3),
	(246,3,4),
	(247,1,4),
	(247,2,2),
	(247,3,2),
	(248,3,4),
	(249,3,2),
	(250,3,4),
	(251,5,4),
	(252,3,4),
	(255,4,1),
	(257,3,1),
	(258,1,1),
	(258,3,2),
	(258,5,2),
	(260,3,2),
	(262,2,4),
	(262,4,3),
	(263,5,3),
	(264,2,2),
	(264,5,3),
	(266,1,4),
	(267,3,4),
	(267,5,2),
	(268,1,4),
	(268,5,2),
	(269,2,1),
	(270,3,3),
	(273,5,2),
	(274,3,2),
	(275,3,3),
	(277,5,4),
	(279,1,2),
	(281,3,2),
	(282,3,3),
	(282,5,2),
	(283,2,2),
	(284,3,3),
	(285,4,4),
	(288,3,2),
	(292,4,2),
	(294,1,3),
	(295,3,4),
	(296,4,1),
	(297,5,3),
	(299,3,4),
	(301,1,3),
	(301,3,3),
	(302,4,2),
	(303,1,1),
	(303,2,4),
	(304,3,1),
	(304,5,4),
	(305,2,4),
	(306,2,1),
	(306,4,3),
	(308,5,1),
	(309,5,2),
	(311,1,4),
	(311,3,2),
	(314,2,2),
	(315,1,3),
	(316,5,1),
	(320,1,2),
	(322,1,4),
	(323,2,4),
	(323,3,3),
	(324,1,1),
	(325,4,1),
	(326,1,1),
	(326,4,4),
	(328,3,3),
	(328,4,1),
	(329,3,4),
	(329,4,1),
	(331,1,3),
	(331,4,3),
	(332,1,1),
	(332,4,3),
	(333,3,2),
	(333,5,4),
	(334,4,4),
	(335,4,4),
	(336,1,4),
	(339,2,4),
	(341,3,3),
	(342,3,2),
	(343,2,3),
	(343,3,4),
	(344,5,2),
	(345,1,4),
	(346,1,2),
	(346,3,4),
	(346,4,1),
	(347,5,2),
	(350,3,3),
	(350,4,4),
	(351,2,1),
	(352,1,4),
	(352,2,2),
	(353,4,2),
	(354,2,1),
	(354,5,1),
	(356,2,2),
	(356,4,4),
	(359,2,4),
	(361,2,3),
	(362,2,3),
	(362,4,3),
	(364,1,4),
	(364,2,1),
	(365,2,1),
	(368,1,3),
	(368,3,2),
	(368,4,3),
	(369,2,1),
	(371,4,4),
	(372,5,3),
	(374,2,4),
	(374,3,1),
	(376,5,1),
	(377,3,1),
	(377,4,2),
	(378,1,3),
	(378,4,4),
	(379,2,4),
	(379,4,4),
	(381,5,2),
	(384,2,1),
	(385,4,4),
	(386,3,3),
	(387,1,1),
	(387,3,2),
	(388,1,1),
	(388,2,2),
	(388,4,1),
	(389,1,4),
	(389,3,4),
	(390,2,3),
	(391,2,3),
	(391,3,4),
	(393,3,1),
	(395,1,2),
	(395,2,4),
	(396,4,4),
	(397,2,4),
	(398,4,2),
	(398,5,3),
	(400,1,3),
	(400,2,3),
	(400,4,2),
	(401,1,3),
	(403,4,4),
	(406,5,3),
	(407,3,2),
	(407,4,3),
	(409,2,1),
	(409,5,1),
	(410,5,1),
	(411,3,4),
	(413,3,3),
	(414,3,4),
	(414,5,4),
	(415,1,2),
	(416,4,3),
	(417,1,4),
	(417,2,1),
	(418,5,4),
	(419,1,3),
	(419,4,3),
	(421,1,3),
	(423,5,4),
	(426,1,4),
	(426,3,4),
	(426,4,4),
	(428,4,1),
	(429,2,3),
	(430,1,3),
	(430,3,2),
	(430,5,2),
	(433,1,3),
	(434,4,3),
	(435,2,3),
	(436,3,4),
	(436,4,4),
	(436,5,4),
	(437,1,2),
	(437,3,4),
	(438,2,2),
	(439,1,1),
	(442,4,4),
	(445,4,3),
	(446,2,4),
	(447,2,1),
	(447,3,4),
	(449,2,2),
	(453,1,2),
	(458,1,2),
	(458,2,2),
	(461,4,2),
	(462,2,1),
	(463,3,2),
	(464,1,2),
	(464,2,2),
	(466,3,1),
	(466,4,4),
	(469,1,2),
	(469,5,3),
	(472,5,4),
	(473,3,1),
	(475,3,2),
	(477,2,1),
	(477,3,1),
	(478,3,2),
	(479,3,2),
	(482,4,4),
	(483,2,3),
	(483,5,2),
	(484,4,3),
	(485,2,3),
	(486,2,1),
	(487,1,2),
	(488,5,4),
	(489,2,4),
	(491,3,2),
	(493,5,1),
	(494,2,2),
	(495,3,1),
	(495,5,4),
	(498,2,3),
	(498,4,3),
	(499,1,1),
	(499,2,3),
	(500,3,2),
	(501,3,2),
	(501,4,2),
	(502,5,2),
	(505,1,1),
	(505,4,1),
	(507,1,3),
	(507,2,3),
	(507,4,1),
	(508,5,2),
	(509,3,3),
	(512,4,3),
	(512,5,1),
	(513,3,1),
	(515,4,1),
	(517,5,2),
	(519,3,2),
	(520,1,2),
	(521,3,4),
	(522,2,2),
	(522,5,3),
	(523,2,4),
	(524,1,1),
	(524,3,4),
	(525,2,2),
	(527,3,1),
	(528,4,3),
	(529,2,2),
	(531,1,1),
	(532,5,1),
	(533,4,1),
	(535,2,1),
	(535,3,1),
	(535,4,1),
	(536,5,3),
	(537,1,3),
	(537,3,3),
	(537,4,2),
	(538,3,2),
	(539,5,2),
	(540,4,1),
	(541,1,2),
	(542,2,2),
	(545,5,1),
	(547,3,4),
	(548,5,4),
	(551,4,4),
	(556,2,1),
	(556,3,3),
	(557,1,1),
	(558,1,4),
	(558,2,4),
	(558,3,4),
	(558,5,1),
	(560,3,4),
	(560,4,4),
	(563,5,1),
	(564,3,4),
	(564,4,3),
	(565,4,2),
	(566,4,1),
	(569,1,3),
	(571,4,4),
	(574,5,1),
	(575,3,2),
	(576,5,3),
	(578,4,2),
	(578,5,1),
	(579,1,1),
	(580,1,4),
	(583,1,4),
	(585,1,2),
	(585,2,4),
	(586,4,3),
	(591,2,1),
	(592,4,1),
	(594,1,2),
	(594,2,1),
	(595,4,3),
	(596,1,3),
	(602,2,3),
	(602,5,1),
	(604,1,3),
	(604,3,2),
	(605,4,1),
	(605,5,3),
	(606,4,4),
	(607,4,4),
	(608,3,1),
	(611,4,3),
	(611,5,3),
	(612,2,4),
	(613,1,1),
	(613,4,1),
	(614,4,4),
	(614,5,3),
	(615,5,1),
	(616,4,4),
	(616,5,3),
	(617,1,4),
	(621,3,1),
	(621,5,1),
	(622,1,3),
	(622,3,3),
	(624,1,3),
	(624,2,1),
	(625,5,3),
	(627,2,3),
	(629,5,4),
	(630,1,3),
	(630,2,4),
	(631,4,3),
	(632,2,3),
	(632,5,2),
	(633,1,3),
	(635,4,1),
	(636,3,3),
	(637,1,1),
	(637,2,2),
	(638,2,1),
	(638,5,1),
	(639,1,1),
	(639,2,4),
	(640,2,1),
	(642,4,3),
	(644,4,3),
	(645,5,4),
	(648,2,2),
	(649,2,1),
	(649,3,4),
	(650,2,3),
	(653,2,2),
	(655,1,3),
	(655,4,2),
	(656,4,2),
	(659,5,1),
	(660,5,1),
	(661,1,1),
	(662,3,4),
	(663,4,2),
	(663,5,2),
	(664,1,2),
	(664,3,2),
	(665,1,1),
	(666,2,1),
	(666,5,4),
	(667,3,4),
	(668,3,3),
	(669,2,4),
	(669,3,1),
	(671,5,3),
	(673,5,1),
	(674,5,3),
	(676,2,1),
	(676,4,4),
	(678,2,1),
	(679,3,4),
	(679,4,3),
	(680,2,2),
	(680,3,1),
	(681,2,3),
	(683,1,4),
	(683,2,2),
	(683,3,2),
	(683,4,2),
	(686,3,4),
	(686,4,4),
	(687,2,4),
	(687,3,2),
	(687,4,4),
	(687,5,3),
	(688,1,2),
	(688,5,3),
	(689,1,1),
	(691,3,4),
	(691,5,3),
	(692,2,3),
	(694,4,1),
	(694,5,3),
	(695,2,2),
	(695,3,1),
	(697,2,4),
	(698,2,4),
	(698,4,4),
	(700,2,1),
	(701,1,2),
	(701,2,4),
	(704,3,2),
	(704,4,2),
	(708,4,2),
	(708,5,1),
	(709,4,1),
	(710,1,4),
	(710,2,1),
	(710,3,1),
	(711,3,1),
	(711,4,2),
	(712,3,2),
	(713,4,4),
	(715,3,2),
	(715,5,1),
	(717,2,2),
	(718,2,3),
	(718,4,2),
	(719,2,1),
	(719,3,1),
	(720,2,4),
	(720,5,4),
	(721,2,3),
	(721,5,3),
	(722,4,1),
	(724,3,1),
	(725,3,4),
	(728,4,1),
	(729,3,3),
	(729,4,3),
	(729,5,4),
	(730,1,3),
	(730,2,2),
	(734,1,4),
	(736,4,2),
	(738,3,2),
	(739,5,3),
	(740,2,4),
	(741,1,1),
	(742,1,3),
	(742,5,1),
	(743,2,1),
	(743,3,2),
	(744,1,2),
	(746,4,1),
	(749,1,3),
	(750,1,1),
	(750,2,1),
	(750,5,3),
	(751,3,3),
	(752,2,4),
	(753,1,2),
	(753,3,1),
	(753,5,2),
	(754,2,3),
	(755,4,2),
	(757,1,3),
	(757,5,1),
	(758,4,4),
	(759,4,1),
	(761,4,4),
	(762,2,3),
	(763,1,3),
	(763,4,4),
	(764,1,4),
	(765,1,4),
	(768,2,4),
	(769,2,3),
	(771,2,1),
	(771,3,2),
	(775,4,2),
	(776,3,4),
	(777,1,3),
	(777,5,3),
	(778,3,4),
	(779,3,4),
	(780,3,1),
	(780,5,3),
	(781,1,2),
	(782,3,3),
	(783,1,4),
	(784,4,3),
	(785,5,2),
	(786,1,1),
	(787,2,1),
	(787,5,4),
	(788,1,3),
	(788,4,1),
	(789,3,3),
	(789,5,4),
	(790,1,3),
	(792,3,4),
	(793,2,2),
	(794,1,3),
	(795,3,2),
	(796,5,2),
	(797,5,1),
	(798,1,1),
	(800,2,3),
	(800,3,4),
	(800,4,3),
	(802,4,4),
	(804,4,3),
	(805,1,4),
	(806,5,3),
	(807,2,2),
	(807,3,2),
	(808,4,3),
	(810,2,2),
	(810,3,1),
	(813,3,4),
	(814,1,4),
	(814,2,4),
	(814,3,1),
	(815,1,4),
	(815,3,1),
	(816,5,2),
	(817,5,3),
	(818,2,4),
	(819,5,2),
	(821,4,4),
	(822,3,4),
	(823,4,1),
	(825,5,2),
	(826,4,4),
	(828,2,4),
	(830,2,3),
	(830,5,1),
	(831,2,2),
	(831,5,1),
	(832,2,1),
	(834,3,2),
	(839,4,2),
	(840,4,2),
	(841,1,4),
	(841,2,4),
	(842,4,1),
	(843,2,3),
	(844,4,2),
	(845,2,3),
	(845,4,2),
	(846,3,1),
	(847,2,4),
	(847,3,4),
	(849,2,3),
	(851,1,2),
	(851,2,3),
	(853,1,3),
	(855,5,3),
	(856,3,1),
	(857,5,3),
	(858,1,3),
	(858,3,1),
	(858,4,1),
	(860,3,4),
	(861,1,1),
	(861,2,2),
	(861,4,2),
	(862,2,4),
	(862,5,1),
	(863,4,4),
	(865,3,4),
	(865,5,4),
	(867,1,3),
	(867,3,2),
	(869,4,4),
	(870,1,2),
	(870,3,4),
	(872,1,2),
	(873,2,2),
	(873,3,2),
	(874,1,4),
	(874,2,2),
	(874,5,4),
	(875,4,3),
	(876,2,4),
	(877,2,1),
	(878,3,1),
	(878,4,2),
	(880,1,4),
	(881,4,1),
	(884,5,1),
	(886,4,3),
	(887,1,4),
	(888,2,1),
	(888,4,2),
	(888,5,4),
	(889,2,2),
	(889,5,4),
	(890,3,1),
	(890,5,3),
	(892,3,1),
	(894,5,4),
	(896,2,1),
	(897,5,1),
	(899,3,3),
	(900,3,4),
	(901,1,4),
	(904,3,2),
	(908,3,2),
	(908,4,3),
	(910,1,4),
	(910,3,2),
	(911,2,2),
	(911,3,3),
	(912,2,1),
	(913,2,3),
	(915,3,2),
	(916,3,2),
	(917,1,4),
	(917,4,2),
	(919,3,2),
	(920,1,3),
	(923,4,4),
	(923,5,2),
	(924,2,2),
	(924,3,3),
	(927,4,4),
	(927,5,1),
	(929,2,3),
	(929,3,4),
	(929,4,4),
	(931,1,3),
	(931,4,1),
	(932,5,4),
	(933,4,1),
	(935,3,2),
	(935,4,1),
	(936,5,3),
	(937,1,1),
	(940,1,2),
	(940,2,1),
	(940,3,4),
	(940,4,4),
	(941,5,1),
	(943,2,1),
	(943,4,4),
	(945,2,3),
	(946,2,2),
	(948,1,3),
	(949,1,4),
	(952,1,2),
	(952,2,4),
	(953,2,3),
	(954,3,2),
	(954,4,3),
	(958,4,3),
	(960,3,1),
	(960,5,3),
	(962,2,1),
	(966,2,1),
	(966,5,1),
	(969,3,4),
	(971,1,3),
	(972,5,3),
	(973,3,1),
	(974,2,3),
	(974,3,1),
	(974,5,4),
	(976,2,2),
	(978,4,2),
	(980,1,2),
	(981,3,2),
	(983,1,2),
	(983,4,2),
	(985,2,3),
	(985,3,3),
	(987,3,1),
	(988,2,1),
	(989,2,4),
	(989,5,1),
	(991,3,1),
	(994,4,2),
	(998,3,4),
	(998,4,1),
	(999,1,3),
	(999,4,2);

/*!40000 ALTER TABLE `HotelRoomBed` ENABLE KEYS */;
UNLOCK TABLES;


# Dump of table HotelRoomFeature
# ------------------------------------------------------------

DROP TABLE IF EXISTS `HotelRoomFeature`;

CREATE TABLE `HotelRoomFeature` (
  `HotelRoomId` int(11) unsigned NOT NULL,
  `RoomFeatureId` int(11) unsigned NOT NULL,
  PRIMARY KEY (`HotelRoomId`,`RoomFeatureId`),
  KEY `HotelId` (`HotelRoomId`),
  KEY `RoomFeatureId` (`RoomFeatureId`),
  CONSTRAINT `hotelroomfeature_ibfk_3` FOREIGN KEY (`RoomFeatureId`) REFERENCES `RoomFeatures` (`Id`) ON DELETE NO ACTION ON UPDATE NO ACTION,
  CONSTRAINT `hotelroomfeature_ibfk_4` FOREIGN KEY (`HotelRoomId`) REFERENCES `hotelrooms` (`Id`)
) ENGINE=InnoDB DEFAULT CHARSET=utf8;

LOCK TABLES `HotelRoomFeature` WRITE;
/*!40000 ALTER TABLE `HotelRoomFeature` DISABLE KEYS */;

INSERT INTO `HotelRoomFeature` (`HotelRoomId`, `RoomFeatureId`)
VALUES
	(5,10),
	(6,6),
	(7,13),
	(7,17),
	(8,10),
	(8,11),
	(9,13),
	(9,17),
	(10,10),
	(10,15),
	(11,13),
	(12,15),
	(14,2),
	(14,4),
	(14,10),
	(15,7),
	(16,13),
	(17,12),
	(17,13),
	(18,15),
	(20,2),
	(20,17),
	(22,7),
	(26,1),
	(26,17),
	(27,14),
	(28,14),
	(28,15),
	(31,9),
	(34,16),
	(35,14),
	(36,15),
	(38,9),
	(38,10),
	(39,4),
	(39,13),
	(40,3),
	(40,7),
	(40,11),
	(40,12),
	(41,17),
	(42,12),
	(43,10),
	(44,10),
	(45,11),
	(46,5),
	(46,7),
	(46,14),
	(47,3),
	(47,7),
	(48,10),
	(49,6),
	(49,16),
	(51,14),
	(52,1),
	(54,2),
	(54,13),
	(55,7),
	(56,3),
	(60,7),
	(60,11),
	(60,15),
	(61,4),
	(61,8),
	(62,2),
	(63,13),
	(64,4),
	(64,8),
	(65,3),
	(68,12),
	(69,3),
	(70,6),
	(70,10),
	(70,11),
	(71,1),
	(71,15),
	(74,2),
	(74,8),
	(75,2),
	(75,4),
	(76,4),
	(77,5),
	(77,15),
	(78,2),
	(78,13),
	(80,8),
	(80,10),
	(81,2),
	(82,1),
	(84,6),
	(85,7),
	(85,14),
	(90,10),
	(94,6),
	(94,13),
	(96,1),
	(96,11),
	(97,4),
	(99,3),
	(99,5),
	(99,9),
	(102,8),
	(105,1),
	(105,5),
	(105,6),
	(105,10),
	(106,11),
	(108,11),
	(111,2),
	(111,4),
	(112,6),
	(112,17),
	(114,5),
	(114,8),
	(114,11),
	(115,1),
	(116,15),
	(117,16),
	(118,4),
	(125,6),
	(126,8),
	(127,8),
	(128,7),
	(128,14),
	(130,10),
	(130,16),
	(134,3),
	(135,12),
	(136,2),
	(136,15),
	(137,11),
	(138,12),
	(139,2),
	(139,6),
	(139,12),
	(140,3),
	(140,7),
	(140,15),
	(141,14),
	(142,12),
	(143,5),
	(143,6),
	(143,8),
	(143,16),
	(145,14),
	(148,8),
	(149,10),
	(149,13),
	(151,1),
	(151,17),
	(153,14),
	(155,16),
	(159,7),
	(159,9),
	(160,14),
	(161,11),
	(161,17),
	(162,5),
	(163,15),
	(164,6),
	(166,4),
	(167,10),
	(168,10),
	(168,12),
	(172,11),
	(174,5),
	(175,10),
	(175,15),
	(176,11),
	(178,11),
	(182,14),
	(183,10),
	(185,7),
	(186,5),
	(186,15),
	(187,5),
	(188,15),
	(189,16),
	(192,8),
	(192,11),
	(192,13),
	(193,8),
	(193,16),
	(194,13),
	(195,10),
	(195,17),
	(196,9),
	(197,5),
	(197,8),
	(198,8),
	(198,10),
	(199,11),
	(199,17),
	(201,8),
	(201,14),
	(203,2),
	(204,2),
	(204,8),
	(207,5),
	(208,6),
	(209,2),
	(209,13),
	(210,17),
	(212,14),
	(216,10),
	(217,2),
	(217,13),
	(220,5),
	(220,11),
	(221,1),
	(222,3),
	(224,2),
	(225,3),
	(225,15),
	(229,4),
	(229,6),
	(232,11),
	(233,3),
	(235,7),
	(236,12),
	(237,14),
	(238,3),
	(238,13),
	(238,17),
	(239,12),
	(239,17),
	(240,8),
	(240,17),
	(241,7),
	(242,12),
	(242,14),
	(243,1),
	(244,4),
	(246,5),
	(246,6),
	(247,13),
	(248,9),
	(249,2),
	(249,7),
	(249,17),
	(250,6),
	(250,10),
	(250,14),
	(253,5),
	(254,6),
	(255,3),
	(256,4),
	(257,12),
	(257,14),
	(258,13),
	(259,11),
	(260,14),
	(262,3),
	(263,2),
	(263,11),
	(265,12),
	(267,6),
	(267,15),
	(269,8),
	(271,14),
	(272,4),
	(272,13),
	(275,13),
	(276,5),
	(276,8),
	(277,6),
	(278,4),
	(279,8),
	(281,9),
	(282,1),
	(282,3),
	(283,3),
	(283,7),
	(284,4),
	(285,9),
	(285,14),
	(287,4),
	(287,5),
	(287,12),
	(289,3),
	(291,13),
	(292,3),
	(294,4),
	(295,10),
	(300,8),
	(301,5),
	(301,15),
	(302,15),
	(303,15),
	(305,4),
	(306,4),
	(306,10),
	(307,3),
	(307,9),
	(307,12),
	(309,11),
	(310,6),
	(310,7),
	(313,1),
	(313,15),
	(314,7),
	(316,10),
	(317,11),
	(318,2),
	(319,15),
	(320,15),
	(321,17),
	(323,1),
	(324,15),
	(328,5),
	(329,2),
	(330,8),
	(332,4),
	(333,12),
	(334,5),
	(337,9),
	(338,7),
	(338,8),
	(338,12),
	(339,8),
	(341,6),
	(344,10),
	(345,17),
	(346,9),
	(350,2),
	(351,6),
	(352,4),
	(353,8),
	(353,17),
	(355,6),
	(357,9),
	(358,12),
	(359,6),
	(359,8),
	(359,10),
	(360,7),
	(360,9),
	(362,2),
	(362,16),
	(364,2),
	(364,9),
	(364,15),
	(365,16),
	(366,8),
	(367,15),
	(368,6),
	(369,5),
	(370,11),
	(371,13),
	(372,10),
	(372,17),
	(373,7),
	(374,4),
	(376,5),
	(377,5),
	(377,16),
	(380,2),
	(382,11),
	(382,13),
	(384,14),
	(385,5),
	(385,16),
	(386,11),
	(387,3),
	(387,15),
	(387,17),
	(388,8),
	(391,11),
	(392,11),
	(392,14),
	(393,1),
	(393,10),
	(393,16),
	(394,17),
	(395,3),
	(398,14),
	(401,4),
	(401,8),
	(401,14),
	(403,6),
	(403,8),
	(403,10),
	(403,13),
	(404,1),
	(404,5),
	(407,9),
	(408,14),
	(408,16),
	(410,10),
	(410,14),
	(410,16),
	(412,3),
	(412,8),
	(413,4),
	(414,3),
	(414,6),
	(414,8),
	(415,1),
	(417,11),
	(418,1),
	(419,3),
	(420,9),
	(420,11),
	(421,1),
	(421,6),
	(422,6),
	(424,13),
	(426,16),
	(428,8),
	(429,5),
	(430,17),
	(431,2),
	(431,15),
	(432,2),
	(432,10),
	(432,15),
	(433,10),
	(434,2),
	(434,5),
	(434,17),
	(435,2),
	(435,9),
	(435,14),
	(437,6),
	(438,1),
	(438,3),
	(439,9),
	(439,14),
	(443,14),
	(444,12),
	(444,15),
	(447,4),
	(447,13),
	(448,4),
	(448,11),
	(448,13),
	(449,1),
	(449,7),
	(450,10),
	(450,16),
	(452,4),
	(452,15),
	(453,3),
	(453,13),
	(454,12),
	(455,7),
	(455,9),
	(456,7),
	(456,14),
	(458,12),
	(459,7),
	(459,10),
	(460,7),
	(460,15),
	(463,2),
	(464,2),
	(464,4),
	(464,8),
	(464,11),
	(464,14),
	(465,7),
	(466,5),
	(468,1),
	(468,15),
	(468,16),
	(469,6),
	(470,2),
	(471,17),
	(473,3),
	(474,15),
	(475,15),
	(477,1),
	(478,11),
	(479,2),
	(479,13),
	(481,8),
	(481,10),
	(482,4),
	(483,4),
	(483,6),
	(483,16),
	(485,8),
	(485,9),
	(487,4),
	(488,2),
	(491,16),
	(494,4),
	(494,15),
	(496,9),
	(496,10),
	(498,7),
	(500,7),
	(501,5),
	(501,8),
	(501,11),
	(502,9),
	(505,4),
	(505,12),
	(505,17),
	(506,8),
	(508,13),
	(508,17),
	(509,4),
	(509,5),
	(511,3),
	(511,6),
	(511,7),
	(511,10),
	(512,12),
	(513,7),
	(514,1),
	(515,5),
	(515,7),
	(515,15),
	(517,4),
	(519,1),
	(519,3),
	(519,16),
	(520,16),
	(524,16),
	(525,1),
	(526,3),
	(526,10),
	(527,17),
	(528,13),
	(529,15),
	(530,1),
	(530,12),
	(531,11),
	(532,17),
	(535,4),
	(536,16),
	(536,17),
	(538,6),
	(538,17),
	(541,15),
	(544,7),
	(545,1),
	(545,8),
	(547,16),
	(548,5),
	(548,17),
	(549,4),
	(550,11),
	(551,6),
	(551,10),
	(552,10),
	(552,13),
	(553,5),
	(553,11),
	(553,13),
	(553,14),
	(553,17),
	(555,4),
	(555,6),
	(556,4),
	(558,1),
	(558,4),
	(558,5),
	(560,2),
	(563,15),
	(563,16),
	(567,5),
	(567,16),
	(568,7),
	(568,10),
	(568,16),
	(575,7),
	(575,16),
	(576,6),
	(578,15),
	(579,12),
	(580,11),
	(582,10),
	(583,10),
	(586,13),
	(587,14),
	(588,10),
	(588,15),
	(597,2),
	(600,14),
	(603,8),
	(603,9),
	(605,12),
	(606,4),
	(607,5),
	(607,14),
	(608,8),
	(608,11),
	(609,2),
	(612,13),
	(614,9),
	(614,15),
	(615,8),
	(617,1),
	(617,4),
	(617,15),
	(618,13),
	(619,4),
	(619,12),
	(620,5),
	(620,10),
	(620,12),
	(621,12),
	(621,17),
	(622,4),
	(625,2),
	(625,3),
	(626,3),
	(626,11),
	(627,16),
	(628,2),
	(628,14),
	(629,15),
	(631,6),
	(632,1),
	(632,4),
	(633,1),
	(633,14),
	(633,15),
	(634,13),
	(634,15),
	(635,4),
	(636,2),
	(636,8),
	(636,15),
	(637,9),
	(638,1),
	(639,4),
	(639,14),
	(639,15),
	(640,6),
	(640,10),
	(640,12),
	(640,15),
	(643,4),
	(645,5),
	(645,12),
	(646,13),
	(647,15),
	(647,16),
	(648,9),
	(650,13),
	(651,1),
	(651,14),
	(652,4),
	(653,16),
	(654,3),
	(654,5),
	(654,13),
	(657,12),
	(658,10),
	(661,15),
	(663,10),
	(664,8),
	(665,4),
	(666,4),
	(666,10),
	(666,11),
	(668,12),
	(670,5),
	(670,10),
	(670,13),
	(671,2),
	(672,3),
	(672,9),
	(673,15),
	(675,5),
	(675,8),
	(676,6),
	(676,11),
	(677,1),
	(677,16),
	(679,2),
	(679,6),
	(680,6),
	(680,8),
	(680,13),
	(681,5),
	(682,4),
	(682,7),
	(683,17),
	(687,8),
	(689,11),
	(689,15),
	(690,14),
	(691,11),
	(691,13),
	(691,14),
	(692,6),
	(692,13),
	(693,7),
	(695,16),
	(696,5),
	(697,5),
	(698,7),
	(699,1),
	(700,5),
	(701,14),
	(701,15),
	(703,9),
	(705,10),
	(708,11),
	(709,2),
	(710,1),
	(711,3),
	(711,5),
	(711,14),
	(712,10),
	(713,4),
	(714,2),
	(714,16),
	(715,5),
	(715,15),
	(716,1),
	(716,4),
	(716,8),
	(717,8),
	(720,5),
	(721,1),
	(722,12),
	(723,7),
	(725,3),
	(726,5),
	(727,5),
	(727,11),
	(728,13),
	(729,12),
	(730,1),
	(730,10),
	(731,8),
	(731,11),
	(731,14),
	(732,13),
	(734,10),
	(734,15),
	(734,17),
	(735,8),
	(736,3),
	(737,12),
	(739,2),
	(739,4),
	(739,8),
	(741,5),
	(742,2),
	(742,5),
	(742,16),
	(743,2),
	(743,3),
	(743,4),
	(744,5),
	(744,16),
	(745,14),
	(745,15),
	(746,2),
	(746,13),
	(748,1),
	(749,6),
	(752,3),
	(752,4),
	(753,5),
	(756,17),
	(757,12),
	(758,7),
	(758,12),
	(758,16),
	(760,12),
	(761,8),
	(762,3),
	(764,1),
	(764,10),
	(764,14),
	(765,6),
	(767,7),
	(767,10),
	(770,5),
	(772,5),
	(773,2),
	(777,6),
	(778,12),
	(779,1),
	(779,5),
	(780,7),
	(782,7),
	(783,9),
	(784,3),
	(784,4),
	(786,2),
	(787,7),
	(787,11),
	(788,11),
	(788,16),
	(789,7),
	(789,16),
	(790,2),
	(790,9),
	(790,14),
	(791,12),
	(792,5),
	(792,6),
	(792,14),
	(795,6),
	(798,8),
	(799,13),
	(800,4),
	(800,7),
	(800,16),
	(801,17),
	(804,9),
	(805,16),
	(807,6),
	(808,14),
	(812,1),
	(812,14),
	(815,3),
	(815,14),
	(822,8),
	(823,12),
	(824,16),
	(825,3),
	(829,2),
	(829,16),
	(830,10),
	(831,2),
	(833,10),
	(833,12),
	(833,15),
	(837,10),
	(837,14),
	(838,15),
	(839,10),
	(841,17),
	(843,1),
	(845,14),
	(847,15),
	(849,2),
	(849,5),
	(849,15),
	(851,6),
	(851,13),
	(853,10),
	(853,14),
	(853,17),
	(854,2),
	(854,12),
	(857,15),
	(859,9),
	(859,17),
	(861,13),
	(862,10),
	(862,16),
	(863,15),
	(864,11),
	(866,9),
	(866,13),
	(867,14),
	(868,13),
	(870,3),
	(870,7),
	(871,5),
	(873,12),
	(874,3),
	(874,9),
	(874,15),
	(876,12),
	(877,14),
	(879,10),
	(879,13),
	(880,8),
	(882,6),
	(882,9),
	(884,12),
	(885,7),
	(886,3),
	(887,3),
	(887,9),
	(888,17),
	(890,1),
	(890,15),
	(894,8),
	(895,3),
	(896,14),
	(897,5),
	(898,3),
	(898,14),
	(900,8),
	(901,14),
	(904,11),
	(904,14),
	(906,6),
	(907,3),
	(908,3),
	(908,16),
	(911,9),
	(912,12),
	(913,10),
	(914,3),
	(914,6),
	(914,8),
	(914,13),
	(916,12),
	(917,17),
	(919,4),
	(920,4),
	(920,15),
	(923,16),
	(924,1),
	(924,11),
	(924,14),
	(924,17),
	(925,17),
	(926,4),
	(930,15),
	(932,6),
	(933,8),
	(933,16),
	(935,14),
	(936,4),
	(936,9),
	(936,13),
	(939,11),
	(942,2),
	(944,3),
	(944,8),
	(945,12),
	(946,5),
	(947,5),
	(948,5),
	(948,13),
	(949,8),
	(950,11),
	(951,11),
	(952,10),
	(955,4),
	(958,8),
	(960,10),
	(961,3),
	(962,9),
	(962,15),
	(962,16),
	(963,11),
	(965,2),
	(966,5),
	(967,8),
	(967,15),
	(969,1),
	(970,8),
	(970,15),
	(973,10),
	(974,9),
	(977,6),
	(977,12),
	(978,11),
	(981,4),
	(981,10),
	(982,7),
	(982,15),
	(983,2),
	(983,14),
	(985,1),
	(987,7),
	(987,10),
	(989,7),
	(989,14),
	(989,16),
	(991,3),
	(994,2),
	(994,10),
	(996,6),
	(996,13),
	(1000,2),
	(1000,6),
	(1000,17);

/*!40000 ALTER TABLE `HotelRoomFeature` ENABLE KEYS */;
UNLOCK TABLES;


# Dump of table HotelRooms
# ------------------------------------------------------------

DROP TABLE IF EXISTS `HotelRooms`;

CREATE TABLE `HotelRooms` (
  `Id` int(11) unsigned NOT NULL AUTO_INCREMENT,
  `Uid` char(36) NOT NULL DEFAULT '',
  `Name` varchar(128) NOT NULL,
  `NumOfRooms` int(11) unsigned NOT NULL,
  `CostPerNight` decimal(10,0) unsigned NOT NULL,
  `HotelId` int(11) unsigned NOT NULL,
  PRIMARY KEY (`Id`),
  UNIQUE KEY `Uid` (`Uid`),
  KEY `HotelId` (`HotelId`),
  CONSTRAINT `hotelrooms_ibfk_1` FOREIGN KEY (`HotelId`) REFERENCES `hotels` (`Id`)
) ENGINE=InnoDB DEFAULT CHARSET=utf8;

LOCK TABLES `HotelRooms` WRITE;
/*!40000 ALTER TABLE `HotelRooms` DISABLE KEYS */;

INSERT INTO `HotelRooms` (`Id`, `Uid`, `Name`, `NumOfRooms`, `CostPerNight`, `HotelId`)
VALUES
	(1,'5f647234-b8d7-4202-b16c-283a7320c10e','Yuquilla',60,246,5),
	(2,'fa26f79f-44f7-4605-bcbe-301658093fe7','Spiderling',40,55,3),
	(3,'b2cd7568-e219-4713-9169-55851e923d15','Sandwort',60,133,1),
	(4,'fbdf2caf-f757-4b05-83cc-72f199b8aa0e','Newberry\'s Cinquefoil',20,80,5),
	(5,'de99dc62-9888-4c10-802e-00f0e57b409d','Neese\'s Blue Mountain Beardtongue',60,120,5),
	(6,'31647163-bc02-4a22-afb6-cf0cd483cd55','Shortawn Foxtail',40,279,3),
	(7,'f6f32831-8fae-45e3-8c7d-887474059915','Mallotus',20,250,2),
	(8,'895704e0-693d-4d2f-ac9e-a8eaf5cbc042','Fourangle Flatsedge',20,269,1),
	(9,'cb72e453-c64e-4c33-a083-7ce5327e6396','Illinois Flatsedge',40,184,1),
	(10,'5bb9a9e9-2e21-4fb2-bce3-206eb2a3c4c7','Spreading Beaksedge',60,296,5),
	(11,'12865aaf-4ed3-45dc-8230-73cc7f0cab3e','Hybrid Violet',20,122,1),
	(12,'e0a000e1-cea3-4948-a697-6b3963472b0a','Crawford\'s Sedge',20,261,3),
	(13,'9116bf37-f09b-4842-b242-3b3380ff2f0d','Dainty Gilia',40,173,5),
	(14,'2abca58f-72dd-450a-a1b4-ff3491494635','Cheeseweed Mallow',40,119,2),
	(15,'acba28f5-490d-409d-85a8-f3e953037be5','Creeping Peanut',20,115,5),
	(16,'ccbe4473-f478-4ef7-bd1f-46a4cfd610fe','Schweinitz\'s Sunflower',60,127,2),
	(17,'7406ffe3-1b2e-42df-9359-1c9a260153ea','Short\'s Spreading Chervil',40,141,4),
	(18,'326e5f2e-c297-41cc-b522-a9a5a0d56e2f','Narrowleaf Water Plantain',40,233,3),
	(19,'85801de6-25da-48c6-891d-82e755f80f31','Heller\'s Rosette Grass',60,236,3),
	(20,'c7889af1-fa57-4e1e-8090-1d86083e75ec','Mackenzie River Dwarf-primrose',40,225,2),
	(21,'fc7f12ca-5bc7-4eec-b0d6-3468c30069c1','Bigleaf Mistletoe',20,80,1),
	(22,'cac7a9af-74ca-4d46-84db-742bcf83dd51','Orange Lichen',20,127,4),
	(23,'e0ed1e22-d33f-4001-bf06-3db5d78f3a19','Hammock Velvetseed',60,184,2),
	(24,'7865ec98-fb6c-4016-a644-0570c9229993','Tall False Foxglove',40,158,2),
	(25,'72470fea-81d8-4bf8-a879-47296e57338b','Douglas\' Mesamint',40,154,1),
	(26,'c1dc897d-bda6-473b-86e9-f042cd5e6763','Marsh Rose Gentian',60,213,2),
	(27,'4d3fd59c-ad0b-40fe-aaa7-631926c78d9d','Rimmed Lichen',60,177,1),
	(28,'1a5d2b9c-30d5-4910-a116-d1142cb86a4e','Cottonseed',20,121,2),
	(29,'76c0a057-1cb0-4da3-b819-b8bdce2163fe','Cheakyberry',40,195,3),
	(30,'cad482f8-3915-4552-a992-6d3bba5b3830','Schaack\'s Barley',40,263,5),
	(31,'5820e1db-3cd4-4b1c-95b8-117826c910dc','Thymeleaf Saxifrage',60,65,1),
	(32,'c1bfc300-6e61-4894-a564-599185201385','California Spikenard',20,167,3),
	(33,'738e0274-d67b-4eb6-9560-4f1905dcbe64','Bluehearts',60,197,4),
	(34,'b6952730-8eca-40fa-98a8-ad10b1bf0014','Fecund Schadonia Lichen',20,57,5),
	(35,'3d355312-5b3f-4157-a83f-cd5464994f33','Wailua River Yellow Loosestrife',20,115,1),
	(36,'d5f6b09c-5ddc-4400-a574-1db93dec8ce8','Western Trailing Ticktrefoil',60,199,3),
	(37,'49406945-be86-447b-b5ed-ae9b4c49a992','Prostrate Blue Violet',20,216,4),
	(38,'620c8204-b077-4d64-9807-5bdcb864e42b','Riverbank Wildrye',40,170,5),
	(39,'8dd8a112-5f8d-458f-8c9b-4b4bec05d2a1','Shield Lichen',60,251,5),
	(40,'836b65ee-44c0-4038-84b9-f5e46720c98b','Emory\'s Milkvetch',60,101,3),
	(41,'8a65a316-591c-44b9-b6bb-fbfa5114016f','Egyptian Carissa',40,261,5),
	(42,'c7ffeb4c-c5c5-4374-a13e-e2d25fa28aa6','Scaly Swordfern',20,261,2),
	(43,'10beefca-f956-4485-b845-37af756c9443','Dallas Hawthorn',40,213,2),
	(44,'ff25d30d-b962-438f-b5e7-c900d00e27cf','Thrift Seapink',40,286,3),
	(45,'8025502f-f829-416d-b8c3-8584c3c25b06','Atwood\'s Buckwheat',60,95,1),
	(46,'bc71ed25-65cc-45ec-84ea-56d69bd7bef3','Rock Cinquefoil',40,242,4),
	(47,'61b4bc89-317b-49fd-8162-af07d70fb027','Santa Cruz Clover',60,107,1),
	(48,'dd0fb89f-78f4-46c9-8e48-86109e1adb5c','Poorman\'s Friend',20,178,1),
	(49,'e1defea4-0a12-4b14-b401-c9df62fc01cc','Scheel Creek Beardtongue',20,243,2),
	(50,'d64a7d6e-00b7-4de0-9f08-25032a48744b','Japanese Fishscale Lichen',60,173,2),
	(51,'37554f76-d812-4565-8745-b4b76f1a1c63','Blistered Navel Lichen',20,107,3),
	(52,'b08c36e0-d0f6-4e81-94fb-27704948ed74','Acevedo\'s Velvetshrub',20,274,1),
	(53,'36e0d064-5845-4dff-b5cc-59fb0a76c957','Bracted Arrowwood',20,188,2),
	(54,'d75238e7-6fda-45bf-9d88-70ee59c8cd69','Molokai Cyanea',60,264,1),
	(55,'7c2117a4-2251-45e2-accc-977e9843fee3','Common Barberry',20,284,4),
	(56,'a1c22d56-7a4b-44e7-85d0-43152edce8f6','Birdbill Dayflower',20,81,2),
	(57,'fac4b648-8051-44af-802a-112c5e0c6e06','Temple Juniper',60,158,2),
	(58,'42fc91ae-dcf2-4e6b-b15f-d66220672fe5','Sage',40,275,2),
	(59,'aecdf666-5d18-458b-979c-e33e538ed4d9','Hayfield Tarweed',20,62,5),
	(60,'6cec6746-abdb-4a19-8f27-d15a7b4595af','Smooth Rupturewort',20,248,1),
	(61,'a3c0d1b6-2522-4616-9651-3fc19a5f32dc','Marin Checkerbloom',40,206,2),
	(62,'2bc00ead-f4d1-4bd4-841b-e188de3d6da5','Mt. Hood Pussypaws',60,128,4),
	(63,'6f5e6ed0-40ea-463c-b440-3356d8a7aaa8','Schizanthus',60,286,3),
	(64,'7ab7bffd-fc5a-492c-8dcc-d9672f4a9d2d','California Red Fir',60,86,2),
	(65,'238f69cf-889a-42c8-a37d-7010c4a213be','Rock-dwelling Sedge',40,234,1),
	(66,'e6071cda-f75b-4445-ae97-2398aa461eaf','Smallflower Lousewort',60,148,1),
	(67,'630bb1f5-2ebd-4ed4-8fc9-1e95456c1832','Little Spurflower',20,57,2),
	(68,'a7f4afcf-da80-41e5-aa43-dde5caf1db93','Field Dock',60,158,3),
	(69,'aed2d54d-c5d8-4add-87b9-05427d77a048','Bessey\'s Locoweed',40,109,5),
	(70,'541a4fd9-40e8-4a55-beac-c3889cc73c73','Carolina Geranium',20,155,4),
	(71,'11d4a8ad-f772-43fb-8d11-aa1769014570','Wild Flag',60,231,5),
	(72,'34e931c1-6448-40e2-a527-09571e5b06b9','Woolly Fruit Bur Ragweed',60,154,1),
	(73,'a140fcdd-bb24-4028-8ea2-25a332a7c9fc','Missouri Ironweed',40,196,4),
	(74,'ba3702cc-5469-4ec3-af59-91ce3fc7d297','Orthosiphon',60,258,5),
	(75,'bfdb959e-486e-405a-ac96-a3125e5cf25f','Pitscale Grass',40,152,2),
	(76,'384611c3-ced8-4321-9d37-303c7e74f034','Yellow Nutsedge',60,254,2),
	(77,'b9d6e340-9616-4b9e-8f41-b3d07e4724a9','Grand Eucalyptus',40,115,5),
	(78,'9d530873-f8c8-48c4-8f1f-4995eaf3e75c','Rocky Mountain Woodsia',40,197,2),
	(79,'15aaba3d-1931-4781-9d26-bb973dd56cf7','Russian Tamarisk',40,193,3),
	(80,'544425a6-eaaa-401f-a67e-3e157f39bc12','Silvery Sedge',40,69,1),
	(81,'975ca6f9-03d6-4038-8391-1c63a50e282c','Chinese Parasoltree',60,176,3),
	(82,'a2137c99-ac95-480f-a0c5-dc4da6c6aecc','Waianae Range Hala Pepe',20,66,4),
	(83,'4992b472-a2c3-4ac2-bd78-2f957b135eaf','Sierra Skullcap',20,200,2),
	(84,'204bce7d-e485-4d2e-ae54-9de8cdb38495','Chicita\'s Giant Shield Lichen',60,182,3),
	(85,'597680b3-db5b-4184-a40c-a408f1a3d8ad','Hairyflower Lovegrass',40,266,1),
	(86,'39304f75-69ed-4096-9558-8a6c1dc9b5ed','\'ena\'ena',40,215,5),
	(87,'29c35a82-52ca-4ae7-9c38-3d44e95ba7c5','California Cliffbrake',40,185,1),
	(88,'abe3c695-c8c8-4354-8859-d69fc180360f','Charleston Peak Mousetail',60,210,3),
	(89,'80b3ef3c-9756-4e7a-a934-b66b9d7d97a1','Greygreen Reindeer Lichen',20,91,1),
	(90,'ad1078ca-c813-4b8b-bf83-662a7fd639e2','Wart Lichen',60,88,1),
	(91,'9a81056d-396e-422e-bf20-c1800c2b471d','Lyall\'s Beardtongue',40,252,2),
	(92,'b546c76d-03a1-463f-b100-aa133515ee6e','Snow Lichen',60,149,5),
	(93,'3bbd311c-af85-47bf-945c-67071933c876','Alpine Leptopterigynandrum Moss',20,208,2),
	(94,'e82fbc1b-0f33-497d-8fd7-b9505671eb91','Soft Fissurewort',60,57,5),
	(95,'3bf07a70-ad06-414e-bba2-92a663eab0a9','Texas Azalea',20,197,1),
	(96,'ef6ee774-742a-449f-807b-6ea6e2966d6f','Silver Lupine',60,255,4),
	(97,'3eda4170-888c-4c4b-b4a3-807b58f01d34','Solorinella Lichen',20,283,4),
	(98,'a737236f-526e-42a0-8e50-a2f4e66a955e','Bukhara Fleeceflower',60,190,5),
	(99,'6f567b5b-fc39-4b23-ad52-e5d13fe7a2ff','Chapman\'s Tridens',20,228,5),
	(100,'bc8819a4-13f1-452b-9a27-0b90bd62ff81','Highbush Blackberry',60,226,5),
	(101,'424a8847-efe4-4113-b109-8b45912166f7','Water Birch',40,126,2),
	(102,'c9215dcd-95d2-405e-9e78-56298354c52e','Suisun Thistle',20,291,1),
	(103,'598dc647-70d4-4842-b736-6ee9053e6fa4','Arthothelium Lichen',60,294,3),
	(104,'76744a8d-1cc8-4366-8c51-126068781f33','Springtape',20,154,4),
	(105,'aee3d608-0cbf-4be3-baed-60d1e9b23085','Water Hickory',60,99,5),
	(106,'3efd192a-5a3a-475a-b2d1-7fb065c9e49d','Old World Adderstongue',60,174,1),
	(107,'96883374-e2e2-4135-914f-e15bd20b67f2','West Indian Rattlebox',40,201,1),
	(108,'f745f80f-0c9c-48e8-8e6e-27b3642569c3','Canyon Gooseberry',20,83,3),
	(109,'b3dcd0b3-da95-43f6-8e56-fb120f3226fb','Tolmie Star-tulip',60,269,1),
	(110,'effac132-987b-4a41-8627-7d1c00729222','Arabian Schismus',20,224,5),
	(111,'39e10c67-1415-42c8-bc95-9bbbd08fc128','Chapman\'s Spurge',40,137,2),
	(112,'f8a3e3c7-668c-4bc7-b0bf-be026b17a3aa','Hilly Sandwort',20,221,5),
	(113,'1372dd2a-2446-45e4-8ea9-5ccc1608c639','Lake County Dwarf-flax',20,184,3),
	(114,'147ad84b-53c9-415e-aad0-1579627256ca','Runyon\'s Beehive Cactus',40,297,2),
	(115,'11028646-49ee-4650-bf8c-85d15a998409','Slenderleaf False Foxglove',60,293,3),
	(116,'61ae376c-4f7e-4cb0-9295-913e09d4e517','Peperomia',40,295,5),
	(117,'7996e0ec-9ab2-46ea-97aa-42132e3bc6ef','Marijuana',20,121,1),
	(118,'96af0efc-8a23-408d-bb6b-2fbd348be1f4','Threeblossom Lidflower',20,169,5),
	(119,'7d9900a8-3872-4829-9851-b2a82f4abab3','Dogwoodleaf',40,110,1),
	(120,'633ca919-1556-41b5-a158-c397b91fcc59','Hurricanegrass',20,296,4),
	(121,'73e39749-ac59-42d3-a251-2fdcac749e7f','Common Box',20,199,5),
	(122,'9c802a72-76fa-44b3-ad0f-9f5b3020079e','Alabama Phlox',60,72,4),
	(123,'c3a1648d-067e-42d5-95c4-b3cd1daeec61','Limahuli Valley Pritchardia',40,89,1),
	(124,'849a5559-9a90-4c18-993f-d01d8449503e','Gregg\'s Sensitive Pea',20,99,4),
	(125,'580e2eba-0e3d-4008-9967-b93780aef848','Dirinaria Lichen',60,224,4),
	(126,'65c159c9-e59f-413d-8301-07349e7ba646','Arctic Sweet Coltsfoot',40,183,3),
	(127,'1ea9031d-12ef-4ff3-b570-a2ca39a559fc','Oneseed Juniper',60,195,1),
	(128,'ed1febf4-4b4a-47e1-a708-17edd3e17891','Sleepygrass',20,141,5),
	(129,'53c86871-546e-4c11-938a-d0fb6b859a46','Bunch Kerosene Grass',60,283,1),
	(130,'2a270352-3c84-4fa3-97a4-58ea9c7d0726','Tacky Goldenweed',40,283,5),
	(131,'7a068048-1424-4d5b-a46b-4e5455ff0451','Dune Tetramolopium',40,286,2),
	(132,'505f88c7-7eda-42a2-87ea-504889b93142','Shrubby-spurge',60,252,2),
	(133,'38576490-d61a-4837-8fe1-39cc2aa9509b','Mexican Plantain',20,109,5),
	(134,'ec13aff5-d813-485e-ac73-61fe4a8003f8','Fuzzystem Phyllostegia',20,148,4),
	(135,'61d04e33-fbee-44f2-8b43-6d412f9f07f2','Common Dittany',20,217,3),
	(136,'6a5d9c2b-7c80-4761-9b51-ede3d1cdc512','Forkvein Polypody',20,59,4),
	(137,'69f937c8-82f7-4584-a8eb-04a639175940','Greene\'s Mariposa Lily',60,64,5),
	(138,'8bd5b45b-ffa0-4f6c-bb92-c1c9c52569f1','Oahu Pilo Kea',40,143,2),
	(139,'f963f7ec-1e65-4c86-b127-9dfc8eb8784c','Baker\'s Paperflower',20,77,5),
	(140,'3351dccd-efe8-4569-ac28-f9f012464082','Celeriac',20,231,1),
	(141,'c2533ff4-b6d8-413d-bc44-a6d65b4d13da','Rocky Mountain Fescue',40,171,2),
	(142,'74fd72af-09c3-4192-b68b-c3f37adf133c','King\'s Rosy Sandwort',60,144,4),
	(143,'a79e0b2e-a7f2-43bb-9fb9-abb1d5f0a25b','Cynometra',20,162,1),
	(144,'425dafd9-bb1f-4ec6-a4c4-dca99482b846','Sphenoclea',40,197,2),
	(145,'81bdcc50-8c19-46c1-a0df-c680c7c9bb22','European Fan Palm',40,227,4),
	(146,'995d0af6-60b9-457b-a537-1363084c418f','Araucaria',40,259,5),
	(147,'dae3bf9b-36c4-4e34-a7a0-a0500d6943f9','Antilles Lacebark',40,190,5),
	(148,'9048879f-4b19-4260-992d-ccb7f726b214','Mountain Fetterbush',20,80,5),
	(149,'150afef1-cb4b-4a87-b7a0-b121cb55a2f7','Palmer\'s Liveforever',40,210,2),
	(150,'09f82a8c-68d8-4811-a190-83e8bd0aadfc','False Boneset',20,196,2),
	(151,'3029d1f2-84a0-4858-b4ce-1d5688c27cd1','Carrion-flower',60,81,2),
	(152,'a2a03318-ffc7-401d-b17c-2a7e93a511ac','Hairy Balsamroot',40,253,2),
	(153,'e1c84309-870a-43bf-872c-3b1ab7b45238','Rand\'s Goldenrod',20,164,4),
	(154,'536791f3-efbf-4e0e-acb8-1600aebedca5','Douglas\'s Catchfly',40,82,1),
	(155,'dccc8e05-fcb9-4bb3-bd4e-8633d77b1cd3','Gray Nicker',40,219,3),
	(156,'a80ac823-1eae-4209-ae70-b349adca1948','Berks County Hawthorn',60,217,4),
	(157,'28e25d59-ede8-43d6-b435-a1a8e34b74b1','Sweginzow\'s Rose',40,260,3),
	(158,'5b657479-9185-4b74-86e0-5f2b17548dcf','Smith\'s Buckthorn',20,78,2),
	(159,'d5261679-6fd6-4cda-bc3e-9001e057a756','Western Blue Virginsbower',60,238,1),
	(160,'0622082b-dbea-4c91-8dfc-08a9e6d946ef','Olopu',40,125,1),
	(161,'20f27de5-9eb4-4db6-8b52-64cd1782fc8f','Rockcliff Isodendrion',60,92,5),
	(162,'bd2c8321-3b13-4c02-ba0a-80a3cb85949c','West Indian Gherkin',60,139,3),
	(163,'e9bd8002-ee75-474c-a99f-3e5c3ecf9da5','Rhizomnium Moss',60,282,2),
	(164,'17f10b8b-5bfc-45e0-84e8-56f91e349bff','Caterpillars',60,215,3),
	(165,'e9f56bba-2cb4-4d3b-b565-8c666683aa15','Pseudoscleropodium Moss',60,123,1),
	(166,'c74a03fc-0dac-46b5-8f87-f808c4945c55','Threeleaflet Dewberry',20,117,2),
	(167,'f2ea941a-1591-4172-9f18-309669554b20','Woodland Crocus',60,99,2),
	(168,'26b4fbcc-6d9f-41bb-b950-07ee0d1d842b','Long Key Locustberry',40,80,3),
	(169,'b8146126-b85f-4288-a5fc-b87c7648adf1','Noronhia',20,233,5),
	(170,'4c7e6bcf-05f4-48cb-865a-330a1dc14b6f','Cup Lichen',40,214,1),
	(171,'b57fc69d-185e-4a46-8755-5e22566bb485','Arizona Buckwheat',20,243,4),
	(172,'673afc07-ca5a-44aa-99ab-49dd7980862c','Snail Medick',20,113,4),
	(173,'449458bf-82e1-4ee4-b200-9db0dd735d11','Spoonleaf Sundew',20,147,5),
	(174,'acc9522b-40ca-480b-b542-63a66b5ffbdc','Wild Marrow',20,202,2),
	(175,'0f479e6d-9d44-46c1-ad65-53dce040c193','Muehlenberg\'s Nutrush',40,269,3),
	(176,'ecc3407b-fb9a-4ae1-9838-53af704679a5','Bearded Clover',60,260,4),
	(177,'7843843a-68c6-4240-b318-68adcf3e439f','Asian Spikemoss',60,186,2),
	(178,'f84d0658-03c7-429c-a73c-5e1578dac673','Treecotton',60,183,2),
	(179,'e140d0b4-040e-4ffe-b490-aba8946efbab','Chickensage',40,234,1),
	(180,'a52b509d-e62f-45fc-a7af-3ce908f9b75d','Twolobe Clarkia',40,294,1),
	(181,'b88ec636-2cbe-4354-9fb5-3be8fabff745','Hyssopleaf Asphead',20,79,1),
	(182,'f75fd5cf-9d70-4614-b7bf-8207e66c0a52','Baja Buckwheat',60,223,5),
	(183,'1a77fe11-5dde-4f57-a698-df563d6672bc','Western Catchfly',20,55,4),
	(184,'691a649f-6041-46ac-ac24-323f2837b65e','Texas Thistle',20,125,4),
	(185,'09223baf-04d5-499d-9572-95842943e048','Western Sunflower',20,160,5),
	(186,'5de95424-adce-43c8-9007-c2e4ffff199f','California Lacefern',20,276,2),
	(187,'a288c781-cc1f-4247-b14f-2f1e7d6707ee','Woollyhead Clover',40,237,2),
	(188,'dac8c8c8-6f1a-4f8a-9146-6b095dfaec7f','Dotted Lichen',40,78,2),
	(189,'db927ad4-9ac6-40af-8bed-cdd5e9426c48','Chisos Oak',60,232,5),
	(190,'6ce788e9-e5fd-4288-8537-8460bac54ec9','Kappler\'s Bristle Fern',20,274,2),
	(191,'68bba9a1-9a43-4e8a-8877-3855d2889f59','Heller\'s Marbleseed',40,59,4),
	(192,'2386b684-98e8-4a69-ba53-c0b81495386d','Sticky Leaf Arnica',40,151,5),
	(193,'c97470c9-8ddf-43ef-9557-ae2494958fec','Yellow Pincushion',20,185,3),
	(194,'cf6eb85a-e4bf-4254-b260-a2d439e90795','Egyptian Marjoram',20,263,1),
	(195,'277264a0-12c1-4def-9c6d-9a785ba5ca9c','Hawai\'i Beggarticks',40,223,2),
	(196,'e8fb9660-4f97-4594-ace1-7d70fe1217a4','Downy Indian Paintbrush',20,56,2),
	(197,'d260f81e-afcf-4f72-af6a-99b9f25a70ca','Sawsedge',60,299,1),
	(198,'8ff5de60-322a-413e-94e4-401b37196cf2','Dwarf Prairie Clover',20,111,4),
	(199,'359c9670-5ded-42c3-b9b5-3518022d56c1','Caucasian Pincushion Flower',20,153,3),
	(200,'95859a44-6146-45b9-af55-a547476891cd','Lesser Blackscale Sedge',40,130,1),
	(201,'5c022759-cd0a-43dd-b373-b92d422e470c','Shinner\'s Sedge',40,268,1),
	(202,'fe637e52-59fe-4dba-bceb-763117ece822','Stemless Spiderwort',60,131,3),
	(203,'f138549f-199b-41bd-a618-3691461a2545','Gray\'s Cloak Fern',40,57,2),
	(204,'845275fc-3911-43ef-91e9-8afae9eed688','Langsdorff\'s Tobacco',20,255,3),
	(205,'c3dccffa-3912-4b07-be8f-48b8061ff20d','San Luis Obispo Coyote Mint',40,218,5),
	(206,'17074b1b-bdf2-4180-97e7-c3e9fc9d73e2','Milkmaids',40,234,5),
	(207,'6803e81c-15cc-47b7-8f9c-ad3731ee595a','Slender Passionflower',20,268,3),
	(208,'991234a3-a0a9-46bb-84ec-086382372c47','Wainiha Valley Yellow Loosestrife',60,86,4),
	(209,'41de6e43-e95c-43b2-9aae-2a1f19e3856a','Hairy Hawkweed',40,93,3),
	(210,'fee93baf-4cd5-4422-8259-a906569c672c','Amygdalaria Lichen',60,105,3),
	(211,'b321239b-803d-4283-8f50-13e071f58cc0','Spleenwort Maiden Fern',20,63,3),
	(212,'be8a4d26-f3bd-4487-b162-b108e6ee0ce0','Rim Lichen',20,278,1),
	(213,'f32e0759-6505-4ba8-9907-0cea1270540a','Ditrichum Moss',60,278,1),
	(214,'a72ea87b-9945-4cca-8161-372e02c80f09','Shortleaf Dwarf-cudweed',60,135,5),
	(215,'e42117c8-5e87-43a7-a392-a1662af2aaca','Roundfruit Sedge',40,214,4),
	(216,'b72edb51-7be8-497a-be55-af2b91d5a888','Idaho Springbeauty',60,81,1),
	(217,'18cefd9f-8532-49f8-8883-4ed02e137319','Crested Pricklypoppy',60,84,4),
	(218,'4016e4cd-b825-4851-b6b8-faec1805971a','Henna',60,157,4),
	(219,'56301c10-b49d-47e2-bd1f-fc7092e2809c','Fries\' Dimple Lichen',60,108,3),
	(220,'73424539-2bf0-40ef-96da-95d3237f5c72','Snake Milkvetch',40,129,3),
	(221,'6dc01fdc-5b57-4867-a800-7c262918d3c7','Tamarugo',60,275,4),
	(222,'c384d060-af3c-4613-985b-e2d793c096a0','Cracked Lichen',60,229,5),
	(223,'99a67f1f-c380-4001-99d4-4c2f76e46c6b','Bog Anemone',40,56,4),
	(224,'2d9401d5-9ab7-4768-aeda-07baa5b07ad0','Southern Swamp Aster',60,71,4),
	(225,'7993a284-3ddd-4e5f-99a1-7461f2b24fbb','Anil Falso',60,149,4),
	(226,'8ba8ef10-1515-435b-9bd8-497cf20f6571','Carlson\'s Cyanea',40,223,4),
	(227,'ab1290ba-27e5-4cc5-9150-7c3849526100','Island False Bindweed',60,204,4),
	(228,'4fbe9fc9-d2c8-4209-a69a-29c5892490f4','Olympic Violet',40,252,1),
	(229,'44e00251-482f-43c1-8e9d-aa246ba174c8','Marsh Parsley',60,227,2),
	(230,'1518e399-8692-45a6-bf83-5b08ee0b0a01','Cory\'s Dutchman\'s Pipe',20,270,2),
	(231,'eedbb471-3d47-47df-8690-03eae9cf834f','Needle Blue-eyed Grass',40,71,5),
	(232,'a4480bd5-67a1-48ba-8cd6-1072e45a6226','Creutzfeldt\'s Cryptantha',20,279,5),
	(233,'480e2239-ad3c-40c4-961a-191caa132e4d','Lompoc Mesa Bush Monkeyflower',60,152,3),
	(234,'b272fc61-3f20-48f1-9a1e-b1be61db38ca','Longleaf Starwort',20,105,3),
	(235,'a45039ca-1fd5-4958-940f-a89a767c8dc3','Alkali Phacelia',40,276,4),
	(236,'fdbd3626-685a-42e4-96fb-fc09e544600f','Clustered Hawthorn',20,248,3),
	(237,'cc83e687-73ee-40c0-b2e6-5ffaed8dd7b1','Spreading Beaksedge',40,132,2),
	(238,'da84308d-8d70-4ec8-b81f-7b6bc531375b','False Chicken-sage',20,153,3),
	(239,'60496241-5240-4cae-8589-f4275d11b3ed','Manroot',60,116,2),
	(240,'ef18c960-c21c-4ead-9df1-e2bcca3ad152','Downy Milkpea',40,226,5),
	(241,'3a4590e0-f89d-4995-b7ab-ed6509543e58','Kidney Bean',20,73,4),
	(242,'ae7ca4a2-ad05-4dcd-b62f-991617d514ea','Rooted Spikerush',60,288,3),
	(243,'d9c4e9db-e539-42c2-ae02-a3fb6d62cff2','Motillo',20,103,3),
	(244,'4e7729a0-ad86-45ec-87a1-4ec3fa7512c1','Swordfern',20,189,2),
	(245,'5ee38a77-0c95-48e2-b28e-ac331ea07d63','False Indian Plantain',40,241,3),
	(246,'b88edb86-1b12-4a75-8541-f76096df6fa9','Gingerbush',60,119,3),
	(247,'79a2eb52-441c-4241-9bb2-809254fa09e0','Cliftonia',40,290,3),
	(248,'82eb7f58-9210-4584-912c-4af3f2baf090','Bottomland Aster',40,277,2),
	(249,'9d79bb5e-ecd0-4799-9a3a-7438286e08eb','Heartscale',20,236,2),
	(250,'0107b880-6e97-4855-aad4-578c8ad7aa41','Thuidium Moss',60,73,4),
	(251,'d720facb-c5bd-4d4f-837a-a5b1baa29caa','Birdcage Evening Primrose',40,232,5),
	(252,'a76468a8-c21b-461f-b895-cbd0b15360b8','Northern Bugleweed',60,218,2),
	(253,'82da235e-aeb3-485a-9a3d-38def881b224','Ward\'s False Goldenweed',60,144,2),
	(254,'da811227-b6da-42f3-ab12-70e1b0dab63d','Oakes\' Eyebright',40,180,3),
	(255,'75cd9dca-c41a-4750-9ec4-abd0108f6621','Codlins And Cream',60,222,4),
	(256,'d24c7b83-b6f0-4358-b36f-88e8574301bf','False Amaranth',60,188,3),
	(257,'f32397fa-18c6-4ffc-80d3-bc1a8b686acc','Fringed Candle Snuffer Moss',20,291,3),
	(258,'02db6555-305f-4f42-bbcf-728adf1efb80','Cusick\'s Rockcress',60,241,5),
	(259,'49748b86-c985-4ab5-93f0-59c7328a3610','Bartramia Moss',40,147,1),
	(260,'6149fd21-732c-40cf-b038-6e625164a552','Desert Deathcamas',40,189,5),
	(261,'89bc0411-df62-44bc-938d-b7b1e90d0584','Stemless Evening Primrose',20,128,5),
	(262,'c509daf7-3daf-41b9-85ff-39afcd2fc7ff','Gum Tragacanth Milkvetch',20,62,2),
	(263,'c3942d1c-e821-48fc-9208-1392f82d0f8c','Prairie Junegrass',20,290,4),
	(264,'9e0f0f80-592f-4b00-b87d-eee24584467d','Nutrush',60,56,4),
	(265,'cffd3993-cb23-4c27-802f-e4c89578eb17','Bristle Nailwort',60,204,3),
	(266,'d7f7d569-8447-4bbc-a32a-5d30cc8ef7d4','Desolation Columbine',60,174,4),
	(267,'0faea471-1d78-446c-bb9f-c59587c513ba','Bilimbi',40,217,2),
	(268,'76861318-058b-4e38-815d-df982e4defdf','Olive Clover',20,158,3),
	(269,'dde2900f-e0ff-4d4c-abd2-78c38c5fd6dd','Warnstorfia Moss',60,84,1),
	(270,'b95cc18d-227b-4e17-b774-abd74d9bfec3','Geraldton Wax',20,234,5),
	(271,'b70a275c-dcf9-46af-b058-1c1704b9d953','Utah Angelica',40,128,1),
	(272,'ad584e64-2b85-40a1-874c-f8a065dd5110','Small Treefern',60,206,2),
	(273,'103a019f-4d80-475b-a7c4-551d42b7c446','Huachuca Mountain Eryngo',60,290,2),
	(274,'977da8fb-29ba-4328-a5db-4aaa94d21d37','Emory\'s Globemallow',60,89,3),
	(275,'f92f744c-eb23-4640-9c6d-d987d80785bc','Curtis\' Spurge',40,258,4),
	(276,'3de06241-b7a8-4774-8cca-20fdab89cfbf','White Moho',20,75,4),
	(277,'db956dc9-9544-4b38-9cac-d131f90696b9','Hood River Milkvetch',60,177,4),
	(278,'3d6384fd-725e-4c3e-8fb0-1ec88c223570','Needle Lichen',40,81,2),
	(279,'2ab52c9b-015f-4d54-9777-7ee72b0a3009','Bluegrass',20,119,5),
	(280,'1660486d-a30b-4e00-bd38-50a9282edf97','Simple-stem Everlasting',60,183,4),
	(281,'6353785d-8c70-427b-be1c-f14ffffcc908','Cronquist\'s Fleabane',60,104,1),
	(282,'52fa780c-98e9-43b1-8e6f-22982c0bdd2b','Seaside Schistidium Moss',40,235,5),
	(283,'69790668-a0ae-4ed4-8c2b-5e06ce175812','Florida Yellowcress',20,215,5),
	(284,'3aa45be9-1f23-4050-a8ac-7cddbc9f53e2','Hypotrachyna Lichen',60,138,5),
	(285,'8afb31bb-2eb7-49fd-bcd3-4295f38357db','Muehlenberg\'s Astomum Moss',20,252,2),
	(286,'92c92a96-4f59-4214-b24f-59bbff8e74ee','Monte Cerrote Water-willow',40,119,3),
	(287,'2b5fee0c-807a-4c5d-8b46-da2b2c6ea338','Mougeot\'s Xanthoparmelia Lichen',60,275,4),
	(288,'6eaf6072-33ee-4839-886d-4131975ca0bc','Heckard\'s Indian Paintbrush',20,172,5),
	(289,'b39afdb5-cdea-4217-9cae-537fa4e6e34b','Whiskered Brome',60,199,4),
	(290,'66d41f35-f06d-4010-8a48-e3c4a788e984','Showy Goldenrod',60,225,3),
	(291,'7f469481-c8cb-492a-aecd-6075d8f4e2ad','San Patricio Tansyaster',20,78,4),
	(292,'df84d6ad-5bde-4140-9ad9-7538c45e105a','Melaspilea Lichen',60,83,2),
	(293,'0949acc9-b8cc-4b25-a8dd-5154f6d6dd0b','Tufted Alpine Saxifrage',60,81,3),
	(294,'82e98b2e-11a0-47af-8844-b1f28bc0a57f','Toadflax',60,70,4),
	(295,'b9802576-4bea-4322-beff-0d507e3196bb','European Black Elderberry',20,145,4),
	(296,'eec29334-9af5-4622-a832-f162304aa862','Cuban Wart Lichen',20,133,5),
	(297,'b927067a-85ba-4a4d-8926-0c19b0de8619','Drummond\'s Maple',20,274,5),
	(298,'a5fed517-e5a5-4e47-8ac3-ad27f224dbaa','Bur Chervil',40,270,1),
	(299,'10e2f957-b127-497c-bae1-e32027b07048','Clovenlip Toadflax',40,144,3),
	(300,'636a4808-97c0-4bcd-b9a5-9bd811b7c530','Bushy St. Johnswort',20,246,2),
	(301,'b9ab94b2-67f3-4a67-b45d-f0c3badda2a0','Merriam\'s Alumroot',40,227,3),
	(302,'8b235548-9016-49ba-b833-36b5654e20ce','Wright\'s Cudweed',60,69,3),
	(303,'b6254d5d-0593-4998-90ed-a96dafbd97fa','Carolina Scalystem',40,284,1),
	(304,'149a8cee-486c-4e26-8fe8-e6c63fdf86c4','Rio Grande Palmetto',40,149,3),
	(305,'d574f028-462f-4c43-86cd-d8702b166393','Capillary Hairsedge',20,252,3),
	(306,'e5c96bb2-dc75-424b-b40b-0c8de4a2ef6e','Oatgrass',40,282,2),
	(307,'7b4aea96-325a-4a28-b6ae-fc886e759365','Sedge',60,226,2),
	(308,'38939423-54e3-437d-bca3-e35652c4362c','Limber Pine Dwarf Mistletoe',40,168,5),
	(309,'2ac32db2-f997-4f1e-b5c2-3911de54b079','Stegonia Moss',40,152,2),
	(310,'35b182e6-59e4-4095-89af-5a3208fbd153','Bryum Moss',20,216,1),
	(311,'36071d5a-ef31-472b-a204-ef05002210c8','White Ramping Fumitory',40,227,1),
	(312,'12bb9c65-7bce-4db7-8c59-1d59a3b60dec','Skunk Cabbage',20,191,1),
	(313,'131cdbea-da9a-4ac4-94e5-b72de2a5df7e','Hobsonia Lichen',20,125,4),
	(314,'41970257-aaab-44ea-991d-9afad3120d1c','Daggerpod',40,161,2),
	(315,'4d9b9446-158f-4e4e-85fd-836016dd38d8','Dwarf Lilyturf',20,174,2),
	(316,'52dd54a1-7c85-46cc-8376-0676a279722b','Lithographa Lichen',20,93,2),
	(317,'b1660095-f39c-438f-adb6-94d4c8f69b92','New Mexico Groundsel',20,177,2),
	(318,'dd5e1510-1dcc-49b6-b7a7-0a9fbdd65ace','Hawai\'i Delissea',40,188,5),
	(319,'6bd9073c-c307-4486-b73b-c49fd5be9682','Bommeria Fern',20,155,2),
	(320,'93b5db52-bddd-4273-ad06-fd52aef2839e','Wild Oilnut',60,199,4),
	(321,'c1740865-a953-40d0-997b-b67ace7fff1b','Jayuya',60,219,3),
	(322,'1e030f82-abfd-4575-afcb-6005eaae01be','Antelope Grass',60,110,1),
	(323,'43ba5d95-eab7-4b4e-a273-3ac3c5e2d050','Navassa Nakedstem Carpetweed',40,72,2),
	(324,'cb6654f9-4f03-40c8-80d3-5a8daf6727b3','Calliergon Moss',20,194,5),
	(325,'8dcef2b4-12da-47fc-b1cf-6f6f89398178','Saltugilia',20,190,2),
	(326,'79d52e57-4579-4ed1-a1db-ff14305f4f27','Sandcherry',40,212,4),
	(327,'facc089d-9035-4fcc-943f-332985d3bc3e','California Maidenhair',40,300,3),
	(328,'1043216c-f8b9-49d0-95c3-9fead447100e','Weeping Fern',20,149,5),
	(329,'0c8eac1e-5b42-4308-acde-0b217c887a17','West Indian Bluestem',40,84,1),
	(330,'a8618bfe-7311-4297-a19b-313b61adbb10','Warner Mountains Bedstraw',40,77,3),
	(331,'5b92f640-a993-4b93-b58c-07d1267f0825','Claybank Beaksedge',60,241,4),
	(332,'5d43c5d1-cd55-4195-94aa-260b2919ac94','Slender Popcornflower',20,127,2),
	(333,'29bdd85f-a2ed-4727-980d-b5f04558e94c','New York Dewberry',40,113,2),
	(334,'945b6269-421c-4f8c-a38e-92e42002a29d','Sweet After Death',20,113,5),
	(335,'66b07b41-eeb6-466d-8560-1664b8208b84','Palmer\'s Zinnia',40,252,4),
	(336,'7734f219-724a-49ac-b45e-1da1edcc895d','Wild Bergamot',40,89,1),
	(337,'46342713-7322-4d39-8c49-03756b930c26','Hypnum Moss',20,202,2),
	(338,'aa491ff0-7ba6-4801-bd0f-775a3919d53e','Fruitleaf Knotweed',60,294,4),
	(339,'77b46ea1-4198-461a-b8ed-1325764d4bac','Red Bayberry',60,169,5),
	(340,'45f61e20-5fd9-4c96-833e-298fc3755560','Bachang',20,224,1),
	(341,'4d3f3d50-00f0-4175-8701-b35df0131251','Oahu Schiedea',40,221,1),
	(342,'0f4cd9c8-7347-4cae-af64-837efddb34b9','Tarwi',20,95,4),
	(343,'b5f6dd73-20c8-4896-bc69-10fc1a854148','Sewer Vine',40,86,5),
	(344,'a4c7fd4e-fc12-40ba-b2a8-63eeabadfb4e','Radishroot Woodsorrel',40,132,4),
	(345,'6c6fc475-9bd8-479d-b1a9-4f07503de837','Hypotrachyna Lichen',60,189,5),
	(346,'d5d89712-ed8d-4e22-a531-a545fa1b2cc7','Brittleleaf',40,256,1),
	(347,'f64f1b67-a09b-4af2-9ff9-de2feb7aae5b','Brazilian Bluewood',60,297,2),
	(348,'141ed766-41df-4de7-817b-afacc48d95c7','San Pedro False Prairie-clover',60,71,1),
	(349,'c1f4b18d-e84b-49de-84d3-ee30fa95678a','Siberian Crab Apple',20,117,5),
	(350,'fe70a7a3-4fe1-43e1-908c-45e94ec92201','Bamboo Vine',20,245,2),
	(351,'e91aab5c-6abd-4549-9a1a-12ebb7dce10d','Queen Thistle',40,58,5),
	(352,'8f75a041-4669-4607-a364-94ed700f5a69','Howell\'s Bluegrass',60,177,5),
	(353,'21f8c627-ac26-490c-b7ca-a37610aa797f','Everglades Palm',40,80,2),
	(354,'8f52cf4d-310d-4d49-a33e-8c0826361674','Delicate Spikemoss',60,74,4),
	(355,'800702b2-0720-4995-a151-7ca32c5eb808','Featherleaf Desertpeony',40,102,1),
	(356,'c6a402ff-f0ad-42d6-b4df-6704f3df8ec2','Kamtschatca Mountain-avens',20,288,1),
	(357,'8a7b9a94-75a4-4805-ba14-e048f3522a3f','Pahuen',40,262,2),
	(358,'f9cf9bb1-42b0-4421-a22f-77700cbdfe81','Upland Boneset',40,179,5),
	(359,'17c4bcc8-4d97-4ec6-ba92-f72b0a9e357b','Swamp Tupelo',60,134,5),
	(360,'13663b4f-14d8-4c38-b324-388242818529','Water Dead And Awake',40,299,3),
	(361,'52613d99-779a-4b93-bf53-12cf8e131eee','Pinninerve Peperomia',60,182,5),
	(362,'7872ca23-aeef-4cdf-86d5-4ce543177e0f','Bachman\'s Jelly Lichen',40,173,1),
	(363,'815baca0-216b-4b91-a389-168cd014f3db','Cold Withe',60,88,1),
	(364,'926fa8b8-77b0-40d5-8289-ce32a47e86f8','Smooth Yellow Vetch',20,130,3),
	(365,'c919e895-b265-4bda-89ad-d7587abc3136','Sasanqua Camellia',20,112,3),
	(366,'83c9954b-2bf4-47f5-9a0e-09dfbd267698','Camphor Tansy',60,70,3),
	(367,'60c5a5b9-c522-47f7-af09-caf90ed1bbc4','Beaumont\'s Cup Lichen',60,212,1),
	(368,'0cd56b03-b554-45df-8973-3a92e590053a','Littleleaf Milkwort',40,57,1),
	(369,'c9ef302a-d5c5-44c0-8eb3-a5cb76228de2','Sitka Willow',40,268,2),
	(370,'c8939860-29f2-4292-9048-91008e321e7c','Robust Spineflower',20,247,3),
	(371,'50d6261e-2b4b-401e-bb29-353c021c4c79','Triangle Orache',60,186,3),
	(372,'3193410c-bcf4-4d19-8b5f-cd9fc68c75fc','Sabine Buttercup',40,170,2),
	(373,'8eb85bfc-9a97-44ce-a499-f37124d85570','Boykin\'s Milkwort',40,214,1),
	(374,'74c1334a-4bba-4f11-91d1-8aa461e45054','Pink Woodsorrel',60,163,5),
	(375,'d341ac2b-dfa9-412a-917c-1e0f30d41f37','Little Nipple Cactus',40,225,1),
	(376,'f8c75385-2ff2-45e5-97e9-6fae8aa5e31b','Manyroot Navel Lichen',60,243,3),
	(377,'a1275c34-d662-47e9-949b-26b14ea15816','Carpet Grass',20,113,2),
	(378,'3b0ccc78-1a7c-4cfe-b888-6c12f1fe0131','Smallflowered Woodrush',40,291,2),
	(379,'4bc2fbed-2018-433a-9d54-618944e96b69','White Fishhook Cactus',60,290,5),
	(380,'a0543f11-597a-4f32-88dd-ce4d395ceba5','Wart Lichen',60,69,1),
	(381,'ca630408-f65f-4aad-9052-578347f6b314','Coastal Plain Hawkweed',60,170,5),
	(382,'2b906bb0-c737-4a9e-911d-8579a57783dd','Clokey\'s Fleabane',20,102,1),
	(383,'a8b348ca-a76a-4240-9839-54c6d3785f86','Maguire\'s Lewisia',60,75,2),
	(384,'6223bbb8-3885-45b7-8248-9a40de41e771','Rocky Mountain Chickweed',20,108,3),
	(385,'46d93cf5-07f6-4767-b0c0-abc3b9cdbd28','Hoary Bowlesia',40,117,3),
	(386,'6fecc130-9e15-466f-bc4f-789192f10538','Pondweed',40,54,5),
	(387,'2c631ed1-fcc7-43f5-83a3-fd33b1a836bf','Wild Cinnamon',60,158,2),
	(388,'c3f8c7be-b29d-4a8c-8df0-4e96a76c05d0','Valley Head Hawthorn',40,109,3),
	(389,'9f733774-96fc-4269-a66c-0f0cd2227ae8','Arcadian St. Johnswort',60,282,4),
	(390,'6696a7cb-366c-4deb-a943-07955f57d79d','Condensed Snow Lichen',40,169,1),
	(391,'435026a5-9a13-4be0-8d5a-5d3f8e457d13','Palustriella Moss',20,218,1),
	(392,'a449e0b2-94ed-4e88-81f9-e42d9f9f2bd0','Cheirodendron',40,268,3),
	(393,'1795c801-b4ea-48cb-ab1c-1e3f9e2491b6','Showy Forsythia',20,122,5),
	(394,'8befd784-81e5-4d1f-9f88-735510e532a9','Dwarf Palmetto',20,62,4),
	(395,'6803d924-2f62-48fb-8c0f-e162c5639306','Gray Springparsley',20,295,5),
	(396,'08fa9e82-d11e-4824-8c2d-4899d8703d68','Diplotomma Lichen',40,283,4),
	(397,'9e85eaf3-b0fc-48d0-b12a-3fb67fbbb1d2','Toothed Snailfern',40,249,1),
	(398,'eb4197db-896b-4106-a71d-db3144034859','Armored Spikemoss',20,162,4),
	(399,'c27bacd6-e370-466c-a04a-1cdb6b54ddff','Davall\'s Pottia Moss',20,262,4),
	(400,'25d8d7e2-e311-46b4-9228-6347ad1152bd','Maidenbush',60,237,4),
	(401,'c2126303-3622-44f5-ae5f-01cfe12fb1f4','Savicz\'s Snow Lichen',20,236,4),
	(402,'d0fade30-8cff-4002-be68-cf7dab985327','Thinleaf Bristle Fern',40,167,1),
	(403,'3177a3ea-374e-4624-ad16-866dbd96193f','Cup Lichen',20,189,2),
	(404,'cc3589bb-c936-4417-a473-0bbe8f3aa420','Vallesia',60,221,1),
	(405,'a3198aee-5af9-4fa2-b7d9-bf9ca29aa9fa','Palespike Lobelia',40,208,2),
	(406,'19593f05-f168-42a8-af15-99fe7a3dfeff','Silky Kangaroo Grass',60,94,1),
	(407,'20bfd404-4b11-4466-8df6-2e1a222ad62a','Helocarpon Lichen',40,220,1),
	(408,'1ad59205-70dd-4e76-9a56-fa34676afdb5','Thickpod Milkvetch',40,67,2),
	(409,'c6e9ea63-d64c-4e6c-80c5-688dcdeac98f','Snowflake',20,179,4),
	(410,'55f8ddcf-5b5f-4473-9d2f-f426df32634d','Skin Lichen',20,79,1),
	(411,'76560bcd-50ad-423f-9996-6f57874068d5','Annual Silver Hairgrass',20,187,5),
	(412,'d8abcb50-6b9c-4df5-9865-b38e48c7e855','Navajo Sedge',20,79,2),
	(413,'a602d1c5-7658-4dcf-87ec-9b8880ff1030','Coscinodon Moss',40,94,1),
	(414,'bd88927f-8b2e-42bf-9cd4-52e90efcc47c','Bluebonnet Lupine',20,252,4),
	(415,'69578de6-c378-414a-9c89-079495fa1357','Viscid Mallow',40,235,3),
	(416,'86a0b9d0-35d3-469a-809f-1f08851df840','Creeping Sedge',40,240,5),
	(417,'0e92e01c-4ddf-42fd-b468-4a54ed72c5c0','Wright\'s Milkpea',20,203,3),
	(418,'3c4ac909-e6bf-40b1-8a33-19e1254399ea','New Mexico Rockdaisy',20,298,2),
	(419,'716b14d2-45e9-41f2-9acc-db68753e7f87','Clustered Goldenweed',60,111,3),
	(420,'93163f0b-ca0c-4c9e-9cfd-d3a0fb176fe7','Needlegrass',20,57,1),
	(421,'96f5aa98-407a-4f76-b917-38f5a5d75bf8','Java-bean',40,143,1),
	(422,'ec66f8e1-5774-472d-bc04-c16b24a31725','Largeleaf Avens',40,158,3),
	(423,'f0bf8f16-5e0e-485b-9512-5009b0c93942','Villous Lipfern',20,109,1),
	(424,'c61c8285-0f1e-4dfb-a91e-3584ce69bd52','Pink Plains Beardtongue',20,108,4),
	(425,'c17ccbf9-6460-49ff-a8d3-6056ea568cb0','Mountain Oxytrope',40,170,4),
	(426,'4c5bbada-a454-4b56-ad16-8a936ec85b12','Froelich\'s Dung Moss',40,133,1),
	(427,'1d445d3f-64d3-4b0d-b047-87f0fada2c25','Dwarf Violet Iris',60,219,2),
	(428,'599fdc74-4345-44b8-a8a7-6c7fee16a6a1','Hammond\'s Claytonia',60,243,1),
	(429,'0f796540-1f52-41ab-8389-38d604eabef0','Blue-oxalis',40,191,4),
	(430,'5614b5aa-73f3-4e0e-ac8c-dea51044f598','Santa Catalina Prairie Clover',20,249,5),
	(431,'8399e229-fe06-4cae-acc2-b6f0bffb8127','Alamovine',60,98,5),
	(432,'15883202-9448-4a95-b617-ba3251c0368a','Narrowleaf Hawksbeard',20,137,2),
	(433,'d2604f9e-8164-42c2-b4ef-1b58c19f2eb3','Baby Blue Eyes',60,113,3),
	(434,'d98da5be-be06-40c5-8a43-0a4876aa7929','Phacelia',40,81,2),
	(435,'158b5bc6-c536-4dbd-ac54-b4d8dd8993d1','Perrottetia',40,82,2),
	(436,'2f5fb185-e9e1-45da-9719-c96240c4bb31','Wand Goldenrod',20,118,5),
	(437,'e4878595-7cd2-4bee-bd24-db7d6ffeadea','Sierra Tiger Lily',40,137,4),
	(438,'5ab18cb2-48c4-4797-9723-d39a29ab1b1f','Bellflower Beardtongue',20,104,3),
	(439,'bce88ada-b08a-4941-bc9a-c9c1a2c1e9d6','Camphorweed',20,104,1),
	(440,'2b196cde-ee3f-4d6b-ab00-3e4deff6cc4b','Tavares\' Matted Lichen',60,294,2),
	(441,'56ace45e-ec31-4fc5-b805-b2f20fde4d7c','Gollania Moss',60,244,1),
	(442,'f93413d9-a330-4735-be48-ba443fd6ddd9','Grassleaf Sweet Flag',40,215,1),
	(443,'23ef4fac-b910-4025-869b-2d68f7ef6039','Hillside False Bindweed',20,150,1),
	(444,'62d47b20-beaf-4def-9748-a97aa72ef5bd','Glowwort',20,67,3),
	(445,'f96663b6-3536-4674-bb44-5319350546d3','Pallid Bird\'s Beak',20,189,3),
	(446,'0fc7224b-999e-47d3-831d-4df3f7202a03','Broad-leaf Sweetleaf',20,155,5),
	(447,'5969541b-ae20-47c7-a9b8-b3a8392f49eb','Aspen Fleabane',20,144,5),
	(448,'5817564a-5fd8-431c-9fa8-017c2f765fe1','Pseudoscleropodium Moss',20,220,4),
	(449,'6aa4aba9-9b84-4fef-b573-b470fc451c76','Spring Coralroot',60,162,2),
	(450,'36b65331-9198-4632-87f2-eb49c6ebbfa9','Hairy-lemma Barley',20,249,1),
	(451,'74c2e0e6-526a-4386-b878-6bd741e4a8fb','Woolly Bluestar',20,101,5),
	(452,'a7f946e1-a3f0-4774-8126-7d7e5352096e','Sobralia',60,56,2),
	(453,'afd5e031-cbc7-42a9-9741-9208f1354dbb','Southern Succisella',60,209,5),
	(454,'d549a4b9-d0fe-4e8d-aebb-568fe53c96df','Ripley\'s Senna',40,125,5),
	(455,'7f91c599-250e-45bf-b000-c9973d54a668','Physma Lichen',40,55,1),
	(456,'6c361f12-98fd-44f5-9477-42c7c1d04c0f','American Dunegrass',60,56,3),
	(457,'85576988-412e-43a1-88b7-648e983c1753','Quillwort',60,277,1),
	(458,'ae13effc-ad1e-42ad-ad5e-dcbe505ce28a','Softleaf Mimosa',40,109,5),
	(459,'45815ee5-c81a-41d1-bd49-87b997434a99','White Lobelia',40,200,5),
	(460,'6d6f11f7-ab2e-495d-b899-61a4013e87e1','American Ocellularia Lichen',20,274,1),
	(461,'b16d4cb7-67ac-4309-b3fc-85ddfc0861e0','Hawthorn',60,224,5),
	(462,'2a05c12f-f418-498e-9f8f-17932e0c1c84','Mapleleaf Viburnum',60,148,5),
	(463,'fbb1ed42-e2e6-483b-8845-56fa502d0ab0','Steinia Lichen',20,288,3),
	(464,'eb918527-bde7-4d9b-87b7-f820bfaa7082','Conglomerate Jelly Lichen',40,192,3),
	(465,'a99cc742-a58d-47f0-a2f5-ab04afcadc95','Bur Mallow',60,84,4),
	(466,'50c53c05-4344-4999-bb5e-1fc371a349eb','Moa Tree',40,157,5),
	(467,'0da5d686-e51b-429f-b188-d0b74bf8aeb7','Havard Oak',40,160,5),
	(468,'aa282ab2-e314-4e21-8934-0453b317eb44','Balsamroot',40,177,2),
	(469,'a0c6fc94-51c1-4b06-b6d5-9961e1d3b0db','Purplespot Gilia',40,81,2),
	(470,'9d7a05cc-2869-4336-a814-a3e1b54524d3','Papaya',40,273,5),
	(471,'3430e0dd-a944-4eff-9bc4-261dbbef4ba3','Yam',40,100,1),
	(472,'f57aad02-6f64-402f-af2e-95fa281c4304','Pylaes\' Sphagnum',20,287,4),
	(473,'65fdc54b-1d47-4cb1-ade3-9b29046d7a79','Mason\'s Jacob\'s-ladder',60,219,5),
	(474,'9779ce38-46cc-4c5d-9728-73280d3c1b1d','Brown\'s Indian Rosewood',40,174,5),
	(475,'96afaa23-9893-4f13-99d4-e3b7eeba7984','Wild Bergamot',20,293,2),
	(476,'c0f09dca-40ad-4799-b078-a3d89eca0eb9','Sophisticated Graphina Lichen',20,244,1),
	(477,'6aa9cf50-a7d3-4dfa-9b69-e47dfdacace1','Everglades Key False Buttonweed',40,81,4),
	(478,'ab3f56a5-e478-44e7-8856-f2c793dbdc11','Lecania Lichen',60,213,2),
	(479,'3ba8b3b0-8cc6-4e0d-ab1a-974e82ba37d7','Ballhead Pore Lichen',60,131,5),
	(480,'7fa1a91a-f49c-44c9-982a-b5be87d4228c','Curame',40,272,5),
	(481,'0ac9e24c-7a36-4281-9657-8f98a32dbbc2','Baphia',40,174,5),
	(482,'139a2761-7cd8-4401-bcaf-7030c69106dd','Ladies\' False Fleabane',40,206,4),
	(483,'df50abee-d004-46b5-9ba1-327b28f987e7','Pygmy Linanthus',60,109,1),
	(484,'e185cfd6-9343-4a91-8272-e6846b8c0384','Sagebrush Indian Paintbrush',40,240,2),
	(485,'81414013-d131-4132-9dca-22f8eccd4f56','Antillean Furcraea',40,167,2),
	(486,'790b0483-0d42-4a39-a694-c2d3ea67c0db','Melaspilea Lichen',40,102,3),
	(487,'93912954-860e-4a1d-8210-009e2746671a','Virginia Pinweed',60,182,3),
	(488,'5c257e67-711e-4fdb-9258-2ddf5e97cfe7','Dracontomelon',20,108,2),
	(489,'84496771-6650-4e03-b14b-c21117f492dd','Funeral Mountain Milkvetch',40,90,3),
	(490,'03580123-7203-4e10-a201-aedc03eecd57','Tulip Poppy',40,124,3),
	(491,'e8b59c6c-8869-4b9a-a4b6-a15b2dcd2fac','Rogue River Milkvetch',40,66,1),
	(492,'df319464-6893-47d2-846c-7465bdaf33df','Folded Calicoflower',60,90,5),
	(493,'05274786-70c4-4bff-8503-a600e5fe5730','Douglas\' Bluegrass',60,205,1),
	(494,'d1b3f097-0844-4c9b-8481-7b5f3ddcee4d','Lundell\'s Nailwort',20,277,2),
	(495,'ffa19535-bbc4-491f-8f64-3a38b0a487f4','Giant Ironweed',40,69,2),
	(496,'b8a73eec-18a7-44dd-95f6-93f03255c131','Waterfall\'s Milkvetch',20,96,4),
	(497,'b52a3c2f-f006-4c79-90c1-3282fd9a43df','Calliergon Moss',40,125,1),
	(498,'b86a5f5e-159a-407f-b307-21d7fb098a79','Woollypod Milkvetch',40,134,1),
	(499,'4ea9c132-1f6a-417d-a7b8-3b630ff2134d','Chiricahua Fleabane',60,162,3),
	(500,'843ec8d4-2d6b-458c-b894-caf5a51ffd4f','Spreading Cotoneaster',40,189,2),
	(501,'83862f0d-7ec7-42be-91a0-4ea3be549361','Lens Pod Milkvetch',20,295,2),
	(502,'4fbbb010-36a0-4624-b3ec-017e6e98963d','Fraser Meadow Garlic',20,220,5),
	(503,'901d04b1-8b44-4538-b6ee-77e0d34ee52f','Rue Anemone',60,232,2),
	(504,'af694b8a-77e6-4ed9-9a48-3d97941a47b2','American Mycocalicium Lichen',60,73,2),
	(505,'ee898263-5ed4-4e91-8a30-d2d21247b7be','Tidal Spikerush',40,110,4),
	(506,'191acb62-93b2-4d90-8fa8-7a0683fae3c4','Dalbergia',60,106,1),
	(507,'63bbb58f-2807-46c9-b92b-57db0b017748','Ridge Johnnyberry',40,273,2),
	(508,'7ca03668-72b1-478d-8173-a46f338315a1','False Leopardbane',60,73,5),
	(509,'8dcde5bb-4b6a-4ac2-bd9d-d23f031b1145','Beach Sandmat',20,111,4),
	(510,'3fa89b93-9abe-4dd1-8621-79f69625ddbe','Chard',20,294,1),
	(511,'653d9e72-39af-425f-9717-a86634f32bee','Luisierella Moss',40,219,2),
	(512,'439fbe59-bec3-4ff3-9285-133d77bb4f5c','Winged Elm',20,227,4),
	(513,'e83a85ae-0a25-4f10-a255-39b53f2000cc','Hungarian Iris',20,77,4),
	(514,'0cb5b7d0-dc37-4dd3-b953-2d1775fd0271','Woollypod Milkvetch',60,295,4),
	(515,'a9b8df2b-f84e-49d6-85c4-51bffd440aac','Hill\'s Lupine',20,79,3),
	(516,'9c4f52c3-93e4-4663-863f-3b48e0d29e3f','Jau Jau',40,103,3),
	(517,'6372efe8-9aef-4094-b992-94f69aa9034f','Calammophila',60,174,2),
	(518,'74b386e4-d928-4166-8005-dba7d3f61c71','Toothed Flatsedge',40,64,4),
	(519,'25f19e9a-82ef-4c02-a1b2-7616cfb60668','Running Clubmoss',60,76,1),
	(520,'95c7cb47-0a67-409d-a1c4-dc216f80529d','Mexican Homomallium Moss',40,249,4),
	(521,'c9123e47-7a9f-4b02-9ddd-4986fd515273','Almquist\'s Allantoparmelia Lichen',40,105,4),
	(522,'fff7d15d-e39b-488d-83ab-3fa4b7feb512','Spanish Moss',40,80,4),
	(523,'65b8583c-c496-4b97-b165-368e4d694323','Leafy Spurge',40,139,5),
	(524,'b0028010-c3a2-40dc-a740-8d1f68dd8fed','Fanwort',60,234,4),
	(525,'8cc75f43-0d28-4b90-8fc0-c9ef53c6fbf1','Italian Hedgenettle',40,261,4),
	(526,'7d03cf13-72fd-436d-8162-436cb8468989','Bulb Panicgrass',20,95,5),
	(527,'ef4dd520-868e-47a9-b5cd-c73d04fc0320','Brazilian Wild Petunia',60,64,5),
	(528,'60cf98ee-4276-4bba-9865-c1385c08317c','Palmer\'s Zinnia',20,258,2),
	(529,'d95a671d-42ad-4644-8d62-26acbf495fbb','Aji',20,206,3),
	(530,'81400002-c957-46d8-8a72-c558c429cccb','Pretty Cinquefoil',60,128,5),
	(531,'c2823db5-4cb2-48bd-9691-8b18e50f5b7e','Cracked Lichen',40,67,1),
	(532,'c1b736e9-772d-40a5-b1cd-e34a99a3a159','Desert Deathcamas',40,214,4),
	(533,'0a2301d0-7784-43f1-a16a-4458f1339c7b','Palmer\'s Saxifrage',20,262,1),
	(534,'756fe80a-1346-432e-b809-fb74de4218a7','Hooker\'s Milkwort',60,276,2),
	(535,'39411ac9-46ff-45f2-a0a0-7d414abd98a7','Chicita\'s Giant Shield Lichen',20,289,5),
	(536,'82245f16-1e80-4d16-9221-6410f719569b','Prestoea',40,272,5),
	(537,'c2980077-b302-4690-b704-d87775d9d2f2','Wavy Heliotrope',20,259,1),
	(538,'9e8e67cf-db05-4940-a9f0-9c724c3802a0','British Yellowhead',60,118,2),
	(539,'e9380a12-556f-401a-9228-3685171f9aa7','Gray\'s Bur Cucumber',40,162,5),
	(540,'447dad40-6725-471d-8b55-49702b234f70','Longspike Tridens',60,200,2),
	(541,'6d0c6d8d-200e-40fd-81f5-83898022e30e','Round Sedge',40,243,3),
	(542,'57698854-77d8-440e-b229-768486ef7f22','Hybrid Violet',40,64,3),
	(543,'a39f3395-4d48-467e-aa93-77e1deb5092c','Greater Yellowthroat Gilia',40,247,5),
	(544,'813a5c49-19a2-4f20-9dbe-e88b276f877d','Largeflower Triteleia',20,242,2),
	(545,'bc33dc46-6b07-4147-bbb2-7e4da708d578','Thelopsis Lichen',40,256,3),
	(546,'9c4ef075-3eb8-43ac-8459-a1ff257af449','Brownplume Wirelettuce',60,212,2),
	(547,'ad8c34a7-fde1-4681-bc08-14b04db678e4','Pinto Beardtongue',20,234,4),
	(548,'2f9b2e3c-d378-484e-ad82-193e4fd0f1a6','Creamflower Rockcress',20,248,2),
	(549,'cc5cd270-0689-4e5a-965b-504293585c9d','Shortspike Windmill Grass',60,94,2),
	(550,'ae4fa637-2da3-4f1f-85f3-4e2c327cce39','Pore Lichen',40,247,1),
	(551,'876a1616-d291-492f-a4fb-1a4ee5d03534','Pore Lichen',60,274,3),
	(552,'3f1b8261-95a1-429b-9f7d-46c5c9a0ae02','Beardlip Penstemon',20,198,5),
	(553,'d1c59726-4950-497f-bd8a-f6c75261d20a','Arctic Pennycress',40,245,2),
	(554,'cc1944a5-adfe-497b-8917-fe98bb80eeb4','Carpenter\'s Groundcherry',40,249,2),
	(555,'87c9e0c9-5bed-448f-a1ad-0f7f511205f4','Meehania',20,181,5),
	(556,'53effe55-0541-4389-b0eb-c8a512241dfa','Soft Globemallow',60,188,2),
	(557,'5a47b29c-2663-40d1-968f-5754a65f5d1f','Goldeneye',40,98,3),
	(558,'1429eb25-a3c6-44a4-8e6f-4d505202d691','Fringed Spineflower',60,132,3),
	(559,'7aa8e812-db32-4821-bbc0-cb8b62f92655','Huachuca Mountain Spurge',40,183,2),
	(560,'9f0f0c27-4852-4ce5-9f12-7378b7426ca3','Urceolate Dactylospora Lichen',40,257,3),
	(561,'7aeeb064-4810-4dcd-b274-4df03c757795','Augustin\'s Dotted Lichen',20,147,1),
	(562,'5a7972d4-056b-4095-840d-7a0189d3d4f9','Grant\'s Rattlebox',20,148,4),
	(563,'fd458d7a-decd-4044-aa5b-09129e730742','Fragile Maidenhair',20,267,4),
	(564,'0e4d884b-9848-4d7a-8a10-91952ff8046e','Spreading Sprangletop',20,117,2),
	(565,'7e24e9ce-6e28-44e3-90e4-55a756f64ad6','Sticky Saw-wort',40,135,2),
	(566,'40ca87b9-6808-43a5-96a6-afb900e2e142','Kenmore\'s Porocyphus Lichen',20,201,4),
	(567,'074147c7-9ddc-435c-b03c-4da25e9bc259','Leafy Fiddleleaf',20,256,2),
	(568,'429033ea-52fe-452b-adb6-e78455e66af3','Asian Oakfern',40,117,3),
	(569,'7b4df77a-ca07-45f3-9da5-b94d1db0443f','Alkali Desertparsley',20,239,4),
	(570,'91b2d9ea-8116-45f5-9975-bea62269c169','Rim Lichen',40,266,2),
	(571,'2506b752-f5de-4bf0-a106-1d79a4976075','Raymund\'s Birch',20,87,1),
	(572,'8d7bd6f7-1b1d-4b38-b988-ad8d3f709fbf','Howell\'s Violet',20,150,5),
	(573,'66325948-839c-49f5-8420-4eac2ff33ed5','Cantelow\'s Lewisia',60,75,2),
	(574,'73ee062d-3d80-4f75-8b96-895535f56c17','Orange Lichen',20,98,3),
	(575,'90468b5f-a17c-44b9-a718-a2299ef17e17','Butterfly Orchid',20,151,1),
	(576,'d3c43171-b608-45d6-9cb5-0f010055e7fd','San Miguel Calamint',40,110,4),
	(577,'b227dbbb-d9fb-491c-8f8c-3b25240ecc2e','Yosemite Bog Orchid',60,263,1),
	(578,'737c7603-7335-4bed-88cd-58338a1e3387','Trans-pecos Poreleaf',20,165,5),
	(579,'c388f7be-bcb2-4ab0-b260-4b90c94023b9','Compact Prairie Clover',40,251,3),
	(580,'802f359a-4154-4ca1-a2f4-7e1fce2dfe99','Day Valley Desertparsley',20,142,2),
	(581,'9ef8f6dd-5107-4e66-b679-d5756efceb6d','Spring Gooseberry',60,242,1),
	(582,'a0569207-bb7f-4005-85e0-c9866f461ef4','Great Sage',40,190,1),
	(583,'481cc19c-fa70-4e9f-87a9-7e729b51ee70','Yellow And White Monkeyflower',20,225,1),
	(584,'dac79a49-5381-496e-9233-563a2402e8d6','Fringed Meadowbeauty',60,82,2),
	(585,'c81cd300-5e57-433a-9275-ae972977bb8a','Amblystegium Moss',40,283,5),
	(586,'9520b31d-fa58-4ccf-8fce-d793d63107cb','Metcalf Canyon Jewelflower',40,185,3),
	(587,'8a8b4b61-a87b-4940-8517-7e4c89c3820b','Soralpouch Fern',60,214,3),
	(588,'954312b5-8d2e-46d1-abd9-6d8f678655ec','Sour Orange',40,55,2),
	(589,'bef149cb-d4ad-4494-9d34-b7a7ee4b74db','Kirk\'s Landolphia',40,64,4),
	(590,'d4846f4b-c92a-4706-bddb-0e7a19c9ed17','Tiger\'s Claw',40,135,4),
	(591,'86f828ab-eb5e-44b6-99d6-879fb65ddd90','Bluntlobe Grapefern',20,140,3),
	(592,'b8a5fdb3-5b59-4bbf-959d-d0415a8e4e21','Calcareous Scribble Lichen',40,206,2),
	(593,'64c9c866-bf80-41e0-90b9-48cc122cc764','Piper\'s Bluegrass',40,167,3),
	(594,'7a89ee20-f540-4c77-ab5b-454c43e66cbd','Pansch\'s Racomitrium Moss',60,62,3),
	(595,'ed800325-947f-4953-bcf0-b62b00cd3ea0','Bean',20,228,4),
	(596,'e8f5c649-5889-4b62-964d-07d57df63a14','Dwarf Bamboo',20,239,1),
	(597,'76240f23-c787-4bf5-b7ed-ed96b3e7776f','Neoregelia',60,116,5),
	(598,'3f544197-5fd0-4366-aeca-1318e30a6c03','Dwarf False Pennyroyal',40,234,5),
	(599,'e3bb967b-fc79-49c6-958a-9e5704ef822c','Eastwood\'s Bluebells',40,64,4),
	(600,'39bd3b6a-935d-4a9c-adef-79a79f20d658','East Greenland Saxifrage',60,241,3),
	(601,'8612e70e-59e6-4f39-80ec-07dfad1ef2da','Zion Milkvetch',20,284,1),
	(602,'7030146e-d367-4337-a63d-f835beb6a4a4','Bluejoint',60,98,1),
	(603,'01a5eafb-2e1e-4800-8d69-4d395f8d0a85','Onecolor Dry Rock Moss',20,258,4),
	(604,'9ca1bb86-37ac-49b3-be71-78215e1ea93c','Biennial Woollywhite',20,187,2),
	(605,'a24bcbe1-5527-4cdd-8904-94be850ab8da','Hawai\'i Delissea',60,140,5),
	(606,'5517defe-1ea9-4aa0-bc7f-f86c0798ec19','Mountain Pride',20,55,4),
	(607,'cc235ca0-a3df-48fb-90a9-54c7ba9f19fe','Dwarf Saltwort',20,58,3),
	(608,'700787bd-f95b-46c5-ba92-dc8f1738bf66','Oriental Mangrove',60,211,4),
	(609,'0acea4e5-f585-478a-8fcd-eefb6bcd3548','Gooseberry Gourd',60,292,3),
	(610,'a1c404be-d0cd-4aa0-91c8-19c7a34ee68e','Aloe Yucca',40,87,2),
	(611,'2d341702-f40c-40a7-b9c7-1b6b5ef2ec6f','Scurvygrass',60,267,1),
	(612,'9147fede-7b2d-4ec6-8dc9-4bf1cf8c72aa','Pennsylvania Blackberry',20,144,4),
	(613,'746312ee-9806-4d88-a5b2-dd5187de5989','Goldback Fern',20,260,2),
	(614,'ac21ee25-4562-4235-9ae7-a0ffe8e3ad19','Upland Boneset',60,154,2),
	(615,'9909bf2d-2e59-456b-a1a1-233c1f71e082','Clammy Goosefoot',20,170,2),
	(616,'a9a3eeb1-ac4d-43ba-83a7-76fc7f3b366a','Jelly Lichen',60,260,5),
	(617,'66eda1c2-f89a-4739-8c19-bba1ceaa84d5','American Century Plant',40,77,2),
	(618,'49f16bdc-9b8a-4eea-9891-f11efbaf6c83','Jacobi\'s Schiedea',20,230,4),
	(619,'97f6944a-92e3-4182-8217-f8fbc795986a','Koerberia Lichen',60,256,1),
	(620,'3d96150f-3ad0-4fa5-9c76-ddbff3e84b31','Lesser Galangal',60,266,4),
	(621,'5417bcac-a146-45ca-9350-5dcfcdc6d966','Bristly Nootka Rose',40,295,2),
	(622,'a4d7e33a-7afd-4ee9-997c-9ac5e374fc72','Wedge-leaf Hopbush',20,167,2),
	(623,'154ef0dc-39bb-423a-9888-d11f32c1131a','Seaside Buckwheat',40,193,4),
	(624,'db779481-ddff-4289-83f3-0dd1ce1aacee','Corynocarpus',60,204,3),
	(625,'d7900137-f8af-4410-8b51-b988e672ce0f','Barreta',20,279,2),
	(626,'fec0b8ae-41fb-4e90-9e2a-4ac1459336d7','Osceola\'s Plume',20,157,1),
	(627,'01ce9ccb-955d-4f3c-9091-cc70e6205b53','Slender Sensitive Pea',60,86,2),
	(628,'e0c19cb1-885d-4712-84d5-588d1d9b0f90','Trans-pecos Beeblossom',60,201,4),
	(629,'dc04cba1-5c1e-42be-ba07-0d47c7ccccfa','Yellow Rabbitbrush',60,174,5),
	(630,'7a23ab9b-a2d4-43dd-906e-dd0fc58a602a','Smokebush',40,298,2),
	(631,'fbf3283c-bf56-4e3d-8f17-bd9b220ea417','Evergreen Sumac',40,224,2),
	(632,'9002a746-cb77-4d5b-8caf-36568b045d0a','Contracted Ricegrass',20,240,5),
	(633,'ee378d0d-ee37-40d5-9717-6aab47085f76','Reticulate Cetraria Lichen',20,73,5),
	(634,'fedaab86-dfb7-4d1a-ad73-1c594ecff094','Water Yam',60,135,3),
	(635,'661d42aa-e5c0-4d3b-a908-1df75f4ad854','Astrothelium Lichen',20,157,3),
	(636,'116c30df-8420-4240-a468-8fe04e1c751c','Bulbothrix Lichen',20,139,1),
	(637,'8f25b1e7-a84c-46e2-b6e2-80ee6aa626a6','Threeleaf Foamflower',20,189,4),
	(638,'8966b9de-6942-412f-8e24-1f564f7e0930','Poorman\'s Umbrella',40,216,2),
	(639,'d085a3f8-9500-41fb-9d83-d22a072c735b','Bloody Geranium',60,73,3),
	(640,'17539b55-d4fe-49e2-9de8-006441bb21e0','Melonleaf Nightshade',60,152,5),
	(641,'f01cb871-502c-42ad-a308-a6c020d414d8','Lime Fern',40,118,4),
	(642,'0dd212a7-a26d-4ca4-ab2f-cf38b12ffb45','Orange Lichen',40,211,3),
	(643,'2913462e-7812-48e8-af59-57bcca134eb7','Bushy Knotweed',60,272,2),
	(644,'b41ecdfa-6f49-4bcb-8697-c1046b519050','Furbish\'s Lousewort',20,154,2),
	(645,'79445b18-094c-4d2c-ac30-a920ab63be77','Desert Aspicilia',60,300,4),
	(646,'c595abd9-a229-47e4-9528-196178401158','Dwarf Woodsorrel',40,292,2),
	(647,'711159d8-8d65-4b80-a999-b55f79b2d98c','Crabseye Lichen',40,225,4),
	(648,'6439b99c-2485-40f7-b0ae-c13b2af6dbe1','Dwarf Bundleflower',20,259,4),
	(649,'abf0220e-62ff-4cb7-bbd4-04ff45b368f4','Coast Range Stonecrop',60,204,5),
	(650,'f6314fe0-cb53-4b58-a5b9-bfb17ec75361','Spike Lichen',60,196,3),
	(651,'1ab08152-8829-4da5-be71-5b2bfcf0d1af','Mexican Thistle',60,267,1),
	(652,'4d185afe-a257-4aba-9752-f557e0db723b','Shortstalk Sedge',40,251,4),
	(653,'86d661cd-8257-4941-b2a2-a3ee66135132','Gopherweed',40,203,5),
	(654,'23745b83-9bad-448e-babc-1969247bbacc','New Mexico Spiny Milkvetch',60,205,3),
	(655,'d30473a4-da11-446c-a3f1-c25a106a6cd1','Bearded Sprangletop',60,81,3),
	(656,'a2f2065c-6e63-4bf1-98f5-ebddecc6f327','Largeflower Skullcap',20,268,5),
	(657,'eecf0e66-a91c-4990-898c-26549c0a6223','Eastwood\'s Fiddleneck',40,172,2),
	(658,'70afb90f-71b6-40ff-8300-abeef7aa8e65','Cattail Grass',40,272,3),
	(659,'de11c9a2-d4e4-4459-9948-9f875f321e3d','Widespread Rockcap Fern',60,184,3),
	(660,'f0b5f728-5430-4372-a185-58f16a152730','Lemmon\'s Poppy',60,127,3),
	(661,'caff0096-1289-490c-aac0-89df34f367cd','Incense Cedar',60,98,3),
	(662,'f219e0d7-867d-418a-b48c-12b4311fc16a','Cuero De Sapo',20,105,1),
	(663,'5fd55a96-910f-4333-96b7-9defd029e005','Florida Nutmeg',20,295,5),
	(664,'ddfa9968-a8d5-4edb-88dd-93319b1b09ac','Dioscoreophyllum',40,130,1),
	(665,'72644297-b433-4f0f-9e68-c3f6c0bc80c3','Rim Lichen',60,167,1),
	(666,'1416137a-e04d-4f62-866b-83636f76ec72','Hanging Sedge',60,76,5),
	(667,'40afdaca-2d9f-4dd1-a33a-243c82a7d382','Antilles Clubmoss',60,275,4),
	(668,'51d363cf-c021-4bd6-a2b1-0642d28ec685','Intermediate Orange Lichen',20,149,3),
	(669,'937d2e3e-8c8b-4764-8b0a-f4a47414cdfb','Common Woodrush',40,245,2),
	(670,'157451fe-8a01-4ea9-916f-9d21b873618e','Pore Lichen',20,274,1),
	(671,'999cbf8e-cd53-4cc6-9f9b-e87510803c84','Coastal Larkspur',60,186,5),
	(672,'2004d99d-1027-42b9-b4cd-f283be2abe3a','Feather Pappusgrass',40,158,1),
	(673,'2d82792e-305d-4b3d-b3c8-c9708b6c4657','Sophisticated Graphina Lichen',20,270,4),
	(674,'f4b510fb-4603-4f99-b8ab-69cc4c2175e6','Chihuahua Tansyaster',20,248,5),
	(675,'6e6895c6-07f4-4860-a1ee-4bd80b3690d7','Punctelia',20,214,2),
	(676,'1ac8b665-63d8-4ec5-ba49-93c6bc096517','Cup Lichen',40,120,3),
	(677,'9c2803d5-dfe6-4c5c-af65-28c2ae7e33a4','Goldblotch Gladiolus',20,58,3),
	(678,'1462b16e-893e-4cf0-800f-2693a42a7c12','Hempleaf Ragwort',60,273,1),
	(679,'ad5a9dd9-9577-4c80-bdb9-3b2bb1af74fd','Puerto Rico St. Johnswort',40,210,4),
	(680,'9ac02448-0422-42d5-9606-187f4515827b','Fall Tansyaster',20,147,2),
	(681,'1d010a6b-433d-4586-a35e-4e99c05e3111','Visher\'s Buckwheat',60,275,4),
	(682,'c6d66014-d919-4556-84ce-e4b07a5ad595','Glandular Clarkia',20,138,1),
	(683,'8216e5da-0f7b-40b3-9034-b15cb9faefd7','Middle Butte Bladderpod',60,150,5),
	(684,'6b7ccd07-04c8-4a83-93ea-02c25767cdd6','Pine Barren Sedge',20,124,1),
	(685,'d44ce292-5444-43e6-9a56-2381c60fbbf2','Hybrid Pitcherplant',40,118,2),
	(686,'072e297e-8c5a-40b2-9ffd-37cec0523fc1','Chilean Jessamine',60,200,3),
	(687,'29f12890-e00e-4f60-9386-ceb9d5e06e24','Emperor\'s Candlesticks',60,198,1),
	(688,'4191c26e-a20b-422f-938b-fae2d95cb12f','Woodland Sage',20,75,4),
	(689,'aec1b7ba-d101-40ae-a9fb-ff5acc8ac451','Pseudostellaria',20,282,5),
	(690,'efdeee82-40c5-4bda-9f16-71af954f83ed','Suncup',40,234,5),
	(691,'5e3f94a9-67b8-40e8-8f8d-a3e7d5fa7786','Texas Yellowstar',20,245,5),
	(692,'0e1830c3-80a8-4644-83f9-d5e168a820d2','Fivepetal Cliffbush',40,185,4),
	(693,'22e94f44-0692-43ea-84e5-750073412d36','Anisomeridium Lichen',60,266,3),
	(694,'d67162ae-0747-4631-add6-5dd9a7b5ae80','Palmgrass',40,162,1),
	(695,'603bcd7c-c0b7-40f0-abf6-7536a57fc64b','Dixie Whitetop Aster',60,169,5),
	(696,'692609a4-65cf-4042-9fb7-cc4c02aa490c','Spindle Tree',40,131,5),
	(697,'6266e6bf-5948-45e7-8446-039c7ef50395','Fe\'i Banana',20,101,4),
	(698,'a59a598f-3a92-4ac1-a53f-af3beb247a11','Gulf Spikemoss',40,132,2),
	(699,'ad4b58e2-e2f7-4f02-b4ee-496361fbf3f8','African Feathergrass',40,71,5),
	(700,'7080a53e-ff5e-48cc-ba54-21ca433475b3','Parkland Panicgrass',40,101,5),
	(701,'5721126d-70ff-40f0-ae49-fb4fe42446c4','Pygmyflower Rockjasmine',40,185,4),
	(702,'fd52e7c0-4b28-43e7-bf6b-174c148fa2df','Desert Agave',40,123,1),
	(703,'c2f871a5-8f01-4fdd-b772-d64de9ed459a','Common Milkwort',20,185,3),
	(704,'8d09128f-0f1e-45f5-99c1-4505df2bd49f','Fairywand',60,271,4),
	(705,'d5cbdc55-72c4-44a7-900e-188c1a63408c','Spiral Ditchgrass',60,177,5),
	(706,'4a1efea0-7025-480e-a2b3-b54e3debbd22','Arroyo Willow',20,287,5),
	(707,'2924042c-319e-42ff-8d10-a21502ff40d9','Blue Panicum',60,193,4),
	(708,'02f70f2a-cfd6-4941-ae66-ad047febcadd','Desert Winged Rockcress',40,66,4),
	(709,'7b64a410-c456-4257-9df6-8416cbe7260a','Aster',40,208,5),
	(710,'64c69a57-7b4f-43cc-8689-0b0169e5ecea','Panaunau',60,137,1),
	(711,'7dd663da-9d57-4d72-adf5-ab091f0abc94','Hevea',20,276,2),
	(712,'94a9a25d-82b6-48f8-ab9c-7ce37a9d18a0','Dwarf Red Blackberry',60,285,3),
	(713,'96de6d86-5e57-4a95-aa11-41f42f3b6351','Small Tarweed',60,183,3),
	(714,'f4eaa575-f9c7-4f2b-b26a-d5a4c0767558','Prairiedawn',40,254,2),
	(715,'2f368e67-d6dc-4bab-af50-fb9b3bd4e740','Lyon\'s Pygmydaisy',40,245,1),
	(716,'00b6b8d7-ab1d-488a-b468-cddd62462cca','Protoblastenia Lichen',60,84,3),
	(717,'2415b244-a602-4e43-a3d5-cc4d0566db98','Saltmarsh Dodder',20,277,4),
	(718,'0a497b92-537c-44d6-a2e7-e4e79d334123','Pubescent Lemmon\'s Needlegrass',60,174,3),
	(719,'a25b107f-7b6f-4238-9c0d-ee95540fc005','Manybranched Pepperweed',60,186,3),
	(720,'4ea9e280-5a82-4b8d-8869-5b5eda96a403','Mountain Snailfern',40,76,5),
	(721,'aefcdd8c-2ca9-4ddd-8847-75d539f67002','Spiked Manihot',40,282,2),
	(722,'3c0cc701-1c97-4bb5-97ab-e5fa77891872','Scribe Popcornflower',60,168,5),
	(723,'f313c0df-4cd5-4741-9e6d-188f92c82ab7','Aspen Onion',60,237,4),
	(724,'2b3ab73b-c771-4449-b67e-291b91aeb9ef','Aleppo Oak',60,131,4),
	(725,'466127f1-222c-4c7e-8ac1-dbb841da9c90','Murdannia',20,121,4),
	(726,'9258d47c-a4c1-43f5-a15e-d7c838be3216','O\'kennon\'s Hawthorn',40,143,5),
	(727,'a3a7cb74-c4a7-4070-9dd5-60a67c2ced56','Longstalk Clover',40,164,3),
	(728,'829f9e0e-43e1-4b0e-bd1b-4834cea7522b','Doll\'s Daisy',60,295,1),
	(729,'562be874-ef6a-4ba8-9442-ee8409bd7595','Winecup Clarkia',60,183,4),
	(730,'9b905290-cfae-4b07-8e7a-9050dfd5cf19','Heufler\'s Cracked Lichen',60,159,3),
	(731,'39f8aa38-d7cc-4f94-acd8-ae4555d8f700','Kates Mountain Clover',40,243,5),
	(732,'f8dc6cab-194c-48eb-9bc5-e5a0e776ec82','Needle Beaksedge',20,134,2),
	(733,'697716fb-ab75-43e0-90a0-98fdd6f1b715','Daphne',20,270,4),
	(734,'5fb0b038-87fd-468c-b161-e5f2e1314ed3','Common Selfheal',60,124,4),
	(735,'6d870769-bda3-44dd-bbe0-afe88e10aab6','Slender Goldenbanner',20,197,3),
	(736,'13fe1890-969c-43bb-806e-ca83a4e581d1','Waterspider Bog Orchid',20,120,1),
	(737,'9e96707b-251d-4a97-b609-bddeb75f48a7','Clavate Bentgrass',60,214,3),
	(738,'3281a5dd-2cdb-4910-b9ab-d3d0cb13806b','Small White Violet',20,107,1),
	(739,'4f053e93-3b38-43d3-8362-d6069b142610','Volcanic Gilia',40,97,2),
	(740,'c17551c1-4bd6-44bb-a4c5-65097ca31b2d','Appalachian Sedge',20,240,1),
	(741,'868bce46-3bb6-4518-8c96-b865426162cb','Hooked Pincushionplant',40,237,4),
	(742,'a2f9fa0f-2dea-446a-ac8c-f26b17505887','Common Lungwort',20,102,4),
	(743,'7e799966-929d-4d0c-80e8-06f9f9779510','Bog Rosemary',60,168,4),
	(744,'ee66328d-d9fd-443c-b125-8488d738157c','Mat Amaranth',60,205,3),
	(745,'1d91308f-254b-495b-b8d9-d75ba1c12ed5','Nevada Rockdaisy',40,223,2),
	(746,'6327f87a-5fe4-45bd-88f9-fcbfc1fcca15','Kaulfuss\' Spleenwort',40,165,1),
	(747,'122a554d-3da5-4be1-bc5a-a36a6218bee3','Prairie Straw Sedge',40,204,3),
	(748,'05b23e82-35b3-49ef-ac8d-1e6296c69570','Lanceleaf Anoda',60,116,1),
	(749,'126c39ed-fad3-47d0-8ea6-323f3d542575','Pottia Moss',40,274,2),
	(750,'c87a3002-6840-4548-9191-d5169c7dd06d','Small-leaf Pussytoes',60,144,1),
	(751,'8e862b57-0a22-4301-8b0d-23da677eaceb','Georgia Quillwort',40,276,5),
	(752,'6e051349-d177-444c-bc8e-976832438302','Indian Plum',60,59,4),
	(753,'49cf6f40-786d-4c0c-972c-19b982e4d4a6','Sandgrass',60,90,3),
	(754,'e0688303-be9a-435d-befe-c4120125cbb3','Pringle\'s Speargrass',20,246,3),
	(755,'a5f156ab-45af-444d-aad1-7b3fadadb3a0','King Bladderpod',40,103,3),
	(756,'548f24c3-cff6-492f-813e-cc24e052a0dd','Sierra Fawnlily',60,191,2),
	(757,'f8dfff50-2844-47ad-874c-cc62658175f0','Texas Croton',40,224,5),
	(758,'5682c622-b173-4eac-8eb8-d3caf76a9dc0','Privet',60,193,2),
	(759,'8a990bf2-33bc-42cf-9080-b8b7bd1a2a38','Cypress Swamp Sedge',40,248,4),
	(760,'0f0f4d57-ca9d-4330-bb18-6b07c714de69','Aceitunilla',40,79,3),
	(761,'7e315c9a-d3ef-474c-9629-e270c7db8c04','Marsh Mermaidweed',60,139,2),
	(762,'7e0ca3ca-021e-477d-83fd-6de4319f0dab','Woodland Pinkroot',20,283,4),
	(763,'d3895b1c-bf90-4378-970a-57afd1946055','Tolstead\'s Erigeron',60,97,4),
	(764,'334d3d84-e104-4b6c-9f0b-667e19f024a8','Southern Brackenfern',40,262,2),
	(765,'60a9892a-77d6-42c7-ab49-1be9a4bb7657','Cuban Nutrush',40,99,3),
	(766,'1312771b-43df-4077-9ce8-6eb8f4127a57','Engelmann Spruce',20,285,4),
	(767,'901ee81e-31b3-44ae-83cc-870c7c540612','Mountain Necklace Fern',20,293,5),
	(768,'e517e6e0-850a-4ab8-b877-bd90d97d3b0d','Starlet Spineflower',20,136,1),
	(769,'8522b841-fca3-4919-a5dd-0ae178bc789c','Callicladium Moss',60,178,2),
	(770,'75d36f31-9c37-4dd2-beab-e064b5494826','Oakwoods Dewberry',60,208,3),
	(771,'1647e79b-0b61-4923-9f83-51de6ac63bac','Edwards Plateau Hoarypea',20,133,4),
	(772,'f062e8fc-6d8a-440c-af73-dd9ba167ae10','Hassler\'s Noddingcaps',40,170,1),
	(773,'bddd6cb5-0fce-43dc-a877-63ac3c73c34a','Shoeblackplant',40,109,4),
	(774,'d1f73d71-77cc-4fcd-a998-09181a19c6a0','Shrubby Nightshade',40,259,5),
	(775,'8dd4644d-8b62-4f1e-8932-fb0b80dff86e','Cardn',60,185,5),
	(776,'a481b531-22e0-4ea7-bb44-82a65b76ab87','Porpidia Lichen',60,271,5),
	(777,'7bf35d79-dc1a-409b-b86e-024da945ffbf','Slender Snakecotton',60,98,4),
	(778,'39ddba51-3a7c-4669-811f-96ec2ab65c10','Chinese Crab Apple',20,194,4),
	(779,'95eee1a2-6b1d-4989-b43a-3c6990d26d44','Bagflower',60,142,3),
	(780,'be38c8db-ec85-4e82-b750-2b9eb1995331','Chamaelirium',40,206,1),
	(781,'73edf4df-f41b-4016-806d-683a7cbc1d5a','Swamp Stonecrop',20,226,3),
	(782,'8a2c9bec-7946-401c-b808-af97a436c8f8','Disc Lichen',40,82,5),
	(783,'d3845361-f60d-4da0-8a2d-17c22adfdb1d','American Aspicilia',60,231,3),
	(784,'0c408b4c-d651-48b9-843d-d4ca6443b127','White Rattlesnakeroot',40,85,2),
	(785,'93bdf7f8-e427-4864-b3fb-afa12e9f15f9','Pondweed',40,88,5),
	(786,'d79c7a8e-36dd-4c87-aea4-ffe3193f6c7f','Chinese Lacquer',20,133,3),
	(787,'0a23914c-d809-40e6-a224-3a82a05e6f80','Transcend Cup Lichen',40,76,2),
	(788,'55b3214b-098a-4d7c-a2ce-a6cab7ad5693','Orange Lichen',40,152,3),
	(789,'e5522b41-51ab-47ed-8763-003d622051b8','Junior Tom Thumb Cactus',20,225,1),
	(790,'36db3ff8-65af-479a-a389-8d8dbf8bec70','Mourning Milkvetch',60,150,1),
	(791,'5a028238-88ef-43b8-8a4f-9b814be251f9','Hardheads',40,160,5),
	(792,'306db6bc-25f2-40ec-a0a2-d5b5ae719db2','Utah Bladderpod',60,192,3),
	(793,'ae6abd4d-84a9-4e9b-8d89-7592f663b8a2','Ravennagrass',60,188,2),
	(794,'323815d9-4335-4a5e-84c2-94635cd10e78','Sanderson\'s Burrobrush',20,106,4),
	(795,'44a5d981-a703-4435-b6c8-5bc7b7e511a2','Roesler\'s Cartilage Lichen',40,124,4),
	(796,'f85a6082-3d21-438b-a31d-e8d5879ff317','Cranberry Cotoneaster',40,95,2),
	(797,'a112dff2-702e-46e2-8dff-153b6bfc904d','Mule Mountain Brickellbush',60,255,1),
	(798,'96953ea1-d82c-40f1-a0f8-3187c4f2ceda','Santa Lucia Phacelia',20,91,4),
	(799,'fcca7139-7871-4dc5-8142-4918cbc6b634','Palmer\'s Indian Mallow',60,63,4),
	(800,'6f2700fb-c217-46bc-b45f-93db6a12e66f','Flowery Phlox',40,67,2),
	(801,'cc28a965-b8ba-4b3f-9614-42ba518e2ba6','Fink\'s Wart Lichen',40,251,5),
	(802,'fd7a7b98-edea-4c00-95d7-70f538726f13','Hall\'s Suncup',40,115,4),
	(803,'319e7c8d-4283-4cce-8a26-13759ab6467e','Bladderpod',60,230,3),
	(804,'a5c52499-85ce-4bfa-9b4c-dfc7e4da3105','Combleaf Rockcap Fern',60,186,4),
	(805,'aaa6682b-45cf-4ac2-bae6-8a02895f77dc','Fryxellwort',20,158,2),
	(806,'8a18b0c5-db57-4be0-98b0-8236bdd382bd','Arrowhead',20,167,5),
	(807,'2a267f90-e62f-48d8-b70f-cf722c3a9222','Tanoak',60,188,1),
	(808,'67ed68c2-460b-4b55-8424-74cf92270a6b','Eurasian Junegrass',40,295,5),
	(809,'37efadd6-4be9-4c52-b77d-1aba86e6162e','Fimbry',40,203,5),
	(810,'62dac279-7656-445c-b832-1047cf3562f5','Stemless Four-nerve Daisy',60,191,4),
	(811,'64ea67ba-136f-4300-8887-66fe67f6f0b1','New Mexico Evening Primrose',20,185,3),
	(812,'f0d4152c-7e88-4ab2-be2d-5c9699ecef07','Hardgrass',20,95,4),
	(813,'34661cfc-a00b-459d-bcbf-f7ab976fb6e2','Rim Lichen',60,265,4),
	(814,'898add59-c117-4ed9-b74f-df68a2175d1a','Bushy Knotweed',60,218,5),
	(815,'ac620c82-3db9-4059-882d-58f5f7bab2a5','Coyote Ceanothus',20,197,2),
	(816,'f652fe85-e024-4156-94be-4030f795ecf0','Common Juniper',40,98,5),
	(817,'85e700c1-c623-49b6-970b-25b338191e96','Javanese Fanpetals',40,129,1),
	(818,'233f24f4-8b5b-4967-b3b5-e4cc16a2d77e','Crabseye',60,59,2),
	(819,'87adef66-71e5-4d8a-ad30-f09eae2d85d9','Broadleaf Stonecrop',40,295,3),
	(820,'90d4df55-4295-44dc-964c-82e4463bd02b','Iris',40,88,2),
	(821,'9aa6c46e-d374-44ae-a7b8-b914bf880ecf','Council Tree',40,79,4),
	(822,'67fb5e83-66aa-4be9-9b53-21052f96ad70','Harvestlice',20,279,3),
	(823,'99a3d39e-cf5f-4544-8c18-2d82166ffd61','Venus Penstemon',20,286,2),
	(824,'cae16fb9-179f-49a8-bb44-38fe214256f3','Starry Rosinweed',40,274,4),
	(825,'b590fd31-cdc8-4278-a054-15a94013cb80','Falsegold Groundsel',40,152,4),
	(826,'e44d0861-9d26-40af-bffe-a745b91c88df','Scott Mountain Phacelia',20,107,4),
	(827,'d09851eb-26a3-4758-8b4e-8f2f48a7651c','Lakeshore Bulrush',60,136,3),
	(828,'14abb23f-ec22-4699-83c7-0ec08f6201e1','Jelly Lichen',40,144,4),
	(829,'fe6cc271-8a27-4b6a-94aa-1b6f16539b1f','Havana Nutrush',20,289,3),
	(830,'179c91a6-42be-424a-bbaa-71f845484824','Rubber Rabbitbrush',20,89,1),
	(831,'227137c8-24d2-4d82-b4f1-00ead151ec3e','Sulphur-flower Buckwheat',40,102,4),
	(832,'3e623d72-dcd3-4d4f-a1e2-5bf5afe1f029','Scratchgrass',20,74,1),
	(833,'63bd2af7-52c3-4fe2-8b82-87d757a97f20','Sadleria',60,262,3),
	(834,'12144b37-9524-4bef-9847-f639d3d77b9f','Cuban Beaksedge',40,115,4),
	(835,'0b41bcdb-18dd-4aa5-9e83-cc5405c17579','Roundleaf Serviceberry',60,237,5),
	(836,'84a2e6fe-980e-4c8f-849c-35ebcfabe057','Heller\'s Beardtongue',40,168,2),
	(837,'346facac-f35b-4537-9f60-d389e466b762','Jone\'s Oxytrope',20,244,4),
	(838,'509acc8d-7b69-42ad-a07f-1da37559c9d0','Chinese Parmotrema Lichen',20,169,2),
	(839,'4f6bfe66-9687-4833-bf62-95930860a6b8','Orange Bush Monkeyflower',40,200,1),
	(840,'724068f9-d91c-4497-acc6-5b73ea082517','Red Quebracho',20,105,3),
	(841,'b61bb265-3e01-402b-b6a6-59ab474304e8','Squirting Cucumber',60,288,1),
	(842,'7bd1de97-4bfd-4957-b5b2-e5c649d97710','Rimmed Lichen',60,290,2),
	(843,'fa68925e-0a28-46a1-8c4e-2a32df0ca0ac','Billion-dollar Grass',20,148,2),
	(844,'e10e89ca-04bc-4d24-82c0-e2ecb73a6980','Pond Cypress',40,192,4),
	(845,'199432bf-c5ce-4233-9550-68b3711ab79e','Egg Milkvetch',20,55,2),
	(846,'f162e6c6-6c85-4552-84ca-dc9c80a57551','Red Squill',20,84,1),
	(847,'8269b7d6-0d8d-46b5-aa37-207a64a5d884','Mendocino Spineflower',60,147,2),
	(848,'ce7e4a8b-be2c-4216-a4ef-61a1c945fccf','Intermediate Orange Lichen',60,299,4),
	(849,'7105761a-39ba-4f8b-b0ac-535271cf218d','Subalpine Larch',40,198,5),
	(850,'0a63499b-29d5-48e9-9e3b-d2f054babcfa','Crossidium Moss',60,93,5),
	(851,'5bbdfa42-811e-4d87-a780-869310998283','Cartilage Lichen',60,82,3),
	(852,'f657316c-ae40-4e19-8739-138733342aeb','Zarzabacoa De Monte',60,173,5),
	(853,'c7ba268b-07b3-4c2c-ae78-86d28e742a11','Lobelia',60,175,1),
	(854,'8ae52742-3d76-4cd0-aee0-135cd3431c39','Lineseed',20,124,1),
	(855,'adbade8d-6f62-45a8-bf69-d495fa34c7eb','Feather River Monardella',60,257,2),
	(856,'e8718bd0-5722-4972-b8f4-c1f2d22f50fc','Skyblue Clustervine',60,77,4),
	(857,'c9d07db6-ca1f-4bf9-82fe-9d09f0ac937a','Compact Cobwebby Thistle',40,131,5),
	(858,'2785d13a-9bab-4b5d-83cf-8e9c98b23cfe','Silkybent',20,70,4),
	(859,'df03feef-2232-4d15-b945-a27a47ea20e0','Puna Cyanea',20,242,2),
	(860,'d676fc96-0115-474e-b844-6eeee496eb95','Coccocarpia Lichen',40,263,4),
	(861,'7a3513cb-2789-43f2-9c8b-e195dc7da152','Bill Williams Mountain Giant Hyssop',60,77,2),
	(862,'33c30d9e-7fff-4e7d-99d4-a27e82143c4c','False Candytuft',40,141,1),
	(863,'c34ba0a0-705d-4570-99ce-e623040d9691','Gongylia Lichen',60,209,1),
	(864,'e7d783b8-c02c-460c-92ec-a7fda85c9c18','Eyebane',60,217,5),
	(865,'fbe4a6e7-11bf-4a4e-9ff5-047b1bc1837f','Staghorn Clubmoss',20,267,5),
	(866,'6b5741e6-7f36-442a-9c96-84dc9dd19288','Bigleaf Lupine',20,65,1),
	(867,'41a3de75-cb11-4797-a936-3680e1dd9da7','Creeping Silverback',60,208,5),
	(868,'1a1ebb0c-ccb0-47a3-8e81-f817381d4a0c','Davy\'s Clarkia',20,278,4),
	(869,'c12894b5-ed0d-40aa-aace-ca407b6feccb','Yakutsk Draba',20,293,5),
	(870,'f9bc8a6f-b5f2-4348-8360-f5e3d6eaaa18','Rockwort',40,221,4),
	(871,'e7b9c37c-5066-4f42-94b4-6717c25a4970','Pineland Butterfly Pea',60,161,3),
	(872,'81b76514-4889-49c7-998e-6ea8a5585021','Small Fescue',60,84,2),
	(873,'65e8acad-7320-4ad4-ba19-d939deb6db6c','Bajalily',60,252,3),
	(874,'100eee6a-98f0-4427-a46f-aab4a548c8b3','Island Renegade',40,116,3),
	(875,'9c90b2bc-bfca-4755-861d-bb4446f7a0bd','Lacefern',20,250,1),
	(876,'86b8c74a-e263-40ae-8aab-0159644c85de','Flat-top Draba',40,268,2),
	(877,'b820638f-44c3-4fbe-99d4-04bfe653ad45','Rhapidophyllum',60,189,2),
	(878,'d60e5ea4-5490-483d-91dd-f667b2557ad6','Showy Gilia',20,238,1),
	(879,'31b79b65-6f99-4603-badf-99c7eeb59866','Harp Onefruit',40,101,4),
	(880,'5a2a74c8-e315-4f6d-99ab-8d38e1c76716','Crested Philippine Violet',20,122,5),
	(881,'44549352-b8c1-453c-919f-6ca14b065b00','Campylopus Moss',60,215,3),
	(882,'332e2c57-7edc-48a9-923b-b87ca6aec39a','Rinodina Lichen',20,134,1),
	(883,'380cc32a-653d-4284-8095-8fe02acd2de2','Pinkroot',60,152,1),
	(884,'87a01b27-3e86-4cb7-8189-f6b33ead6212','Spring Lessingia',40,112,3),
	(885,'2431c5a2-ff1d-4628-8669-7d682511a33e','Fernow Oak',40,73,5),
	(886,'76c584cf-9a70-4699-8cda-68bacd29fc44','Lehua Papa',60,87,3),
	(887,'c03bd259-9976-4716-9e77-9d03d96c7ad0','Trematodon Moss',20,248,2),
	(888,'d2600820-1c69-46b4-82ad-6309e872f35d','Purple Milkweed',60,174,2),
	(889,'f90572e9-3538-45f9-a8fd-bc0406470bcb','Anderson\'s Weissia Moss',40,215,3),
	(890,'5af15b50-acf0-43ac-a673-95a311a83ca1','Orange Lichen',20,278,3),
	(891,'859db3b1-cb99-411e-b724-d14a87ec1dfe','Liana De Cuello',60,274,2),
	(892,'51db239b-ce9b-4d52-ad56-a1e0d76adc9f','Red Hickory',60,202,3),
	(893,'e0b5be7b-f648-4f98-b7e3-8855aae04c3f','Green Molly',60,252,4),
	(894,'6f1b02d3-9203-4830-bfdd-e8800829119b','Island Brittleleaf',20,256,3),
	(895,'6c8b627d-d9fa-4864-99ee-2c77cc4907b5','Jointgrass',20,110,2),
	(896,'bad4465e-c566-4f2e-bced-abbde30a30f6','Crab Apple',40,296,3),
	(897,'4e4fd640-f46f-4065-9bff-2c9138a892f5','Panicum',60,143,5),
	(898,'7eb7537c-9205-42c6-9944-96096017a977','San Benito Onion',20,297,2),
	(899,'4ddd18c4-9852-48dc-9440-0c2c4e40729c','Wulfen\'s Pore Lichen',40,222,3),
	(900,'035aac92-0563-4f81-88f2-103fe5c9635c','American Pokeweed',20,63,2),
	(901,'243e345d-9266-4810-aa30-94ba05a88867','Anacolia Moss',20,76,4),
	(902,'d744b45c-c38b-4369-9847-5dd9aeae7835','Flower Of An Hour',40,200,3),
	(903,'1f5b33ac-dd49-4b33-b92b-f8a4a2e4c1f7','False Sun-rose',60,105,4),
	(904,'772e9e5c-3fae-4b90-ba72-9f7adaf4a7e9','Maltesecross',20,232,5),
	(905,'962534e2-a349-4d07-855e-f92e3562a4ce','Hibberson\'s Trillium',40,176,3),
	(906,'558acba6-50ad-462d-8300-87226ef451d8','Lasianthus',20,171,4),
	(907,'88a5e5c4-4aca-4b73-972e-95eba2297c5f','Cretan Bryony',40,137,4),
	(908,'216b0635-20f2-4484-a65b-98626a580084','Chaco Milkvetch',20,164,2),
	(909,'aca52628-f2c7-4d58-9e84-7379882b4f08','King Orchid',40,290,5),
	(910,'3d68f014-2898-4c13-9ccc-fbf50c07c9ca','California Bedstraw',60,227,5),
	(911,'6347596b-601d-48b5-b5d2-07d11f8c3203','Saltmarsh Spikerush',20,93,1),
	(912,'323e69db-02a5-461e-8be9-23dfe41665f8','Bluestem Yucca',60,70,1),
	(913,'9a9dbb9e-12aa-429e-9e64-93537f58484d','Clappertonia',20,117,2),
	(914,'53397313-ddcd-4de1-bc94-389b66dcab24','Narrowleaf Stenogyne',40,139,2),
	(915,'af2777f6-38d3-4c11-9181-64059c64cc8f','Narrowleaf Indian Breadroot',40,159,1),
	(916,'8da15612-4bcb-4dfe-9800-bf8f2d22e36c','Frosted Lichen',40,273,4),
	(917,'653eafdf-6c5a-4c77-a637-e5824e59e340','Western Poppy',60,159,2),
	(918,'b36f2865-c2a2-4a1c-a4ac-371161d9036d','Blisterwort',20,184,1),
	(919,'9967e28e-d991-44b1-951f-e8757d757dc0','Large Fever Berry',40,212,5),
	(920,'bb164e25-52de-4101-a673-0b16fd5e9b77','Riddell\'s Goldenrod',40,150,5),
	(921,'03f5c82c-d0d7-426f-a604-5d2b442b73fb','Coastal Plain Milkwort',20,102,1),
	(922,'ff7d6abf-16ed-4ef6-8f1d-daeeb9d9d7e3','San Diego Alpinegold',60,169,5),
	(923,'7b227a5f-2136-4fab-9afb-10979ca207fd','Mormon Tea',40,288,5),
	(924,'2acd60e6-76d8-441e-9e88-69eaea0e028a','Bur-reed',20,69,5),
	(925,'5a5792ef-6a32-4d18-b869-952720970f41','Bluejoint',20,184,4),
	(926,'10546700-5dbf-4fba-98f4-7f4f7d741407','Roundfruit Blyxa',20,115,2),
	(927,'4373ef6c-d4a2-40bf-9984-f3d5e71ccac1','Swampforest Beaksedge',60,227,2),
	(928,'e32bd3c1-3bc6-4d04-bcd3-4488df37973e','Basketgrass',40,273,1),
	(929,'29cad586-7184-41a2-8818-024f7c5789df','Giant Calliergon Moss',20,295,2),
	(930,'6758c440-18f1-48b0-9486-2c93c5cae732','Shaggyfruit Pepperweed',60,241,2),
	(931,'22c53878-ecca-43dd-a78b-4cee21db90b2','Silverpuff',20,169,5),
	(932,'6c751d0c-f6ef-45c4-99c2-b435243f0ff5','Woodbury\'s Babyboot Orchid',40,56,1),
	(933,'b185b5f8-5bd5-4147-9330-7c76279a41c8','Paria River Indian Breadroot',20,202,4),
	(934,'c5b27f78-798e-4542-a20c-50c49069557b','San Francisco Bluegrass',60,171,1),
	(935,'513ea067-e555-474e-92df-9645dc1834dc','Candelabra Tree',40,87,5),
	(936,'108199e5-8cc0-4a04-93fe-86c60b64dd03','Woolly Milkweed',20,158,5),
	(937,'479370db-f217-47ca-a6cb-23b603af2e77','Pride Of Ohio',20,215,4),
	(938,'8f18f699-1d47-4066-b09c-a08fde8c0446','Valley Oak',60,93,4),
	(939,'ac5d0b9c-f8de-403d-b2c1-99b41972979e','Alpine Sweetgrass',20,228,1),
	(940,'adb2403d-bca0-44c7-a07a-5c8eade8cc75','Sierra Lupine',40,273,1),
	(941,'ba215aa9-8512-4c8e-b785-1bbbdc95431f','Napkinring',60,291,3),
	(942,'bca11c75-da78-40b3-9582-a51c55d63f66','Xanthoparmelia Lichen',40,208,3),
	(943,'125b5f5e-dd80-49a3-be2c-65573ba0ccfb','Kaala Melicope',20,202,5),
	(944,'7f9f6a61-f083-4b93-aa06-f78b13175462','Hybrid Oak',40,297,3),
	(945,'63b4c5c3-238e-4f50-b3fc-ca3e40dd9adc','Disc Lichen',40,124,3),
	(946,'dce9fc33-2305-4a3b-ba64-d00cbe339883','Oneseed Hawthorn',60,133,2),
	(947,'ffed002c-07dc-4f65-8d33-c6ebb9cb37e0','Laurel Amarillo',20,150,1),
	(948,'036c804b-7769-4ca1-890c-09059081b521','Tranquil Goldenweed',20,58,3),
	(949,'97266669-1813-45f0-a647-9f1d126a3327','Star-mustard',20,150,2),
	(950,'5df714c0-c837-4d9c-9227-440cbafcc8c0','Pickerelweed',20,250,4),
	(951,'d0e54985-fca1-4c35-ad56-31cb7bf4dac0','Rooseveltweed',60,281,1),
	(952,'69df5780-fd8d-4fe8-8ed7-ae6605c5761d','Puerto Rico Box',60,246,3),
	(953,'37371312-8a6f-4433-a63b-e2a090e41d08','Clubmoss',60,222,4),
	(954,'3fcaa0bc-b271-4f0d-8f2c-0d2ce372b5d5','Callicostella Moss',20,201,5),
	(955,'9db20127-efe8-41f4-9fda-1c7bcbc79b24','Climbing False Buckwheat',60,98,2),
	(956,'49852212-a4d3-4993-9873-e30aa6caa046','Awl-leaf Pearlwort',40,118,3),
	(957,'dd1f7e93-7f09-47c6-8b3f-48cdefc5f6cb','Hybrid Oak',60,158,3),
	(958,'98946f28-4b05-45fd-8abe-1abd3cb79c7b','Sierra De Luquillo Dwarf Polypody',40,78,2),
	(959,'09910697-df5b-429d-9c93-ac16fc825d18','Threecorner Leek',20,92,5),
	(960,'4072afaa-9174-45a4-b2ea-a1ad33c40d18','Tharp Oak',40,60,1),
	(961,'bd12aa71-1d37-4a19-89da-eea6cfcc6506','Blowout Beardtongue',60,95,1),
	(962,'c9bc51b2-aed0-4560-b7f6-29840e0e73e9','Hybrid Oak',40,202,3),
	(963,'23dba67c-a54f-447b-a1e0-18fbdf7d51d6','Apple Blossom',20,72,1),
	(964,'0067636a-8109-493f-b820-ef62a6650c4c','California Pitcherplant',40,119,5),
	(965,'643e3fff-534c-489e-98b3-7d99081d48fe','Oregon Whitetop Aster',40,289,5),
	(966,'3ab57187-db89-427c-8bce-4c7b67147cc1','Brachythecium Moss',60,282,1),
	(967,'0e83cb40-28ca-4064-b7a0-1c0f145530ba','Giant Salvinia',20,69,3),
	(968,'fedb1847-a6eb-430d-932c-fd927fadb963','Andrew\'s Clintonia',20,106,5),
	(969,'6a8f4c47-ad94-4442-9d02-44b9a197ec7b','Anthracothecium Lichen',20,121,2),
	(970,'0364d275-368b-46b9-b26a-0dcf37042c57','Saber Bogmat',20,67,5),
	(971,'3b326485-0720-4894-bda9-1cb21ba33ec9','Batflower',40,130,4),
	(972,'99afe6e8-fd9d-4079-8eeb-2ff9a5fee066','Shameplant',40,188,5),
	(973,'e161ce89-eb82-4d1d-9e60-4ae7efa0f105','Blemished Lichen',20,275,2),
	(974,'1be22176-1371-4c34-a45f-cc0bfd4f0e4c','Mangabeira',20,292,4),
	(975,'150c063a-d52b-4b74-9c68-d357954bdf89','Drug Fumitory',40,267,4),
	(976,'01e2dd66-e353-4f6e-8e88-27bb18ef249f','Checkertree',20,150,5),
	(977,'624a75a0-e7ec-4d25-a95a-7921fbdfd1e5','Florist\'s Cyclamen',60,163,4),
	(978,'904ed894-9182-43a7-a6ce-da43b2ad3d92','Bentflower Fiddleneck',60,167,3),
	(979,'34ddd173-8c56-469f-ada3-c8dc29932f56','Shield Lichen',20,73,3),
	(980,'b7263970-fb26-4fd3-8664-60d34f79c74b','Point Reyes Ceanothus',20,272,1),
	(981,'79165c0f-4880-4519-841e-347f14e6ecc6','Minidoka Beardtongue',40,144,1),
	(982,'79dcb2d4-231c-4e73-b877-cd3496f91a6c','Big Bend Barometerbush',60,197,3),
	(983,'57f847b1-7c36-4220-8324-23a9f3f0405f','Madhuca',20,82,1),
	(984,'e7f61fdf-ad5c-4574-9089-cbe24bb93172','Manicoba Brava',60,181,3),
	(985,'467fe0d8-1c6f-4aec-bb3b-fba2945a39dc','Crandall\'s Beardtongue',40,116,3),
	(986,'cd4e5758-a987-43f7-af19-22c0d6cdb367','Pallid Hoptree',40,95,2),
	(987,'fe04c149-46d0-4429-a14e-e62a139700cd','Common Boneset',20,124,4),
	(988,'4a92356d-1cb9-43db-adb7-138041731573','Cape-primrose',20,226,3),
	(989,'931e88b0-def8-400c-ac6b-802840bb5518','Brewer\'s Bittercress',60,158,2),
	(990,'36f19118-1ae7-4105-bc8a-6839efe95622','Cup Lichen',20,256,5),
	(991,'3395551d-28b8-4678-9a54-0619e47d12fb','Lemonscented Madia',60,299,3),
	(992,'0238b6d6-ef93-4cec-bac4-b47641a4d60f','Beach Morning-glory',60,87,4),
	(993,'0a08d57b-7d59-4292-a7ea-25bf7e500336','Spiny Milkvetch',20,76,3),
	(994,'feb7b485-963f-40f1-81e6-0ad582a8be23','Arkansas Leastdaisy',60,121,1),
	(995,'c162dcf1-a975-48c9-9d08-93b140afcdc3','Dot Lichen',40,77,2),
	(996,'3a565eaa-99dc-47db-9243-217faffcc988','Scarlet Gilia',40,90,3),
	(997,'4f2196a9-9bc2-4b20-a910-1a01ccc45bb1','Streambank Bittercress',20,61,5),
	(998,'b10fcb75-c46c-401b-ad14-91de5eb2b3d5','Burrograss',40,60,3),
	(999,'8ba324d1-c4bd-469f-ba66-20b91d21ec64','Swizzlestick Tree',20,123,5),
	(1000,'0efadb95-eb70-46d7-a87c-d41d5cc31480','Miami Mist',20,134,3);

/*!40000 ALTER TABLE `HotelRooms` ENABLE KEYS */;
UNLOCK TABLES;


# Dump of table Hotels
# ------------------------------------------------------------

DROP TABLE IF EXISTS `Hotels`;

CREATE TABLE `Hotels` (
  `Id` int(11) unsigned NOT NULL AUTO_INCREMENT,
  `Uid` char(36) NOT NULL DEFAULT '',
  `Name` varchar(128) NOT NULL DEFAULT '',
  `PhoneNumber` varchar(25) NOT NULL DEFAULT '',
  PRIMARY KEY (`Id`),
  UNIQUE KEY `Uid` (`Uid`)
) ENGINE=InnoDB DEFAULT CHARSET=utf8;

LOCK TABLES `Hotels` WRITE;
/*!40000 ALTER TABLE `Hotels` DISABLE KEYS */;

INSERT INTO `Hotels` (`Id`, `Uid`, `Name`, `PhoneNumber`)
VALUES
	(1,'9cce5f27-56d4-482c-b44e-dbeaa1f11bd3','Cummerata-Wilderman','543-119-7973'),
	(2,'a02643a2-b97f-48e2-bb3a-3392e1ab2525','Konopelski, Gusikowski and Haag','800-120-7599'),
	(3,'cfbcc3f0-1ab3-4629-b016-a700d58b2256','Schimmel, Wiza and Hackett','127-664-9898'),
	(4,'ab0a1c76-e7f8-426b-8770-f670550420cd','Smitham, Rosenbaum and Glover','672-717-6478'),
	(5,'0b42d6b9-a1fe-4572-962b-eba6cd31de9a','Kuvalis-Sipes','926-999-8842'),
	(6,'492d6768-677f-45ae-83b4-fcd87d37d898','Cummings, Adams and Beatty','974-648-9151'),
	(7,'bbf24ce5-df4f-402e-bc1b-510bb85a3148','Schmeler, Blick and Padberg','368-709-9346'),
	(8,'17405d50-ffa3-4f31-afb2-c40a75cf8b47','Cronin Group','910-552-6236'),
	(9,'74c16632-d2c2-4001-94fe-72754ef0c22e','Raynor, Oberbrunner and Stoltenberg','633-810-0887'),
	(10,'17d799b1-fbe2-4d72-b5ea-9660683e7e0c','Konopelski-Johns','537-990-7762'),
	(11,'38e2e499-9da5-4292-9985-324978fc5aba','Kilback, Hills and Hayes','311-416-2180'),
	(12,'378260e8-d91d-4c38-9dbd-e48d6ac7e6ca','Cartwright-Emard','964-564-8313'),
	(13,'0280f77e-8d6a-484b-aceb-6fc7fc63acc8','Fadel LLC','252-815-8957'),
	(14,'1257aec3-dcfb-4b2b-88ad-811e0c6e152e','Harris-Schneider','737-876-4220'),
	(15,'53f5c58e-8a51-4a0f-81d6-e9c07b9858ad','Beatty-Johnson','213-596-5942'),
	(16,'eb2d04f3-b6e5-4c25-8c5f-b62f99760fd2','Hansen, Cartwright and Leuschke','916-618-3063'),
	(17,'af9324ac-7cb0-41da-9aaf-1f35c4c926e4','Ward Group','635-633-8024'),
	(18,'6c3f198d-e614-4abd-a73b-116fb7ec6b2a','Boehm, Johnson and Towne','709-593-7331'),
	(19,'106b5e0b-4282-442f-9ce2-236939b5b57c','Considine and Sons','899-948-2685'),
	(20,'10cfc191-3fce-4a2d-98f5-100fe465012a','Rippin, Fisher and Schowalter','218-669-4653'),
	(21,'e651f2fb-84e9-4496-b7e6-ac0f2d34a0a0','Turner Group','901-932-6199'),
	(22,'9ba70e80-2bbd-4159-bbdf-78a08ed08fff','Corkery, Borer and Cruickshank','428-537-1258'),
	(23,'ea8453a7-10c6-4e7b-8f7a-5a8341d72cb6','Leannon LLC','188-335-8097'),
	(24,'f91675e5-4d5b-45f3-bdac-fb446e7d001a','Terry, Rolfson and Ryan','777-630-0331'),
	(25,'6af56933-c079-443e-9648-95e3418984e9','Murphy, Gleichner and Cummings','807-578-0162'),
	(26,'65e48398-cf08-417b-96e9-6857a3d761b3','Krajcik-Yost','214-534-2297'),
	(27,'947af93f-890a-47ff-bf5f-1f10bf9f12d8','Hilll LLC','860-277-9461'),
	(28,'3cb690c5-f457-4933-b2d0-3e321107b90a','Haag-Jones','564-672-7101'),
	(29,'0c2a20cb-ed56-46db-9c39-d9c79e5b90e4','Kautzer Inc','639-991-2296'),
	(30,'047d175b-f1e7-4322-9908-d54948161ec9','Brekke, Wiegand and Corkery','246-602-4950'),
	(31,'633f5515-ee3a-46d1-830a-b6609507bc4f','Bradtke LLC','670-902-0138'),
	(32,'04539081-08ab-4dcb-83d4-25d3bad4042a','Stroman-Lebsack','172-236-0688'),
	(33,'04f14064-f460-4a29-9648-97ca64072e23','Morissette Group','721-451-7891'),
	(34,'f6cc954c-626e-4b7a-b868-e73f54109af4','Shanahan-Nienow','399-232-6600'),
	(35,'3cd92159-bada-4748-9f36-bbf2b71b433d','Rath Group','570-522-2196'),
	(36,'754fc272-60ee-4503-9d7c-b19a776f9e66','Koss LLC','472-853-5551'),
	(37,'4fce812b-6cfb-426e-8912-7ccbbc5589f6','Mraz Group','548-499-1365'),
	(38,'384dd912-25e0-43aa-8a2d-2970ff24a7ba','Stamm-Rippin','184-489-5858'),
	(39,'47eb54e5-3d23-4ce0-bbfd-ed66fe4a30e8','Lakin Inc','247-623-4408'),
	(40,'d67bdb08-41dc-43df-b1ae-0971f0ab7813','MacGyver-Huels','286-484-4421'),
	(41,'2e41c05d-08ba-4817-ba1b-22954d7c7a75','Kuhn, Pacocha and Glover','880-874-0096'),
	(42,'a80f984e-22ce-44b4-8d3e-cb7515864f2b','Abshire-Breitenberg','922-220-3532'),
	(43,'7593b521-8b51-49be-8c19-83b416569842','Lehner-Durgan','995-846-0800'),
	(44,'1824e056-095d-49cc-bc3f-04f9e60e705c','Bradtke-Bins','227-301-8538'),
	(45,'a7943c20-02fc-47ca-b8d5-f745dd23d3aa','Harris Group','678-695-4573'),
	(46,'245e359a-c1ae-4df6-ac6a-2d503cd892e9','Purdy-Grimes','894-620-9745'),
	(47,'bc2d7a25-19e8-4aba-b56d-b9ad10799001','Thiel, Heidenreich and Ritchie','816-436-5374'),
	(48,'bf950091-1f1e-4a75-a68e-9fcc52509ab2','Runte, Orn and Crist','571-327-6147'),
	(49,'a7293f4f-05a5-49d3-b653-c96b5d10608f','Reilly-Gerhold','684-998-3261'),
	(50,'6c3a359d-e727-4d70-ad03-0e4dace201c9','Howell, Olson and Dare','179-568-8452'),
	(51,'8ee38a9f-bc00-4891-bc75-4a244e7a39f9','Kunde-Harber','638-782-8927'),
	(52,'d2bc4891-94fd-4914-9898-a25dd4a61f42','Kautzer, Strosin and Satterfield','254-621-7278'),
	(53,'ed17b1dc-5bf3-4d57-b807-c398df031bd8','Rutherford, Hilll and Strosin','285-698-0811'),
	(54,'00248c67-bf0b-4ec6-87ac-5efa7ca910c5','Walker, Abernathy and Williamson','381-543-1383'),
	(55,'33fb8bd9-c537-482e-9615-c48bb31977ac','Kling, Ledner and Torp','350-617-1654'),
	(56,'9db0bbb9-2b7c-4fdb-ad60-195c7738c654','Williamson LLC','189-854-2151'),
	(57,'83a83ff4-1d48-46e4-b66a-6c8252268fe9','Predovic and Sons','222-751-7693'),
	(58,'30dd505d-020d-48ba-bba9-e6720e57756b','Simonis, Bernhard and Ratke','976-874-9713'),
	(59,'e863ccff-c37c-403a-85d1-572cc4697531','Koelpin, Blanda and Wehner','912-123-9241'),
	(60,'84cd9e57-8eba-4501-8ad5-ea018c6640ed','Jakubowski-Mills','482-868-5451'),
	(61,'8cb20218-ea19-4a77-bffc-73b21249225a','Hansen and Sons','807-878-8620'),
	(62,'58b6375e-c03d-44a2-a7cd-1503ef0b8cad','Schuppe-Gorczany','830-770-2607'),
	(63,'51138137-6760-47e5-992a-832ffae1c1d4','Kozey, Reilly and Cartwright','189-996-9848'),
	(64,'5e7cc85c-4ed5-4b2d-b029-9e47d8493155','Kerluke, Mosciski and Heller','978-586-9721'),
	(65,'18e09551-784f-453b-8d56-72a40468b0b2','Lowe Group','410-785-1826'),
	(66,'4b6e1d60-b786-4544-a120-b24b092744a0','Hintz and Sons','870-171-9484'),
	(67,'34de2162-5e99-49bb-bcca-23783becacd3','Muller Group','469-411-0195'),
	(68,'3a0ba820-5a6e-4497-934d-792742806eea','Zieme-Heidenreich','494-756-8492'),
	(69,'564ac72c-6da8-4872-8fad-4d72ac37f4be','Anderson Group','629-589-1946'),
	(70,'8cc26a83-d475-4a17-9642-887932d43294','Bogan, Lockman and Cassin','716-872-4132'),
	(71,'1eb859e2-d44f-4480-ab59-4ec13d3dfdab','Mitchell, Koch and Dach','460-197-2683'),
	(72,'3a678f8f-0113-4afd-9a36-4f091e097c85','Harris-Corwin','409-412-2744'),
	(73,'6118a349-748e-4240-93a7-e6ada96fa70a','Smitham Group','358-244-4069'),
	(74,'c1f8e7a0-3f96-466c-959b-fd453b44beaf','Zieme-Kub','892-784-3086'),
	(75,'cba83c7d-4719-48d2-b44d-70dc0d805ca7','Pfeffer-Braun','650-437-8539'),
	(76,'7957ac5e-56bf-4ac3-ad21-cd20414faa2a','Jast, Mertz and Cormier','732-674-8418'),
	(77,'ec4ce679-5205-47d4-805e-ed0b7778af07','Adams, Leannon and Denesik','526-725-7032'),
	(78,'6044a92c-232f-4d5c-a643-9fe77f585425','O\'Hara LLC','926-545-8637'),
	(79,'9fb14808-7fbc-4e67-ac3a-4ed99b0fb3bf','O\'Connell-Wiegand','383-305-6067'),
	(80,'a40782c6-7faa-412b-a993-30206d0c2a6f','Paucek Group','200-214-3651'),
	(81,'a8c62946-fef4-4058-9fe8-2be1591f72d3','Kerluke, Kuhlman and Donnelly','232-233-5852'),
	(82,'1d013fe2-29e4-47e8-8435-37ea4a58ca8c','Tillman Group','695-824-0126'),
	(83,'c9195d08-3172-4110-bb4d-d4bfd71351aa','Blanda LLC','901-775-9994'),
	(84,'ea5b8334-bd67-4923-99cb-077094486bee','Veum, Kassulke and Mitchell','123-714-4185'),
	(85,'f457c82b-998c-466d-816a-22c141df9c1a','Klocko, Leffler and Schulist','644-912-4363'),
	(86,'9a16d39c-a1f9-481a-9bd7-035c82fb5c02','Simonis Inc','303-515-0304'),
	(87,'1e0733d6-b45f-4cbf-a0f3-abf0230e8ec8','Bahringer-Pfannerstill','742-427-1988'),
	(88,'3de8807e-7085-4ea2-b7fa-cc111d42b190','Kshlerin Inc','782-478-9920'),
	(89,'e1b781f3-40ab-4aef-8c7d-c8e39801ae4c','West-Russel','925-827-6101'),
	(90,'c5864801-ca5e-497b-a3d6-8b00dd42ade3','Kemmer-Wolf','905-807-3150'),
	(91,'9a978a0a-8255-47f5-8881-6405c8555b31','Bogan Inc','464-371-9176'),
	(92,'b050d56b-d50f-4c56-bb50-f7de895dd3bc','Gusikowski and Sons','233-796-5844'),
	(93,'0e6a4729-4eb9-4cc4-8c4d-8da3055b5f2f','Leffler and Sons','850-344-4753'),
	(94,'559b2552-6010-4850-a9d7-e1204b0cb8a2','Klein-Walter','349-855-1177'),
	(95,'e0d23527-1b76-4480-9ab1-51551106c4d5','Lindgren and Sons','988-149-0413'),
	(96,'edcc37ca-4a97-4b8b-b443-67aa8668c3e4','Stehr-Crist','840-899-7720'),
	(97,'9986a352-e449-4cd1-a684-3a3316cde379','Koss, Hyatt and Schroeder','308-903-7126'),
	(98,'7d5596c4-18a9-4680-8c30-f15a66ae0aa3','Senger Inc','433-879-3354'),
	(99,'bcff2018-bfbe-498b-932d-ea28d3f51b21','Adams and Sons','264-963-6694'),
	(100,'64cb5bd5-d130-4bbd-8a0c-079ba0e68482','Huels-Kunze','311-948-6535'),
	(101,'df621afb-ba70-4aab-934d-6dde9d70ee03','Brakus-Sauer','686-707-8844'),
	(102,'c0193e8e-80f6-4c54-bebb-3aae985233b0','Simonis Inc','901-643-5670'),
	(103,'20f6de8e-f408-41b7-9f95-0fb5823c7bab','Bashirian and Sons','435-330-0419'),
	(104,'9230d137-9a12-45ba-ba94-c18394307c21','Cassin-Davis','624-761-2438'),
	(105,'ffc7d00f-02d2-4716-a23a-3626228afe4c','Rutherford-Kiehn','474-111-6901'),
	(106,'029dd864-b6b7-43bf-8aae-a14817d9c754','D\'Amore Group','337-612-6339'),
	(107,'c1cce58f-2b3e-42e8-9e5c-b7f347e31737','Windler-Lesch','659-827-9411'),
	(108,'14890188-d55f-493c-9516-fb360dc13fac','Bartoletti Group','859-697-9781'),
	(109,'fe7532cc-519c-4f65-ae7c-4c68fba8a57d','Nikolaus-Raynor','653-378-4257'),
	(110,'6e193f7c-6294-4077-945e-a09ba00ba759','Bailey, Kertzmann and Koelpin','202-408-4795'),
	(111,'0abae8b2-f011-4868-8f78-1e90dcc91d2b','Kuhic-Kuhlman','542-403-0933'),
	(112,'bc71e8a8-b927-4e49-8032-4918c0083fb2','Wisoky, Gibson and Conn','978-841-8736'),
	(113,'6805d418-f400-4a15-a1f2-9c5ef167b6fe','Beer-Farrell','743-111-6500'),
	(114,'a6be21a0-94b8-4eb8-80ff-7de4ea72cc90','Kunde, Hand and Beer','793-144-7521'),
	(115,'8b8d095a-e5d1-4b76-9e0e-8003166b2077','Flatley Inc','938-295-8356'),
	(116,'2d52b0b1-1eac-441f-8171-e7619645be09','Lowe LLC','214-912-8682'),
	(117,'ff48268d-9a03-4223-bd43-7d67ff47f89d','Schamberger, Runolfsdottir and Padberg','479-663-8849'),
	(118,'831088ae-6ab2-4297-8cfc-6e88a663d998','Hamill, Witting and Hickle','114-629-4802'),
	(119,'2dfaee91-e56d-4f0f-9600-47ba1cd39e25','Windler Group','531-966-1207'),
	(120,'94e1bc5c-e578-42b6-8792-c6383fcac5fc','Murazik LLC','952-687-4624'),
	(121,'e15f14c7-6ea1-4728-9c67-823d023fdf99','Leffler, Torphy and Larson','649-107-4671'),
	(122,'41e13945-a921-445a-817e-dfc6bef92d70','Barton Group','480-978-8235'),
	(123,'c82e0675-9627-4250-8687-0a7f8e91e4ab','Willms-Carroll','553-423-9091'),
	(124,'0d94da54-1fd7-4ef2-8c80-a205c094ddcd','Von, Langworth and Hand','167-575-4110'),
	(125,'19d81cc4-637f-4896-ab0e-6d0d8c8d27ec','Dietrich LLC','309-164-8352'),
	(126,'7c86046a-c71d-4c63-8dfa-cb382b7cbc3a','Senger-Spinka','389-770-3906'),
	(127,'3aa46d5b-f6c5-4dcb-835d-6b23214fbdeb','Wuckert-Kassulke','338-558-1390'),
	(128,'2f68d45a-c009-48da-a79a-499a33970dd2','Collier Group','893-639-1646'),
	(129,'6cfe3593-32a9-4bb1-82aa-7291b379c75a','Skiles LLC','973-993-9611'),
	(130,'323becfd-ad5d-4137-b589-a1b47f807bca','Wisozk, Crooks and Bernier','225-100-9444'),
	(131,'07ae1553-46bc-4424-94dc-a4ae5acb080a','Rodriguez-Kertzmann','640-935-5704'),
	(132,'bbd4a3a2-1bc7-469b-a111-d87f9e2697c2','Stiedemann-Olson','131-609-8497'),
	(133,'56edb116-c8c2-415b-bd6d-8522a481fa53','Greenholt, Effertz and Zemlak','572-252-4570'),
	(134,'33f15fa7-5ba9-4bae-9d41-e1998f8e9f57','Romaguera-Osinski','440-292-7796'),
	(135,'bf6cd33f-8569-4cec-b63a-b407ccfc3520','Bailey-Dicki','447-294-0838'),
	(136,'b209a349-378e-4ea2-9749-9f1678d5888c','King LLC','491-867-2547'),
	(137,'0a646257-cbaf-4b84-a89b-97bdfb9211ed','Sipes, Beer and Upton','268-316-8809'),
	(138,'e731dab4-cb17-4fda-abb5-1d133eb89d5d','Toy Group','974-666-9462'),
	(139,'d2792f2b-dfdb-402f-afa0-401c277bf699','Labadie LLC','946-938-4825'),
	(140,'ba37ce73-2720-4484-97d4-eedf162eacd6','Gleichner LLC','200-811-5865'),
	(141,'7fbea2da-9fb8-4f3c-a12b-8fd45136949d','Rowe-Mosciski','138-101-7630'),
	(142,'e0fd9f25-3476-4d85-80b1-26b67793856f','Cassin Inc','561-700-4678'),
	(143,'daf47b20-3a10-4ff2-8814-a71010660972','Kub-Dicki','965-792-4433'),
	(144,'54926359-98ca-4875-8a87-3ad5a3d5b0dc','Schultz-Larkin','601-150-2167'),
	(145,'a201760b-cb97-429d-975f-486a11bfbe3c','Prohaska Group','431-351-5121'),
	(146,'162008ef-93f0-4a77-8e84-81554454efc5','McLaughlin Group','797-968-1951'),
	(147,'18d4c772-b007-4b5e-93eb-8a19b5515e5f','Parisian-Mohr','624-837-2400'),
	(148,'a3e9899e-ddef-4ac9-ab4f-678e9c453682','Pacocha and Sons','389-585-4766'),
	(149,'e27318cf-55c2-4982-b5b1-2d383a2de5b3','Wunsch Group','774-577-6993'),
	(150,'dd74eada-7102-4f6a-834e-9d3dfdd093c0','Hyatt, Leannon and Conroy','841-331-5122'),
	(151,'b93a869f-d65f-412f-90da-c11c0ad0d62a','Johns, Braun and Yundt','211-855-5806'),
	(152,'64803cb6-dbfc-4008-95c5-546c9f937be6','Cole LLC','792-241-6659'),
	(153,'40d2fd70-52d4-4ddd-b962-8f3b3da71edc','McKenzie, Eichmann and Sanford','953-759-3239'),
	(154,'17506e96-d4e3-4e6e-bed3-41761e4004fb','Heidenreich, Kunde and Wiza','181-518-5227'),
	(155,'1b10f8d0-3914-46e1-ae7b-13de98722295','Feeney-Hoeger','748-711-2112'),
	(156,'900baa0f-f7a7-496a-a34a-5a00c44fee97','Shanahan-Abernathy','488-528-2373'),
	(157,'f0ceb9ab-6bce-4edd-8506-bb1659cfe9a0','Boyer-Walker','949-919-1673'),
	(158,'a16fd91c-5df4-4715-a5fe-dcfcc49d8485','Bechtelar, Quigley and Graham','417-741-2054'),
	(159,'03868f69-3644-4c2c-902e-4bbe418cb273','Lueilwitz-Fisher','578-150-4036'),
	(160,'98a8466a-2672-4fb3-8ebf-fc162f1f7224','Ward-Schiller','363-755-5442'),
	(161,'fea16f74-9fc3-4144-9d3a-437dd436f024','Bode, Bernier and Reynolds','515-105-5324'),
	(162,'262cba39-bf5f-4bea-9d35-57178cffe24a','Luettgen and Sons','165-173-2339'),
	(163,'f6c67d9f-272c-478a-8ed4-f2b8ed4be1f1','Schoen-Reichert','537-446-9009'),
	(164,'e33040f8-b511-4528-a029-6a508f06fb81','Mertz-Cole','412-438-1792'),
	(165,'7304271b-f7d7-42bb-a19a-80eab52fef49','Kulas, Rath and Lebsack','813-481-3821'),
	(166,'36dad045-ef5b-4d5c-af91-2170e9ea4983','Jenkins, King and Conroy','438-534-3256'),
	(167,'2c004342-afbb-4149-9723-58ac497a2472','Kub, Abernathy and Runolfsdottir','590-955-4501'),
	(168,'8ecaf75d-66cd-40f6-b053-bdcfd146979a','Grady-Gottlieb','853-759-6878'),
	(169,'811cd1b1-dfe5-471c-9e4d-22bdc67206a4','Green Inc','839-706-6761'),
	(170,'bfa6878d-8c92-4af7-8dd4-3e3058e22744','Schuster Inc','849-900-2715'),
	(171,'82628e6d-9d06-4478-be3e-3845f0f4cdb3','Rath, Harvey and Cummerata','523-416-3610'),
	(172,'9805a7e9-f858-4602-95fa-96815d71c263','Ebert, Shanahan and Gutmann','682-295-4319'),
	(173,'e37b2d07-efca-486b-a7c6-b6cb1b10df79','Hane, Douglas and Hamill','183-135-5318'),
	(174,'e38b9d38-202b-43e6-8ba0-9f37db517204','Borer LLC','463-388-2354'),
	(175,'5a47a01d-3b2a-477c-a76b-f0737fc0e690','Simonis Group','909-772-5141'),
	(176,'73a0fbc0-c19e-445f-ad60-03f437d91a22','Wiza-Hamill','732-848-7700'),
	(177,'c878200b-b440-486b-b260-e1fa1bcd6925','Heaney-Breitenberg','385-624-6180'),
	(178,'ff6f8898-1be7-482e-afad-c6a3bf92812a','Hodkiewicz-Christiansen','612-738-3578'),
	(179,'da5ea7e8-bdb8-489e-b396-97c126183e69','Mayert, O\'Reilly and Erdman','375-971-8129'),
	(180,'c73e06e1-c436-461b-9847-ecba12663303','Kreiger-Fahey','643-553-0115'),
	(181,'dd5e582d-bb22-4fa0-8bb9-17f6c43cbb45','Rogahn Group','761-959-7709'),
	(182,'a0737bba-3d3e-4a35-ba31-bdfebc1dbd60','Hudson, Fritsch and Roob','789-133-8100'),
	(183,'acbc30ea-fdba-45ae-b737-a6128cee7bc1','Denesik Group','173-606-2636'),
	(184,'ebacaf80-422e-4576-9a19-b07e732b0723','Willms, Zboncak and Mraz','335-841-4687'),
	(185,'97aaa589-8108-490e-88a1-5d9dcb8c4452','Blanda-Dare','641-264-7204'),
	(186,'6c4adcaa-33c3-4d15-baf7-aecee125d32f','Monahan LLC','342-284-8201'),
	(187,'84bcd717-fe7b-4479-9741-a9c1c2b5d62d','Morissette, Kunde and Emmerich','488-991-0903'),
	(188,'030a0cd1-b937-4623-bf36-ebe26a535e43','Reynolds Group','732-524-1253'),
	(189,'a9997f6f-04b0-4c4d-bb0c-c0452ef2fbad','Herzog, Morissette and Heathcote','982-472-2982'),
	(190,'60bda0f4-f636-4e71-a4eb-7ce3918439b5','Kuhic-Terry','496-557-0758'),
	(191,'77ffa04a-f1c7-4bc7-9c0c-2a2f61870e74','Sipes Group','978-698-7179'),
	(192,'55854ca4-7ca8-41a7-8763-d4a983acf86d','Kertzmann, Huel and Donnelly','631-103-4544'),
	(193,'a2eb5d36-c298-478c-b977-300b63018e41','Weissnat Inc','485-306-9135'),
	(194,'1d86a7e5-a17f-4078-96e0-04ef4d73dfd4','Rohan Group','955-232-9464'),
	(195,'0bcce409-9941-4f28-931b-b567d4b7ca7f','Kemmer Inc','272-522-6289'),
	(196,'1cd9b137-f94a-4ff2-bd99-9392f603cef7','Paucek-Beahan','470-294-9908'),
	(197,'1b0b7809-fc62-484f-b5bf-8a2f2b7f9fb5','McDermott, Blanda and Mertz','753-731-8653'),
	(198,'2f393b25-5dcf-4021-bcb6-3ebec65d0e62','Hirthe, Daniel and Jacobson','808-249-0689'),
	(199,'6e879b67-b7d9-4f42-906c-4a0cd4eea206','Effertz, Watsica and Larson','852-379-0438'),
	(200,'27d87626-eeec-4084-9f7a-ef8290545086','Block-Miller','725-251-5492'),
	(201,'f8a21ea0-6d62-42d9-b4c5-05f2566b07c4','Ratke-Rowe','466-998-0139'),
	(202,'901d3c02-d406-44dc-b3fb-e1ad9571bb38','Brekke-Kerluke','188-994-7146'),
	(203,'0128dfc1-3d80-4844-8638-215d9f726d21','Mann-Brakus','377-465-2230'),
	(204,'045e2f21-8bd7-4849-96d6-601df06525fc','Koch Inc','621-674-0686'),
	(205,'aa1072b1-45fc-4796-b78a-933e6a708dd5','Hoeger Inc','639-812-4996'),
	(206,'c40f3b85-1b4f-4c44-9527-e1ef65cdd69c','MacGyver-Lemke','480-669-7390'),
	(207,'916c5075-3500-4ad1-8caf-bfdd9a1e88c4','Auer, Armstrong and Kuvalis','203-332-9184'),
	(208,'e9e58189-fa54-4486-af75-d8a0877b4db1','Schmitt and Sons','333-681-4247'),
	(209,'0d2f571a-923c-42c9-9fd0-11ff83953045','Wintheiser-Larkin','145-779-6237'),
	(210,'949a3158-0b6d-48bc-ab6c-9ba904a6334f','Dibbert Inc','587-474-6091'),
	(211,'80c936c8-c40f-447d-84e8-f83d9a3c0819','Boyle, Weissnat and Swaniawski','856-476-6750'),
	(212,'8131b52a-9a24-40c9-9124-d1c6bf2afc51','Russel Group','480-580-7958'),
	(213,'25880942-0435-423c-bc28-8a89610a913a','Schultz, Feil and Stracke','991-785-1428'),
	(214,'da5e4a57-9a81-41ad-8200-aee38f437f1c','Corkery Inc','459-348-7332'),
	(215,'4287f35b-aa36-4420-8126-1a2ba58f8de7','Hansen Inc','714-218-4797'),
	(216,'edc67674-f90c-4bc2-8091-af13701257ff','Ziemann-Hagenes','817-756-3757'),
	(217,'2c5dd25a-8a7e-42da-a796-3ca39f016f9b','Considine, Roob and Watsica','669-117-7431'),
	(218,'4f0efc29-6869-4aa8-831f-e965a95b9549','Streich, Harber and Schneider','125-919-3924'),
	(219,'f771edaa-83a5-4627-b581-bf7dd8149d10','O\'Hara-Reynolds','295-658-2897'),
	(220,'0849951e-922a-40e1-ab0e-eede405a63b2','Hoeger-Ernser','773-124-3426'),
	(221,'4c55c732-10fa-4d46-969c-c5de330053b8','Ward Inc','899-117-7616'),
	(222,'c624f1c5-19e2-4309-8e91-86816fe9b9b1','Mitchell, Krajcik and Graham','480-176-9565'),
	(223,'5fb16520-c9cd-482e-9ac5-fa12208e37ed','Thiel Group','647-856-2848'),
	(224,'ec2f66ee-137e-4f65-a9cd-32255c3ffbff','Renner, Tromp and Dare','152-826-4956'),
	(225,'ab4e9a3f-c837-4548-b85b-677e60e48e71','Rutherford Group','413-823-4212'),
	(226,'21bc2c5b-8865-435e-a374-315f8d1b1af7','Sanford-Pouros','679-817-5808'),
	(227,'03e83681-0442-462e-9571-bd12b9b2cda9','Kuhic-Hettinger','838-843-5234'),
	(228,'c3294f81-b5a3-480b-8789-c3a1b779d8d6','Ryan, Padberg and Rolfson','348-556-6746'),
	(229,'d0560788-4438-4b27-b128-924dd1f9ba26','Trantow, Senger and Aufderhar','776-157-1345'),
	(230,'db36076c-5d70-4793-9c89-6c2a93ea4e38','Ullrich-Hoppe','393-231-3349'),
	(231,'2fc3301e-4c49-452d-9af1-00ab80f27d2f','Rogahn and Sons','134-340-9760'),
	(232,'99a9d270-9726-4675-b123-f443a7253038','Cremin, Paucek and Berge','710-954-6937'),
	(233,'c5759868-7c4b-41d5-bc33-1b64755306d8','Dare-O\'Connell','283-639-7947'),
	(234,'bdc36013-d12a-4fb9-b7d4-05fb9ab42656','Dach-Berge','386-638-8945'),
	(235,'d38c8728-34ec-43ae-b288-1a8f368ec928','Mayert, Adams and Walker','700-590-8446'),
	(236,'0633bcf6-ed8b-4662-a254-9b277350a8cf','Beer, Kuhlman and VonRueden','702-366-5256'),
	(237,'8f61d0ca-b446-43b4-bbb2-2341d3a0b219','Keebler Inc','152-548-9515'),
	(238,'676bb208-3521-4a0b-866a-84f1d4c30c42','Botsford and Sons','732-748-8615'),
	(239,'ffafd9a3-cf4f-4b3b-b77e-0ae3406df740','Reilly-Hills','753-241-0824'),
	(240,'7efab19f-be75-46a6-9b78-9e451bebf6b3','Lebsack-Huel','386-679-2052'),
	(241,'441233bf-fa52-40e9-8c5b-8bd3b0d395f5','Weimann-Flatley','344-280-2618'),
	(242,'2522e4f7-5e92-4e29-9262-3662c97a0f92','O\'Conner LLC','441-305-6428'),
	(243,'3dd7267a-cf1e-4f6d-80c1-31cf21275e12','Moore-Howe','733-287-4039'),
	(244,'240058af-ec13-468f-8754-462f8a0d38ea','Towne-White','651-426-5331'),
	(245,'5e24141b-8e8f-45f7-9ec6-19a8fd69b0e1','Rowe LLC','403-134-4398'),
	(246,'e8ca573f-c500-47a4-8b08-5449a178676c','Boyer Inc','867-834-4809'),
	(247,'73804d56-fbd7-4b2f-a419-443b96f09109','Predovic-Kerluke','688-806-3682'),
	(248,'419c511d-cc32-46ee-8f8e-70519eb9dca2','Kulas-Reichel','649-743-2477'),
	(249,'a4302346-db69-42ee-93c8-4a894197789d','Sawayn, Lowe and Waelchi','305-694-7287'),
	(250,'30a7312e-294a-4ffb-9304-de0074c2d9d8','Cummings Group','761-501-3473'),
	(251,'acd6185f-4817-48e3-8717-8d36065930c7','Feeney-Rodriguez','705-596-3784'),
	(252,'a9c7f7c7-31a2-4cf0-acfb-bceff7938dbd','Kozey Group','835-708-3808'),
	(253,'a8c1646b-976d-43c1-8a39-da6b8e525517','Moore, Adams and Padberg','129-692-1622'),
	(254,'2e06249c-a677-4161-8483-ba545c63d9b1','Murphy, Huel and Tremblay','694-270-9421'),
	(255,'2a378bd5-5f80-483e-8906-9ca877663be2','Lehner, Mann and Bernier','780-215-2883'),
	(256,'41758a91-927f-4c23-9fa6-975454993780','Purdy-Gaylord','596-679-1485'),
	(257,'f2f35371-f5d0-475d-8330-acdffa1053eb','Cassin, Aufderhar and Bode','697-425-0805'),
	(258,'238d012f-9be4-4feb-b4cc-fbd2ab266476','Hayes, Schowalter and West','974-707-3819'),
	(259,'23dab921-93e3-44ba-9b63-c337130b4b68','Harris-Bogan','712-555-3067'),
	(260,'c4c0e01c-7434-4b9e-9c4a-3d79a083a9cb','Herzog-O\'Reilly','325-566-8033'),
	(261,'61193e10-7bbd-4349-b33e-6d842a3608b9','Murazik, Daniel and Huels','922-350-7321'),
	(262,'41fd97df-da44-44cc-9f53-e29daa3b3ad1','Witting LLC','597-832-5861'),
	(263,'d324909a-07d6-447b-9b2f-f0c3da32cb14','Bruen, Konopelski and Bayer','780-628-9878'),
	(264,'4e1b1eb4-a6fb-4193-b0dc-b99d1704970a','Bergstrom-Paucek','379-596-8458'),
	(265,'e217ed85-2595-4b36-9b68-9d04dbb7c1a7','King and Sons','239-795-2291'),
	(266,'b5adc622-3591-4199-b603-51f613c5cfef','Herman-Strosin','688-169-8957'),
	(267,'011269d2-e1d1-4c9e-b59f-8fde175a6b37','Wolf, Crooks and Larson','319-852-1294'),
	(268,'d09fccbe-2d0d-4cec-9f97-1ab965718130','McClure-Schinner','535-703-6058'),
	(269,'b88969b5-6561-48f0-a639-4b3c7bae131f','Howe, Wintheiser and Mann','736-588-4018'),
	(270,'31fc7dfa-2215-4d4a-8793-2bd6bd96d1e6','Funk, Greenholt and Gaylord','525-473-6996'),
	(271,'acccad0f-8758-4919-ad79-6902ee366981','Shields-Torphy','396-325-9446'),
	(272,'d015b7cd-2060-4d9a-9276-0e89352e530e','Casper Group','865-504-2324'),
	(273,'acb26b5e-8caf-46b1-b3ee-96f26c8cb925','Russel-Murray','800-808-1116'),
	(274,'b90040ff-54c2-4106-b0ae-6583593e06ba','Marvin-Walker','970-565-4827'),
	(275,'41fec9ea-e87d-406e-9ede-06c823f70544','Fisher and Sons','581-749-1767'),
	(276,'995839f1-770d-44de-80f2-9e7e62d92a5f','Kohler and Sons','367-368-7261'),
	(277,'1754f296-3852-4ca7-b6df-7f3cfe6e6756','Mayert Inc','132-397-2329'),
	(278,'659ee5d1-c077-48e3-b5d6-aa480955ccfb','Bednar-Fritsch','594-638-4447'),
	(279,'56ceb0db-b41a-436c-ae06-dadbc318126a','Schoen, Mosciski and Schoen','811-344-3709'),
	(280,'118916d4-8da0-412e-9275-daa9bfe494e5','Kuvalis, Wisoky and Shields','816-305-6728'),
	(281,'31f704a4-e084-42a6-a3bb-6d259544a90d','West Inc','247-209-8482'),
	(282,'43ffad8c-65f4-4fde-a700-6b0867257fd2','Hodkiewicz, Heidenreich and Ryan','598-763-2014'),
	(283,'2c1d7180-1db9-4cbd-a640-38d3c55d18b1','Pfeffer and Sons','941-589-4736'),
	(284,'2fff6e82-45a3-4e2d-b1b8-ca40842c2ff9','Kreiger, Thiel and Beahan','520-320-9878'),
	(285,'6211c25f-562d-45cd-80ae-51b053fb418a','Sauer, Kris and King','353-959-3383'),
	(286,'24f8b42a-dafd-4b31-a524-7658858c013b','Lebsack LLC','149-170-8194'),
	(287,'50a46fc3-75bc-4984-ad3c-f70aa5728e20','Stehr, Swaniawski and Marks','353-977-8452'),
	(288,'06fc3bf1-3b67-40f4-b454-a3fa598baed0','Gottlieb-Cruickshank','984-817-5853'),
	(289,'418373a7-58da-40d2-8c3d-90af2ebe1aa4','Harvey-Lockman','461-487-2306'),
	(290,'8a095ec3-1ed7-465f-855a-5f0a2ab1c8d9','Howell-Koepp','890-302-8806'),
	(291,'c57e29ec-5bb6-4355-9b94-c11765baa4e4','Hickle Inc','222-257-4106'),
	(292,'d48f431c-69d0-4bbb-8c61-77188ac577fd','Heller, Jenkins and Mitchell','536-647-7897'),
	(293,'f1542388-9b80-44f5-883e-f07a6dc33e8e','Schoen and Sons','510-461-3543'),
	(294,'38f87177-cf3e-461a-9579-ee93dae5bab3','Carroll, Schuster and Donnelly','830-429-3133'),
	(295,'9496ce3f-bb8d-45fe-9c63-cd8f917e34ea','Hessel, Hammes and McDermott','854-535-1779'),
	(296,'040c32bc-2e6b-4086-b5b4-27644b25f513','Bartoletti-Hartmann','249-186-5267'),
	(297,'c2554ce7-d057-40fa-89be-2e2de08e6310','Baumbach, Shanahan and Stiedemann','674-666-3034'),
	(298,'338ec770-bc67-4789-afef-2147a511a831','Pouros, McDermott and Daugherty','312-859-5051'),
	(299,'303242ee-02c0-4d9e-9429-ef825fe008c7','Hoeger, Pagac and Fahey','961-732-2971'),
	(300,'81680028-377c-49b4-a4b8-30747b6f4522','Herzog, Wolf and Jenkins','620-187-5027'),
	(301,'a1e33203-5e47-437e-9533-ee7e775084c7','Bahringer-Boyer','924-920-5914'),
	(302,'57a2f894-7594-49ff-99fa-2c9408f7e54b','Romaguera Inc','775-937-8304'),
	(303,'1a10f120-778c-42e5-907c-17a5ca220b32','Schamberger, Jenkins and Schuppe','575-113-3375'),
	(304,'6c981a14-0d4c-4ca3-b8d7-5eb15dfd1e2c','Renner-Bradtke','598-804-7612'),
	(305,'28e01c78-76fc-4879-ac23-5cd49e7f3431','Schneider-Moen','481-819-1172'),
	(306,'1aba90e5-d72d-43d6-b407-86bf983e2669','Halvorson-Mitchell','968-489-1842'),
	(307,'320e29b0-af25-49bf-b1a3-8e5db7281338','Armstrong, Metz and Eichmann','297-266-2093'),
	(308,'ee624805-657f-4afc-9964-d7ab0f142b46','Heidenreich Group','686-192-5392'),
	(309,'bbb19aff-f6cb-4a93-9f0e-7312e474457c','Rempel-Spinka','668-161-2823'),
	(310,'ac975e99-fdc3-4325-9b4e-62bf335215ba','O\'Connell-Marvin','966-130-1056'),
	(311,'2eb170fd-94d2-40cf-9665-e93181b82cab','Reichert Inc','364-620-7095'),
	(312,'a691f254-8685-461c-b5a8-fe9dadd44789','Mayert, Moore and Schuppe','144-400-7201'),
	(313,'4b4a6a1a-8bef-457c-8521-dde93d3e4fac','Borer Inc','592-361-5556'),
	(314,'ec3b76be-107e-479a-8747-f539943ace1b','Miller, Glover and Funk','689-914-1590'),
	(315,'adbcc03c-4f44-40b0-b290-f3006af36f3b','Reilly Inc','631-899-5849'),
	(316,'873007a6-a11b-4f99-ad7f-2b9088f13ddd','Gorczany, Weimann and Kautzer','213-859-7217'),
	(317,'afc0181e-28cf-459f-b32b-2aee4988b281','Herzog LLC','601-996-9835'),
	(318,'577ab769-ece9-4718-abeb-a4f32861c20f','Pfeffer Inc','547-333-4709'),
	(319,'0393d974-e421-41cd-abb0-dce69b3e90f0','O\'Connell and Sons','665-276-8374'),
	(320,'b9a59133-73c7-4cdf-9c59-bc7714335fcc','Schuppe and Sons','825-383-2598'),
	(321,'2c70abdb-5069-4b09-a7c9-b375602eb61e','Glover-White','690-515-8834'),
	(322,'8783d238-6fc4-4d60-a21d-6d98f9214e83','Pagac, Metz and Trantow','905-725-8645'),
	(323,'d4468177-af21-4aa1-8abc-0133deb8bcae','Durgan, Tillman and Flatley','550-940-7883'),
	(324,'81b58167-dc91-4db0-8b4f-aa4b93cc7cf7','Nicolas, Wisozk and Quigley','199-750-7062'),
	(325,'6f37bf51-0e74-4c7b-af56-6dacf6a39dc6','Ullrich-Ferry','607-450-8857'),
	(326,'c1f4b24c-ad7b-4caf-8938-fe8c5e6209b9','Mertz-Wilderman','302-630-6577'),
	(327,'33a4df99-b983-4bc3-8210-7568dd5ebe66','Conroy, Beatty and Stroman','571-845-1100'),
	(328,'4ffb278c-b427-4806-b5cf-05ddb44ad2a2','Medhurst-Morissette','649-634-9098'),
	(329,'c8f619ef-8640-41c4-adf9-c476f78c42c6','Gaylord Group','576-856-5810'),
	(330,'60a76a23-6cc1-4a56-944c-c0bb5d6f3248','Paucek-Haley','676-197-1886'),
	(331,'1ed92be9-3fab-4c84-9b28-12a3f58e91a0','Considine-Durgan','285-804-9218'),
	(332,'a5c9b3e6-56cf-4843-a217-23f4b718a434','Wolf-VonRueden','509-751-9140'),
	(333,'e17970b7-8fa1-4167-bd21-33ab65597716','Harvey-Wilkinson','861-518-9111'),
	(334,'741137b4-92c9-41c9-abc5-0bc505033309','Bruen and Sons','596-796-4976'),
	(335,'05177ec1-9e93-44dd-9c5c-29873611ba72','Kuvalis-Prohaska','155-242-8743'),
	(336,'a1e88cf5-09ba-4c1b-a1bb-07d27d86179c','Price and Sons','235-781-3983'),
	(337,'bc25e3c9-88e1-4470-9249-37a121ef527c','Batz-Waelchi','444-506-1143'),
	(338,'8873ba7e-9618-446e-b924-29eeaa9b5605','Hettinger Inc','763-264-1638'),
	(339,'4c5d4af1-bf3f-409f-b6e6-cd6b8f0118c9','Cummerata, Hackett and Rice','929-144-8332'),
	(340,'a6e181fd-e826-4da8-86ca-2f434907792c','Weber-Walker','786-334-7768'),
	(341,'02a28831-8f7e-4495-a950-940b9cb40083','Russel-Kub','408-563-9687'),
	(342,'8e47dd46-3ad1-4ad5-8b5b-2fb67db4d1ac','Kiehn-Von','906-537-7976'),
	(343,'caaf76f3-75e0-4877-9328-e79b79b36772','Douglas-Braun','640-128-3515'),
	(344,'07b3279f-deda-4517-a0f8-16f321fa6188','Stark-Daugherty','810-128-3638'),
	(345,'3d1dc48b-fdde-4d00-bed3-1d3fa8bab889','Jerde, Conroy and Jacobson','294-765-8240'),
	(346,'0093e3d4-2690-4e77-9682-0ac72995bd0f','Wyman-Bernhard','109-355-8175'),
	(347,'c4fb5183-9a32-46d6-bfdb-fa232cd74cff','Grant, Dickens and Cassin','510-300-8014'),
	(348,'85345da5-af34-4eb4-a31a-9a773be76fc9','Huel-Roob','217-690-4591'),
	(349,'1f479497-9484-42de-bf1f-6b0be51ab027','Brakus, Bernhard and Schumm','375-828-7277'),
	(350,'6b1a59db-b865-4daf-b1ec-bad60c2d32ac','Jacobs, Raynor and Hansen','560-864-0893'),
	(351,'f12c9e0b-2aec-4a33-bd61-2e64e591a7ba','Cormier-Gutkowski','305-205-1992'),
	(352,'9998f111-465a-4ce0-a6f2-46e15aa3b71a','Koss-Hettinger','540-776-8551'),
	(353,'d6d6c4de-27a5-4d54-be86-5174294d7fe6','Hammes and Sons','614-203-5781'),
	(354,'e6176b66-c121-4b1f-bcf5-fb91c02fff60','Bailey-Watsica','162-608-1658'),
	(355,'d177e59c-266f-459f-b39b-ff1cb18673d5','Erdman LLC','267-272-4227'),
	(356,'9ce4b0e1-c440-465a-a05d-de260d7ddac0','Cormier and Sons','349-952-0534'),
	(357,'06c71232-126a-4ed3-a07f-b63f9fef54c8','Zulauf Inc','119-261-3947'),
	(358,'c446b06c-33e3-4777-9ff5-8a18dc96aaff','Doyle-Christiansen','580-599-5284'),
	(359,'b026dfe5-a5f4-445a-80c3-82c7f4677a18','Schinner, Nikolaus and Hudson','709-388-1780'),
	(360,'39706bd8-219b-487c-935e-b5bfb7fbcd6a','Lynch LLC','910-784-5487'),
	(361,'c9dc42fb-697f-4561-ab54-d4057601e74f','McClure-Boehm','589-776-0930'),
	(362,'d95e9171-ca38-4214-87a4-ae89cab7d0f5','Gottlieb-Bogisich','751-382-8182'),
	(363,'47e32257-e212-4429-9978-13eac79d5010','Littel LLC','397-462-5644'),
	(364,'e6b205d1-78a5-4959-8415-fdf11c678bf5','Orn, Cole and Brakus','279-116-6133'),
	(365,'daa6176a-6ca1-4fa8-a0c3-5e59ad043775','Kirlin-Grady','989-612-5667'),
	(366,'071f4690-2a51-46ff-b09b-4351dc7cdc4f','Baumbach Inc','394-164-3557'),
	(367,'d0db7e9f-3e7c-4c5a-95a3-9b0f1cb1c7ca','Bartoletti Group','300-976-2440'),
	(368,'931ea6f2-2ba2-4e1f-a363-eec3147b1b41','Goyette-Haag','972-533-8493'),
	(369,'36e4257a-0a7b-441b-a885-19be9fbb320f','Langworth, Cronin and Gaylord','727-458-0384'),
	(370,'56213ab3-56b9-48e4-b5ad-e212407b1904','Parisian Inc','851-593-5321'),
	(371,'c362e4ec-4fed-4491-8817-d51649a0880a','Effertz-McCullough','508-714-5962'),
	(372,'8dee6801-a7fa-4565-9c93-7ce5a15f589e','Rohan LLC','438-429-9798'),
	(373,'91034ce0-fa73-45c0-bc6a-a6b636c5afe3','Nikolaus, Ferry and Schaefer','393-784-5256'),
	(374,'e6e9c893-87ed-41e4-933f-043b7826d745','Stokes-Nitzsche','194-661-4591'),
	(375,'805f9a07-0d76-4e60-bbd6-3c3bd369c782','Roberts Inc','442-870-9124'),
	(376,'31b6a4e4-e697-47fa-a8a6-eaed42eae356','Howell-Robel','751-755-2245'),
	(377,'721492c3-e4f2-4fa1-ab61-7a0ab9ebcf85','Walter, Labadie and Pfannerstill','500-267-3015'),
	(378,'cfdf5203-68e6-4fad-8ff4-f51650828579','Kris-Bayer','344-389-9731'),
	(379,'43e06d08-4124-4863-a844-cab758206d0b','Heathcote-Marvin','783-280-1231'),
	(380,'d0f0fcc6-9681-4b91-8fe0-50be633d382c','Kunze LLC','856-659-7599'),
	(381,'352f9f92-bb79-45e4-b1eb-6ea7f50ae9d7','Emard-Runolfsson','896-426-9514'),
	(382,'b1f6b0cd-9542-4dbc-86c0-728585c78f1f','Kihn, Morar and Wiza','215-560-9258'),
	(383,'72d2f0f7-dad1-4abc-afcd-24008f872af8','Berge-Mohr','572-260-0886'),
	(384,'0604112f-6ead-4bce-b798-e35bcd8e7fb2','Huel-Beahan','939-608-7834'),
	(385,'0260785b-3e0e-4e81-848a-9e08dfb6d23e','Lynch-O\'Connell','565-813-7067'),
	(386,'d30a0e93-9942-4d49-966d-62ae55b935a6','Veum-Marvin','100-925-3081'),
	(387,'16356759-18d1-45ad-a63c-8acc5e0cf514','Waelchi, Murray and Kohler','226-739-1837'),
	(388,'275a4d53-6d56-418a-9244-8dcb96d99540','Hoeger Inc','195-407-2441'),
	(389,'94ebcb43-f42a-427c-82d2-886537664100','Littel-Nienow','248-700-0480'),
	(390,'460682cf-7fa1-41ce-b33e-6b2a072c9df6','Greenholt, Tillman and Welch','830-144-9139'),
	(391,'bbcdc1ec-89de-4384-9368-ca7022cad6c7','Ritchie, Nolan and Heidenreich','607-439-8946'),
	(392,'87e6e298-01d1-47b6-803e-eeb65a2c1bc7','Block-Morar','883-673-8703'),
	(393,'62bf364f-f04c-4d6f-bd0c-7d1552dbac68','O\'Connell LLC','839-211-2127'),
	(394,'cb3191d5-fb57-4568-82b0-21e86097eb49','Fay Group','871-720-4955'),
	(395,'547c4d84-8782-46b5-8860-f24b1cf6f2da','Johnston Group','758-406-3916'),
	(396,'1c93db90-49b5-4341-8b79-9561e5585928','Fay, Murray and Terry','234-320-7027'),
	(397,'352eece5-0f86-4baf-ac86-6e77b4b4c94c','Huel, Medhurst and Russel','676-297-9084'),
	(398,'7cb7fe45-aa18-44e5-83a8-f4b5c9c28b15','Goldner Group','867-681-6846'),
	(399,'385ef1b4-32e8-4325-8626-280b793f7e1f','Shanahan-Bradtke','735-847-8874'),
	(400,'52ef4362-e02c-4e7e-b33f-42fdd385d2b5','Langworth-Altenwerth','811-497-1748'),
	(401,'7723df05-5315-4df2-8085-37f55a7e9ee0','McLaughlin Group','601-432-8760'),
	(402,'07619fd1-67b2-4e6a-9e59-4818ca436543','Green, Wyman and Dare','413-473-6280'),
	(403,'2e29fc00-e1f8-4a1c-82e2-433373577e66','Bradtke Inc','534-678-8299'),
	(404,'91635f54-0895-4bc9-87d0-c1d6f1029dba','Leannon-Nienow','118-719-6609'),
	(405,'9f537c36-4851-4085-8596-9eed95665c38','Morissette, Wintheiser and Rice','259-816-4954'),
	(406,'7a782d85-fb7f-459d-8a3e-217c992fcbdb','Tremblay-O\'Reilly','410-682-6399'),
	(407,'0598e751-a981-47e8-89fd-a47cdf1ae18c','West, Kessler and Schinner','718-966-2906'),
	(408,'03af762e-bc9d-40d4-afa0-1ec8a5f29f0e','Heller, Fritsch and Borer','752-749-0557'),
	(409,'ff6a98d3-f09e-4616-beb7-1fbb4dfacd49','Kuhlman-O\'Keefe','967-117-4226'),
	(410,'71926844-68d4-4e50-b433-82bfbc5e62ef','Gutmann, Terry and Weimann','314-922-1294'),
	(411,'2db69ec2-8528-473a-9f4a-441769aed48f','Hirthe and Sons','652-874-7973'),
	(412,'24fee603-a9e0-4c86-b1bf-34285ff4355b','Kerluke, Connelly and Schmidt','821-821-2544'),
	(413,'02d8c94c-72a3-46be-90e5-99b40501d617','Ritchie and Sons','534-170-2740'),
	(414,'e4d7cf9d-be8c-4602-86f0-8d08db432f69','Jacobson, Wolf and Kemmer','244-462-9393'),
	(415,'315ae4ba-0794-4ed2-bbc1-7b465b303787','Davis-Bode','102-802-7921'),
	(416,'1870b753-f3f4-4afe-9f50-53aa49952d72','Tromp Group','549-119-6889'),
	(417,'9677a84e-82aa-47d6-b3d9-111cd388bb04','Wunsch, White and Lueilwitz','430-131-9307'),
	(418,'c820b508-c021-4112-8119-ff971734919c','Huels-Rippin','192-906-9832'),
	(419,'80230542-995a-432e-9d15-5cfed75447bc','Turner-Konopelski','982-283-5069'),
	(420,'5401e2cb-59cd-4a3e-aaec-908ad3231016','Renner, Thompson and Cremin','231-279-0521'),
	(421,'7d943b80-cbfe-452a-9f16-11417b0d1dd4','Medhurst-Osinski','327-842-2940'),
	(422,'e92052b9-31ae-4573-b099-184ca40485fe','Keeling, Hodkiewicz and Rowe','721-387-6749'),
	(423,'74f4df51-28c2-490f-a23d-9c5ba2cf77f5','Kuhic-Klein','856-603-8965'),
	(424,'5ea7db3c-9297-4f91-b407-625df370dd40','Smith-Shields','887-483-2643'),
	(425,'27d2658a-0adf-446d-85e5-ce3b32d39908','Stoltenberg Group','460-142-9615'),
	(426,'a2b9a3e6-1885-43f7-9e47-fa84f29d4f90','Hilpert Inc','954-662-7178'),
	(427,'4cecd6fa-9a71-4156-80ec-b430761b7cbc','Simonis, Hintz and Wisoky','283-189-4311'),
	(428,'674c3033-d123-4731-a9f1-2c890362a482','Bahringer Inc','319-763-2771'),
	(429,'797fac4f-70c8-4257-80d8-5cf6daf86071','Lowe-Olson','637-836-3015'),
	(430,'0cf771df-9458-4b35-ba85-9c8f1435258a','Jenkins-Padberg','579-632-6027'),
	(431,'f5579006-5958-4e56-8311-cb106fa61686','Kuhn-Hettinger','385-614-0758'),
	(432,'6d579446-05b4-4a35-93eb-3a7fbdd1e319','Howe-Hickle','523-978-0434'),
	(433,'1a71a3cd-aade-4c9b-9498-f5fb7e3ee20f','Lueilwitz Inc','117-263-4657'),
	(434,'f4f34492-dd82-4da0-8e1a-a0ca4ab8de89','Borer LLC','409-512-4899'),
	(435,'7727f891-2fcf-4014-8097-26bf38102878','Stracke, Nolan and Kutch','881-348-6440'),
	(436,'e057e6f3-5c6d-4cad-8282-52f4ab5a0685','Blick Group','187-428-8722'),
	(437,'1e7dadb7-80f2-44db-bb3e-94df0cd192d1','Gusikowski, Grimes and Stoltenberg','853-754-5046'),
	(438,'22756ac7-4572-4947-861d-0fc7f418f485','Marks-Ledner','583-186-5446'),
	(439,'bff32670-63e2-46e0-8eba-de80aadd778c','Hammes, Hayes and Romaguera','934-349-8685'),
	(440,'815a7572-92f5-439b-9eb2-6e364b29ddbc','Schneider Inc','138-723-8647'),
	(441,'a22f4812-571b-4cc2-ad83-8a381a5a9547','Bruen-Turcotte','371-377-5595'),
	(442,'b35d0cd5-6b96-4fdd-bad3-9cae1993761c','Hills-Kuhlman','920-985-8635'),
	(443,'34ad4fc2-a817-4623-b47a-404aea02a657','Buckridge, Connelly and Kunde','480-295-8974'),
	(444,'5249a833-7322-49b0-a21c-5b5b8f41cab9','Ritchie, Zulauf and Brown','444-852-8881'),
	(445,'33598f5d-fbee-40c0-b39b-92d5067b6fa8','Spinka Group','718-224-6164'),
	(446,'375b24a9-05cd-4312-aa5f-cfacad3c7eb1','Langosh and Sons','314-391-5553'),
	(447,'a27b9124-c673-4b9f-b9be-6e897ed30756','Mraz-Tromp','196-223-8787'),
	(448,'d0a4eb64-8721-4aff-9cc2-fd63a540b2da','Luettgen, Gutmann and Hilll','431-646-0130'),
	(449,'f64b4146-fc23-4041-87d0-f1a0b156b34e','Reinger, Ernser and Stamm','425-245-8444'),
	(450,'498e86ab-5195-4f7f-ac58-6ac619a36138','Wilderman, Zulauf and Barrows','707-254-6963'),
	(451,'6f509360-a5b4-4aae-bacc-dcb561721b18','Rosenbaum, Johns and Waters','826-775-8433'),
	(452,'8be68593-18f9-4abd-ba35-935591d1d621','DuBuque-Hirthe','275-841-1905'),
	(453,'6efdf358-7ef3-4e9b-8a2f-218ad6861449','Bernhard, Bednar and Beier','729-755-5634'),
	(454,'4508faeb-7a7a-4d40-9587-ee37c469fd2d','Marks, Lebsack and Klocko','906-516-4766'),
	(455,'4404cd42-ec4a-4d14-9f78-473d44002bcc','Wolf, Berge and Schaefer','231-330-6727'),
	(456,'88be6277-5b7e-4ecf-bb53-d0ad454cb519','Windler-Cummerata','623-211-6497'),
	(457,'fff3fe0a-9ecc-4a17-bc37-127f8d66c8ec','Ratke Group','758-805-9198'),
	(458,'a50d1ff7-41c8-43be-9ea8-7e5ef95da12f','Purdy-Graham','558-663-2898'),
	(459,'2939242a-283e-463d-82b3-aa131662193f','Dach LLC','735-229-0672'),
	(460,'6fe91e8e-6215-4edf-82bc-0e66e4e72bb6','Stracke and Sons','634-845-6699'),
	(461,'9e4fe1b4-d5ed-4047-8cbb-3388b57f3fa1','Reichert-McKenzie','575-456-6897'),
	(462,'e48680d1-1ca7-47c3-882d-83c704ae12f6','Rohan, Connelly and Haag','380-853-7444'),
	(463,'838534a7-8637-4d76-80c1-8298688670b6','Wunsch and Sons','324-840-2804'),
	(464,'19092731-cb27-4f67-a58c-235dcb7f621b','Cormier-Towne','804-668-0612'),
	(465,'9fee2c32-d241-40c8-9e27-a5889f37e978','Considine Inc','714-790-9940'),
	(466,'e5fb22d7-8533-4c42-af0e-1fd3b6c49c7a','Simonis-Wiza','881-236-1062'),
	(467,'ec9f6c8c-18b9-4918-8d0a-b671518526f1','Sporer and Sons','665-982-8662'),
	(468,'7bfca506-9c1c-4fda-beff-c16ae76e6047','Connelly, Langosh and Hansen','852-755-6618'),
	(469,'4b97aba9-ce26-4bf1-99f1-51352bba57cf','Donnelly and Sons','763-477-7853'),
	(470,'939906a5-69a6-4d65-8f01-3792c45d611e','Schoen LLC','618-112-5866'),
	(471,'98ba1843-cffc-4d9b-8016-7b7ee95d568b','Langworth and Sons','743-563-5908'),
	(472,'6222e562-ba87-4ed5-82db-adcbba297723','Kozey-Block','306-301-5835'),
	(473,'56192ce8-c14e-4083-9bfc-6e66378c2233','Bode, Crona and Ondricka','196-799-3858'),
	(474,'2d0ce618-f794-4db2-840b-56aef76b19e5','Maggio Inc','370-687-3261'),
	(475,'852b69ee-6b13-433b-9989-422a70fa91bc','Nader LLC','517-923-3342'),
	(476,'a2cece2f-6b87-44e8-9a08-92199ded606c','Hansen Inc','125-137-3531'),
	(477,'d0c4b641-199e-43d4-a1b1-31540c9e9539','Nitzsche, Medhurst and Dickinson','559-169-6457'),
	(478,'45c1e888-d121-498e-91a5-6400dbe3ccb1','Wunsch and Sons','614-233-2065'),
	(479,'992cf905-c576-4fc0-a52f-f6600d3cf6a5','Jacobson Inc','724-504-4639'),
	(480,'8d31c853-cb45-47ef-af39-c49b7f63f1c4','Schuppe, Fay and Tillman','458-944-8999'),
	(481,'e4ff63d9-abc9-4f44-a098-759f47b79292','Leannon Group','198-569-4155'),
	(482,'651d0840-47a3-4f0e-aca1-5dd09c448451','Runolfsdottir, Kuvalis and Hettinger','412-380-3156'),
	(483,'f3ac8921-4799-420a-acaf-b1e6ba85afb5','Weber-Connelly','216-952-2090'),
	(484,'17f085b0-389f-476a-85ed-6179d0c46b46','Effertz Group','722-136-6410'),
	(485,'f2670a7b-b9c1-43d5-acbb-157eae1c6e47','Wolf-Greenholt','381-237-6909'),
	(486,'a90c5f1e-a3b6-4143-9cd5-f29f89c279ee','Graham-Huels','918-509-1230'),
	(487,'6fee1df7-9c3b-4708-b250-41cda43557f2','Lubowitz, Kozey and Treutel','443-531-1153'),
	(488,'47ee6f7e-9037-4f01-8093-f5e553f0d3ea','Pfannerstill-Littel','529-428-1453'),
	(489,'2a44f6ab-fcfc-44ca-9b11-9ba1da618330','Barrows LLC','839-913-7412'),
	(490,'d6942c28-d3cd-4309-b325-476298ca1838','Paucek, O\'Connell and Ruecker','548-852-0548'),
	(491,'30a12389-104d-4bf1-9e64-68adbcae6771','Abernathy, Von and Wunsch','118-970-5878'),
	(492,'4d605c2e-9027-4a28-90e7-69f44dee8078','Hane Inc','712-942-0413'),
	(493,'256708c9-3984-4c4c-b898-8c986eba1a47','Goldner-Conn','107-443-0785'),
	(494,'e3465756-30f5-4807-91e5-402dabf2a2f5','Schumm Inc','168-216-7595'),
	(495,'85efee46-7fde-41dd-8f0c-aaa5a893918e','Huels Inc','447-176-7405'),
	(496,'52ffba16-aafa-4a71-ad94-1d9e3c98102e','Kulas Inc','400-386-2079'),
	(497,'e1c1b409-3d0f-44f7-900d-5b62872c7362','Adams Group','817-899-3218'),
	(498,'ea293c77-e47d-44af-9534-f67e45bc3b26','Kautzer-Schamberger','114-443-5165'),
	(499,'ca4bfa27-83a8-4a8a-b97c-4e306e14541e','Schroeder, Torp and Weissnat','857-386-8392'),
	(500,'10e296a4-3fc5-45b1-a906-0f2db1345563','Abbott, Kuvalis and Huel','639-859-4979'),
	(501,'c71812d6-1b21-451a-a8db-73e2d7e6b083','Simonis-Ernser','290-939-1504'),
	(502,'05eaab97-f56d-430e-9c0a-ae96b02c8b7a','Ledner-McDermott','165-840-8076'),
	(503,'2061ac83-01cd-4734-831f-5f96ec3b32bd','Beier-Oberbrunner','697-823-4664'),
	(504,'ecc34ab4-5fdd-4e4a-b83a-47aaee889b07','Rempel, Hauck and Barrows','168-613-3408'),
	(505,'1b3c52ea-9a0c-4b9c-a3bf-47c17d91c7b2','Jacobi-Larkin','401-559-3302'),
	(506,'b1eebd69-ce97-49a5-bbf9-bd9a06da07ce','Gusikowski-Johnston','422-343-3009'),
	(507,'8c149aaf-aa08-4af3-9fcc-32991df77dda','Rowe, Jaskolski and Towne','651-432-5008'),
	(508,'adba1f03-33f4-4a8f-b68c-b68be3a5aa5a','King-Schumm','470-711-2501'),
	(509,'c5928012-7b84-4657-a937-15feb7f12bfb','Dietrich LLC','783-484-9564'),
	(510,'d462be8f-e1c7-4027-ac27-855051d698c2','Hartmann and Sons','967-493-6515'),
	(511,'0e283291-6f61-4735-8183-ea9f915f376a','Jacobs and Sons','767-420-6724'),
	(512,'58b520a6-714a-4443-aaeb-14fe6eb06405','Lindgren, Bernier and Hayes','322-812-8951'),
	(513,'107768f2-e5de-4bcd-b0d0-1ea706e6021c','Trantow-Gleason','977-639-3295'),
	(514,'b6c170eb-8716-4198-af0b-94674281ec11','Bogisich, Breitenberg and Gutkowski','391-766-0618'),
	(515,'6cd90378-2af0-46a9-b47a-ba04438e1ef2','Miller LLC','151-920-1218'),
	(516,'c4d02d89-1ece-42e7-b682-063504f7545c','McKenzie-Dickens','402-769-2377'),
	(517,'c2734718-5068-4e38-a279-b466300e8845','Hodkiewicz, Breitenberg and Heaney','314-706-8849'),
	(518,'86dc006b-e4ac-4f18-925c-c33e15f26df1','Hettinger-Armstrong','603-368-8092'),
	(519,'f44c7bd7-6500-45ec-8644-dc0945248562','Hilpert LLC','139-773-2141'),
	(520,'c8cbbcba-5677-4a89-ad44-d426488264e0','Moore, Zemlak and Jerde','642-877-2593'),
	(521,'13787200-653e-4a15-b260-6b4ea64208bf','Howe Inc','204-697-5621'),
	(522,'0702758c-8e4a-4a34-a421-df088b696656','Torphy-Lesch','199-213-9495'),
	(523,'cda29f0b-5115-4d96-b2ce-8dace11f7a5f','Schamberger LLC','496-466-6241'),
	(524,'3377cf2a-374a-4060-b57e-dab2b0153195','Deckow-Pouros','795-222-4305'),
	(525,'0cd069b0-9475-49f7-8689-7e2fe85793d6','Langworth-Greenholt','985-715-2276'),
	(526,'db5d5a6d-ee4b-43c4-8fa2-7be8a47f2ada','Jaskolski LLC','289-616-5932'),
	(527,'c838f7a4-1d9f-4a39-b08e-909e9155851e','Mills-Herman','170-835-3513'),
	(528,'7c9c59ee-882e-428c-a424-fc2e473d58c2','Upton-Franecki','390-232-3934'),
	(529,'80477fde-f59d-4f51-96fc-0e864737458d','O\'Keefe-Ward','408-396-0690'),
	(530,'c5fd3046-f25c-4263-b423-d477538bc423','Boehm, Gaylord and Spinka','690-193-5921'),
	(531,'6777f633-8b5e-4651-873e-089c394e163d','Schinner, Halvorson and Jerde','627-690-5630'),
	(532,'dba4baa1-9c78-408b-96a3-c5c012c679c0','Smitham-Heidenreich','372-524-7432'),
	(533,'30ddab61-3baf-44aa-b950-40b4a6d8c065','Hahn LLC','166-854-4478'),
	(534,'f35674bc-de04-42a4-ba04-80f659272624','Dibbert Group','941-667-3736'),
	(535,'db75f142-087d-44a3-b62e-7cbffbd1a770','Wunsch-Robel','454-886-3422'),
	(536,'5f52dcf3-b06f-407e-93ff-243b545b9c7b','Hirthe and Sons','993-929-5115'),
	(537,'09d684d2-1cae-457c-9caa-60f33a5f3331','Howe Inc','713-845-0441'),
	(538,'297bcdc4-64bc-45fe-b6c3-e6ebdf5cc580','Emard, Tillman and Mosciski','996-368-6481'),
	(539,'3fa23b46-9cbc-49c7-a6bf-a713cfc5122a','Lesch LLC','944-307-8068'),
	(540,'064fc340-704d-4f3c-9b4a-05499af230c1','Padberg-Lind','605-300-9859'),
	(541,'02dfa53d-5be2-4ecd-8005-9068c1c5d1bb','Becker, Bode and Hettinger','212-325-6727'),
	(542,'cc9af44c-bead-4562-ba20-c30253752a0d','Ullrich-Daniel','288-996-9444'),
	(543,'f9effc31-97dd-4a16-8df0-4081679c745e','Turcotte Group','876-544-7856'),
	(544,'4528ec09-148a-4f98-903b-4f0f595d8596','Heaney, Champlin and Jacobi','522-526-4388'),
	(545,'36eed036-636f-490d-8fc8-2cbe780f95e5','Bayer Group','741-947-0921'),
	(546,'f55a064a-8c35-4afa-8913-2db77e7741ff','Gulgowski and Sons','946-369-6701'),
	(547,'1eafc4b1-7814-488b-83d5-7f2ca592ba96','Lemke-Farrell','598-863-0397'),
	(548,'eea4c30d-ea50-4cf6-8960-b5b7fbe99053','Hudson, Predovic and Labadie','741-270-4866'),
	(549,'efc7b5cf-5dde-474f-a00f-fdae195f8e62','Hills, Stark and Cole','240-263-5624'),
	(550,'5110b6dc-1972-480a-b37b-7da6d1a8813e','Spencer Group','660-346-2708'),
	(551,'c91e2ced-8855-430a-b740-dba620648818','Bahringer-Stehr','702-997-8395'),
	(552,'75c075ea-f0a8-4e91-98de-c9c1b16af585','Schumm, Kassulke and Feil','183-696-1022'),
	(553,'bae812b3-342a-45a2-b9dc-1fdf910649ae','Hayes, Dickens and O\'Hara','965-566-7274'),
	(554,'834699d9-9c3f-4b4c-aa86-a9e84db5fd31','Rutherford and Sons','547-677-1415'),
	(555,'c14c654c-6dc4-45a3-9e4d-1068ebfe1647','Hartmann Group','315-540-9151'),
	(556,'1b7d012e-ac72-4264-a38a-558cead08a86','Keeling-Orn','929-765-4473'),
	(557,'206853df-25bd-425d-a613-d2d176b5b86b','Pollich-Trantow','637-797-3371'),
	(558,'ffee07b5-6fc6-4d8b-bee5-e89e58a39663','Feest Inc','474-383-7722'),
	(559,'bd518137-0dbf-4d4e-a36d-425378efc7d3','Treutel-Towne','673-307-1976'),
	(560,'9b2527d3-ce8a-4109-b631-65f9d426608c','Turner-Runolfsdottir','860-307-9468'),
	(561,'788bf1f2-cb2d-49a7-9315-5210dade3676','Hansen LLC','694-472-0142'),
	(562,'c3b21f45-1141-4185-8be7-aae2901bfc34','Kilback-Legros','339-753-3388'),
	(563,'bb9dab6a-2623-486d-90f7-0d03335c9bff','Brekke LLC','190-295-0295'),
	(564,'2c1cb46c-15b3-4783-bf60-e3279fc7a5ce','Macejkovic LLC','539-267-0655'),
	(565,'1d02d14b-7a46-4501-b58d-768a2d62c86b','Durgan Group','950-172-7032'),
	(566,'b86b3d9e-27e1-44f0-a1fd-63c86542cbd5','Batz and Sons','458-772-4792'),
	(567,'7dd066a8-5eb2-4447-b42d-e909f9326170','Gislason, Lubowitz and Mueller','217-665-4909'),
	(568,'e407fca4-da7f-4d28-849c-0395cf073d92','Ullrich, Schaefer and Monahan','981-443-6450'),
	(569,'f0ba6c30-6af6-4b3c-a04e-b54324ac3f12','Zulauf LLC','398-859-8208'),
	(570,'637998a0-dd1e-4cd0-b20e-f171b734937e','Halvorson LLC','718-163-9833'),
	(571,'0735a1a5-8649-46b2-ac0a-0075a5324403','Smitham Inc','158-638-4119'),
	(572,'9a68026c-fbb4-47be-9034-57d43cd7f1cf','Macejkovic-Greenholt','443-567-4638'),
	(573,'e5f6ff98-59ea-46cf-a989-80653f0766e7','Strosin, Gaylord and Lakin','704-669-4189'),
	(574,'1f8f74b2-0033-4b70-9686-129103353543','Stanton-Schinner','463-608-8001'),
	(575,'f472b9a4-6fc5-47e2-9396-d534f695f586','Glover and Sons','601-511-9406'),
	(576,'f24d99e1-06ad-430b-bf63-52d3d991c92a','Hartmann, Hermiston and Crist','633-250-4118'),
	(577,'4c52902a-3bd9-4e83-b29d-2d0147db6513','Hayes Inc','713-740-9062'),
	(578,'e6983c2d-f9cc-4cbf-b9fe-4971bb64e1b8','Hackett-Cummings','533-782-4966'),
	(579,'d60c6af9-8e3f-4dee-ba11-47d6281f2c70','Harber Group','308-357-0709'),
	(580,'c2adf4e1-88b1-43ad-911e-bab09c6753a3','Kessler, Emmerich and Metz','937-192-1948'),
	(581,'1b7742e7-fd65-4439-89c7-479d66cae980','Bogan, Beer and Shanahan','286-132-0458'),
	(582,'4141146e-f67b-46db-8d8f-80ffa6e565d9','Grant, McLaughlin and Walker','386-657-9045'),
	(583,'5484ad52-0b44-46d6-9e40-98a21d5c37c9','Breitenberg-Moen','529-491-9318'),
	(584,'fcc4f3bf-ca99-403b-9a68-48c3f948218f','Wehner, Walsh and Haag','773-366-8650'),
	(585,'b6e45fc4-2a90-4407-9adf-0b4ca5aafd39','Rolfson, Ebert and Ankunding','338-501-6258'),
	(586,'964f3e17-146d-48e2-ada8-72b0ca48c2d6','Baumbach Group','191-574-5771'),
	(587,'c355aed3-038a-4bb6-a61a-235dccaff3cd','Walker-Graham','910-978-6381'),
	(588,'48ea69c6-8842-46fa-a029-954650323423','Nolan and Sons','805-109-0744'),
	(589,'fc813dfe-7e37-4bbd-9452-0fd7db1733bf','Green-Hand','513-565-8311'),
	(590,'bf49a6cf-cde3-47f5-b8c3-c7739e7fc01a','Hauck-Jacobs','598-847-5859'),
	(591,'ef400084-3d73-420d-b639-070691cdae40','Olson, Lemke and Botsford','147-591-8804'),
	(592,'e92cd55a-5e9c-44ed-95f2-90b8a42c8a8f','White, Kuhlman and Krajcik','835-387-4365'),
	(593,'ffc0b2f2-35aa-41e0-85f2-675725c584d6','Osinski-Rempel','881-464-9897'),
	(594,'3571f805-25ae-4532-b264-691bd69462bd','Stracke, Towne and Olson','762-825-6808'),
	(595,'e6d46d5e-f398-45b0-bd6b-02368c9591dc','Funk-Willms','623-108-3625'),
	(596,'9e40710a-34fb-4805-813a-98941fddab6e','Pfannerstill and Sons','858-964-1010'),
	(597,'6525420b-040b-4cf4-bfad-fdbc3af1cae9','Schaefer, D\'Amore and Parker','936-631-0259'),
	(598,'73d38bfb-07ad-4104-8f19-05732d76f819','Bergnaum LLC','455-774-8595'),
	(599,'cd404be3-3415-447f-aeab-4ef977eb800d','Veum-Von','145-978-9320'),
	(600,'3b45d30b-b529-44b5-97a3-a3dcf2a011c8','Turner and Sons','744-157-8667'),
	(601,'a470020c-0510-466a-b6d6-e6a552f39f14','Barton, Russel and Walsh','563-960-0188'),
	(602,'91a85f7a-69a2-471e-be25-e60d859dc77e','Mann-Eichmann','745-569-4336'),
	(603,'c69bf55b-9118-4cf0-aca3-5834f766b61a','Grant LLC','238-438-5198'),
	(604,'bc6ef9c4-d183-4501-a021-f8877227af80','Reinger Inc','942-477-5958'),
	(605,'7f30d4a8-0966-46ec-b8e3-3b67cfae4977','Mayert, Mraz and Moen','824-133-2289'),
	(606,'5c22e465-830c-4a11-97d5-356cb7b3d839','Smith, Cole and Paucek','607-417-5711'),
	(607,'7206667f-9651-4999-9057-af75aebd0dc2','Parisian LLC','687-389-4467'),
	(608,'29a9bc08-1e2d-4b40-9869-e46d0b2c3f13','Larkin, Goyette and Stroman','240-757-4402'),
	(609,'75cf725c-0d31-4688-893a-9ff498fcd104','Ferry, Bechtelar and Ernser','750-980-5712'),
	(610,'71c989bc-b6e3-48ad-b6d4-50ed7fbb825d','Koelpin-Dicki','827-271-5303'),
	(611,'5e85afa1-692b-46a2-ac9f-c30509ee9f7c','Reichel, Grant and Nikolaus','412-553-9534'),
	(612,'214ca933-02d4-4979-b5a9-f8a3b414c2dd','Reynolds, Ratke and Haley','629-533-3838'),
	(613,'f69b2454-66d9-45ff-b713-001cf51ab495','Jakubowski, Langosh and Spinka','897-319-6728'),
	(614,'29883fbe-3ef4-4863-a696-e4f15910d5f4','Bogisich Inc','723-228-6718'),
	(615,'370ea099-c6dc-4c5a-84e3-4ff5d7907816','Greenholt-Swaniawski','182-601-2939'),
	(616,'21659c77-98c9-4a93-9411-4e1f0d8237a1','Powlowski LLC','214-204-5819'),
	(617,'27f656d9-ea0f-49b5-8194-750f231b7a8e','Koelpin, Morar and Cormier','406-533-9558'),
	(618,'676aa517-f4f8-42c2-a6dc-c3da40f66c81','Christiansen-Maggio','338-168-3614'),
	(619,'17e462e5-edac-403b-8cff-f13c1c968a7c','McDermott-Gusikowski','640-334-3913'),
	(620,'7df5cded-300a-497f-9366-8f594515164b','Crooks-Erdman','538-695-4047'),
	(621,'278b0be6-44bc-4660-962a-5ff027fb1bd4','Greenfelder Group','423-637-7081'),
	(622,'60bfd051-327c-48fe-bee6-90056a9221a9','Weissnat-Lockman','464-164-6053'),
	(623,'aef121b2-c111-4cd0-b9ef-b644929a41ad','Smith-Predovic','122-345-7772'),
	(624,'78535e05-9202-467e-9c20-cab0e41218ad','Quitzon-Cartwright','206-826-4635'),
	(625,'d3d50835-6a81-4779-b2cf-c4475ce9f2b7','Haag Group','272-627-6252'),
	(626,'9e60af02-5866-4b39-b31f-1c8aa58777f6','Stehr, Bogisich and Gerhold','645-782-8551'),
	(627,'fa9d27d0-1186-4dc9-ac25-12ab16234e5c','Hirthe and Sons','298-157-1589'),
	(628,'c0df0d2c-9025-4201-83bd-529c68313529','Lemke Group','648-162-1985'),
	(629,'e1e19773-8ed1-4333-9229-b06c1de74256','Willms, Thiel and Mertz','144-262-0279'),
	(630,'caab8ed6-4dd0-4dbf-90d7-a885d9ba0033','VonRueden Group','715-458-4943'),
	(631,'b840c545-0765-4b75-8878-8cb6dc15ce4f','Rau-Pfannerstill','289-363-0463'),
	(632,'ea5e4b7a-37e6-429c-8fba-a6a8dd1893b7','Prohaska, Bins and Vandervort','607-265-6750'),
	(633,'a847d182-8206-4b83-abf7-99f6a3774915','Effertz, Hilpert and D\'Amore','840-155-5010'),
	(634,'10779395-0994-4fef-af9d-979a405929ac','Kertzmann-Fahey','600-811-2248'),
	(635,'69ed1301-bbf5-47d5-9b6f-68534cf42db7','Mayert Inc','738-942-0468'),
	(636,'26283231-7f8c-4762-ae1a-9b4c367e1970','Kutch-Trantow','939-912-3484'),
	(637,'e5fdb702-bb86-40c7-9985-5d352ba14269','Sporer-Harber','503-994-6206'),
	(638,'92abe776-dc4c-48a6-a30b-179181d96775','Graham, Runte and Brekke','240-596-0728'),
	(639,'64085753-18d6-429d-ae67-d9edd6e42815','Parisian, Stark and Keeling','821-988-3578'),
	(640,'1063e91a-dc67-443e-abdf-c909b741bfbd','Weimann-Altenwerth','505-242-7548'),
	(641,'51c9ded5-1399-43bb-880e-932330fb8d91','Zulauf-Swift','459-209-6962'),
	(642,'72e70a26-15a8-4059-9766-f6f94ac87e38','Gislason-Price','681-505-0047'),
	(643,'bee485c0-1821-4fed-9596-091abaef5bae','Howell, Kemmer and Jones','730-285-2476'),
	(644,'47be21cc-5dab-4a8e-9a81-b4342211c711','Bailey-Herzog','493-643-1368'),
	(645,'537a020f-d7fd-4947-89df-d4b77913b591','Klein, Keebler and Cummings','480-819-3940'),
	(646,'58832527-6f6f-41c5-a1e3-0006ff81b140','Lang, Thompson and Bahringer','782-453-2373'),
	(647,'b5de03cc-650b-44d6-abeb-fd858ad0d2ac','Halvorson-Oberbrunner','840-739-3922'),
	(648,'a0cf4483-e4c1-48f3-98d9-97dbb8a99935','Goyette-Johnson','416-824-4289'),
	(649,'c3b92ed8-0a12-4388-a2cb-1ef605dc4f31','Steuber-Wunsch','522-272-0623'),
	(650,'6af0b288-4a2a-4282-961d-689cd2d77726','Lubowitz-Satterfield','333-550-3218'),
	(651,'fbf59be8-4f61-4a2d-8b22-7566de377cfd','Gibson Inc','404-684-7198'),
	(652,'34167f39-9ac6-4d0f-a426-0a2d6e9869da','Cummings, Ankunding and Nicolas','919-382-3326'),
	(653,'ae66fbf6-4c84-4cab-a894-631b356550b2','Yost Inc','217-996-6095'),
	(654,'3e2e7d5d-0f0d-4ae0-8e89-af5429b648ea','Fadel-McKenzie','927-442-2194'),
	(655,'f299fa22-0dec-4a20-aae1-02c41ba05257','Kovacek-Leuschke','548-134-9944'),
	(656,'2d9f8184-ee49-40cb-9d43-50d3edc0904a','Zboncak-Baumbach','844-569-1151'),
	(657,'e2c69b69-c7eb-4b1c-bbea-9060b2aaab7b','Koch-Anderson','822-308-6530'),
	(658,'9825e33d-c87e-4e99-a1f9-adb9d96108cf','Bins-Haley','224-993-8697'),
	(659,'5fa4bd8f-18f7-483b-9f9b-e482ee070389','Littel-Casper','668-341-1119'),
	(660,'a2a5eb53-961c-4dba-9e2c-48dcbb8fe701','Feil Group','189-848-6143'),
	(661,'0fa3e4aa-a4da-425d-8b12-cd105f923883','Lehner and Sons','616-946-1098'),
	(662,'eb5639ee-4399-4845-b094-44f69568290a','Fritsch, Konopelski and Rosenbaum','831-863-4072'),
	(663,'9d981117-93b0-4e93-9dbf-5b56abc728da','Jones LLC','992-852-2566'),
	(664,'cd9db2df-95e0-4f01-8b88-e8546f5fbe89','Barrows-Rolfson','249-545-1585'),
	(665,'f9131277-cd03-47aa-a886-c0282ebe9894','Boehm Inc','476-852-3077'),
	(666,'450b8ca6-329a-4b70-825f-aa536107c982','Hackett, Parisian and Raynor','196-711-3118'),
	(667,'02c631be-c26f-443e-93c5-e6faf05be0e7','Ebert, Lemke and Pouros','307-531-8919'),
	(668,'0d2f8806-05ba-4150-8c58-8a98b36b3935','Kovacek, Lebsack and Robel','684-914-5575'),
	(669,'a2ff5f43-e495-48de-9a23-f3a3ad9aa208','Rutherford, Collier and Abernathy','882-851-5081'),
	(670,'3451143b-3cc5-4d97-bb48-8baa61f0c758','Schimmel-McGlynn','572-465-6646'),
	(671,'67a81c12-9a69-44fe-8efc-a4f2b4d2c01b','Swift and Sons','537-374-6459'),
	(672,'bececcb0-c104-4758-91b2-df7efedf47e4','Wiza Inc','124-902-0074'),
	(673,'545c88d5-12ce-4037-8b0c-1e1c9134c4fd','Gerhold-Schaefer','691-100-1451'),
	(674,'b163f54c-1f44-4be9-af34-ebbcfc5a8b93','Conroy, Blick and Lockman','171-868-0735'),
	(675,'1d4d5b44-3111-4742-bd8c-b410b3ecc600','Hamill-Ernser','812-247-8758'),
	(676,'1d0e4cfc-5c2b-47ef-902c-27cfa8a4aa66','Cummerata, Hickle and Dare','468-775-2454'),
	(677,'7125d4ce-7e54-4853-9d75-ffe189272ba1','Anderson-Corwin','812-462-7987'),
	(678,'8db48662-e237-469f-b507-08a608226e13','Brakus-Bergnaum','504-619-9692'),
	(679,'ac1df944-a1f5-4a13-aca2-baf51c9e8226','Funk-Osinski','390-809-5644'),
	(680,'0df231ec-342b-4cb5-9791-8019d1d46ca0','King-Wiegand','226-845-4115'),
	(681,'72db3a36-b159-4e65-abab-b4d61fdd0172','Kreiger-Frami','621-223-7949'),
	(682,'a0c4d41d-0345-4ad0-833e-34be016a0946','Koss Inc','241-387-9369'),
	(683,'a3a0c8c3-288d-470d-9b9b-e8431e13f7b0','Gulgowski and Sons','496-908-1585'),
	(684,'3acf2067-5ad5-4ee4-b08b-121bf8c193ab','Wiegand, Stoltenberg and Kuvalis','630-906-2412'),
	(685,'85964a22-7e3f-4fc5-9716-19d284421169','O\'Connell-Grady','732-607-2079'),
	(686,'be3fb8e3-849e-455e-885e-ce3d813c0f92','Schoen, Kunde and Boyer','763-291-3498'),
	(687,'797a0af7-cef1-40e6-8479-63ef9085d10e','Wilkinson-Gibson','830-233-4650'),
	(688,'da705b86-b551-440e-86c7-850b65079921','Cassin Group','938-225-9513'),
	(689,'e838e0d2-65c0-4fa8-97ac-233e07452400','Olson, Lubowitz and DuBuque','468-692-5491'),
	(690,'ed75aea5-d536-4a22-bcdb-f7f300b3ea38','Cruickshank, Zemlak and Wyman','191-808-5454'),
	(691,'6b99d49b-9014-4526-aeed-b5a8711270b1','Schaefer, Graham and Ryan','248-317-4306'),
	(692,'2707f1f2-987b-4c5b-b338-56e7e11bfa03','Nader-Cremin','773-709-8474'),
	(693,'b5987b71-8698-4a36-b358-0e7bd54ae527','Stoltenberg-Hoeger','106-289-8873'),
	(694,'9dbd597c-25bc-47ef-bcac-a75c648fe4a9','Koelpin Inc','325-815-9475'),
	(695,'74a62ae4-d8c9-4be2-a411-9244ac50a2d9','Pacocha, Jakubowski and Lemke','110-701-3048'),
	(696,'deab89b2-d975-4553-bfab-c6c67ccc5641','Williamson, Schmeler and O\'Hara','387-670-1997'),
	(697,'e550778c-0d58-41ad-b397-cabb80725882','Steuber, Senger and Lindgren','822-777-6509'),
	(698,'31265b5d-2e30-40e9-9518-5837f53dfea5','Daniel-Kovacek','860-469-9970'),
	(699,'21898b2e-da9c-43f9-a45b-838c5ae885b5','Wolff, Schoen and Towne','885-974-6379'),
	(700,'30171e86-f197-4cb0-a3ce-d07df469f138','Stoltenberg LLC','942-316-3266'),
	(701,'e1eda530-205f-4c3e-9d18-3f3acb73b1dc','Morissette, Marvin and Terry','250-234-5277'),
	(702,'c2e5b0f7-49db-41c5-b62b-219d596d82b2','Friesen, Cole and Hane','806-374-7685'),
	(703,'7ffc27f0-2b7f-46bf-96ad-b7f7fed10614','Murray-Rolfson','635-552-3005'),
	(704,'91285b1c-0c9d-4d89-a1df-892482d8b43a','Zulauf, Schimmel and Hilll','425-993-4475'),
	(705,'9340617f-4445-434f-a8ef-6e57cbc2f799','Heaney, O\'Hara and Mayert','267-809-3557'),
	(706,'54bc74b2-967d-4746-b601-b6fc1fff8a40','Douglas Inc','402-248-9426'),
	(707,'7a27166c-5c1a-4efd-b538-8bb4cdc469d0','Cremin Group','877-446-2638'),
	(708,'7abd1439-849a-4cce-a72b-9d90b275811e','Hagenes LLC','171-286-1231'),
	(709,'20643614-8f77-4080-a8d9-fdbaa1f1a2ca','Little Group','230-403-8995'),
	(710,'96588ef0-2fb0-44ad-82a0-b61c1b7259ba','Bernhard-Keebler','318-194-3509'),
	(711,'981da146-f256-46c4-b7fb-d3fc44d70ac4','Gibson Group','987-317-4901'),
	(712,'95cd64bd-1fb3-4b2c-a6c4-0997d4a87506','Schimmel-Bergnaum','474-476-9767'),
	(713,'9a0d4f71-5057-43bc-9305-334acdaf3c96','Greenholt, Ledner and Moen','273-977-1752'),
	(714,'a87ada13-7b27-4fd0-9427-3b5090daec87','Roob, Witting and Schmeler','306-601-1315'),
	(715,'e99d11a0-1f79-4dcc-b0a2-32185dac2076','Hackett-Yundt','859-247-2837'),
	(716,'d9458a3a-ca68-4d85-8ffb-e63d68be3c4f','Champlin-Lind','617-440-2598'),
	(717,'e427311d-6196-4931-b225-e455b8ca1b9f','Kassulke, Littel and Turner','817-479-5642'),
	(718,'70755e6d-655f-4260-b3a4-649e98f0d7e7','DuBuque and Sons','940-209-8292'),
	(719,'50fa436f-07ad-4d2d-a6ec-b9d667a4fce2','Kub-Brakus','770-984-3571'),
	(720,'25794888-0533-4445-acd2-7cc951a901f0','Spinka LLC','824-866-3030'),
	(721,'71c56be4-ed30-4d02-a198-14ebf4b992d3','Mueller, Becker and Hills','429-893-0445'),
	(722,'fe3f508c-2b62-447f-a554-4a2c6fc3ba34','Altenwerth, King and Schulist','922-528-3496'),
	(723,'45612fee-b72c-411d-9dd1-388a56e1f8db','Mitchell and Sons','225-692-0789'),
	(724,'e9d92e72-5500-4a5a-b41d-3fe8b92f1e93','D\'Amore, Spinka and Shields','208-237-9472'),
	(725,'05f85e80-c06a-49cf-ac1b-1d23e608d8cd','Beier and Sons','602-546-0599'),
	(726,'d839f8fc-9fe9-4142-afd2-a2435ef49bcc','Stamm, Swift and Altenwerth','695-283-5793'),
	(727,'443a7e81-23e4-469b-9a31-ee6d20ad99ae','Davis-Lehner','502-672-7482'),
	(728,'a9354206-7740-4663-a764-6b019dd029ab','McCullough, Schoen and Renner','625-581-5763'),
	(729,'df30caed-4527-4ece-8f34-20dc11484d83','Murazik, Stiedemann and Abshire','695-779-8824'),
	(730,'4367fd0d-167f-4533-9f4f-da55852e6bf9','Schuppe-Emard','218-912-0727'),
	(731,'9f1f738c-77a5-49f4-aaba-6dc851e1892f','Hirthe, Flatley and Green','588-448-7004'),
	(732,'a516e3f3-e1d5-4fc1-ac97-1d9638a161c3','Witting Group','514-127-0368'),
	(733,'ce45fa61-59b3-4450-a48a-c86dde1ef6f6','Nitzsche LLC','232-406-9226'),
	(734,'c370787c-6e1f-4625-bdf5-167c06d058f1','O\'Keefe-McClure','509-929-3586'),
	(735,'153f0fee-b711-4ee4-87d4-d5a64049387b','Ernser-Witting','108-920-8346'),
	(736,'126149ef-58d8-472b-83ea-d904629053ca','Krajcik Inc','737-616-7361'),
	(737,'a0074465-92ec-4c61-9ca5-392fd4396625','Williamson-Gibson','693-648-0850'),
	(738,'59f82b38-f4d9-45b2-955d-3da741ccc5fe','Mosciski-Batz','820-530-0679'),
	(739,'f78d76af-5a68-47b6-8bd3-ecfa8a90f8af','Sipes-Muller','820-377-1706'),
	(740,'d015f9db-eac2-4dd1-9801-0beeab2d57a2','Balistreri and Sons','876-142-9270'),
	(741,'789ca7c7-69b5-4fa3-97de-004cf0e53e15','Gaylord Group','905-602-4752'),
	(742,'887d1724-e01c-426d-8c5d-7583add60e89','Hyatt, Lindgren and Tromp','929-470-3616'),
	(743,'67b980be-ace0-4703-8f15-76b789d38e97','Dietrich-Jast','708-971-1394'),
	(744,'25c4b33c-062f-46dc-ab0a-7fb7e3da452d','Boyle-Wisoky','474-427-2084'),
	(745,'1446aaf0-fe36-4483-a026-2054bf5f39f7','Wisoky-Lesch','451-305-4869'),
	(746,'08ce49f6-81c4-4eb2-a942-7cbd8ee6862a','Raynor LLC','217-432-7222'),
	(747,'6846ea7e-c47f-4ccc-9b43-cdc45f504be2','Auer-Haag','775-592-9077'),
	(748,'26230549-19aa-4b2d-8821-bfb06b3bbbc7','Ankunding-Abshire','971-672-9179'),
	(749,'42281197-a766-413c-8829-b24b611084f9','Rau, Kohler and Price','654-167-4919'),
	(750,'109be1f0-5ecf-42cf-9fda-5853a287b8d9','Schoen, Towne and Donnelly','261-810-5751'),
	(751,'61a329c1-031a-4cae-b596-d775ab0ec5ff','Quigley-Johns','695-743-3533'),
	(752,'f1f335b9-be93-4168-b474-1bfaf902b3fc','Tromp LLC','395-148-5029'),
	(753,'f7722c94-54b8-45b1-af23-e62a9a1b1c7a','Schimmel-Schamberger','975-971-1320'),
	(754,'64cd7480-92ea-42a9-a589-77cb62093bee','Halvorson LLC','444-757-1998'),
	(755,'ef086a9e-2007-4f5e-8511-6e2e4f9863ea','Kemmer-Tromp','728-935-6771'),
	(756,'159c6d43-487e-4248-8b27-576b36ee4e82','Roob, Kub and Osinski','660-127-1548'),
	(757,'4532ec3f-9b6f-4cc6-be18-ff46296e1b73','Pfannerstill-Ullrich','612-998-8337'),
	(758,'612580cd-36d6-4d45-9227-71e0635fb66c','Boyle-Mayer','114-554-0402'),
	(759,'f0d3f0ff-aa6b-4421-819b-1bf6c7c3a167','Marks LLC','831-140-1110'),
	(760,'5de7bdbd-04d1-4343-bf72-5d9c98c17ecb','Hahn-Moore','644-719-5692'),
	(761,'ab65a108-f0ff-4ba8-8724-d03f20277c06','Doyle, O\'Conner and Jacobi','953-574-3880'),
	(762,'f213f57f-7227-4b58-a95c-a8fb02eaec30','O\'Kon Group','735-920-8136'),
	(763,'08633dfe-c2f5-4bd1-ba13-59f0e8cef11c','Balistreri-Lind','631-651-8832'),
	(764,'e40a35db-3e9c-4861-8a46-1a43abd31b19','Stokes Group','325-196-6321'),
	(765,'95ce86ef-8628-4ca7-8614-75f2946e0d30','Casper-Schuster','661-433-4889'),
	(766,'30d2703a-02a1-4012-ab15-4f369437bb63','Nader, Schuppe and Towne','522-292-4561'),
	(767,'075b0775-e42e-4b35-becf-3e1a05a8670b','Von, Stoltenberg and Shanahan','511-562-6371'),
	(768,'659ee40b-5ad5-449e-88b8-a50b1c0c7e55','Metz Group','560-272-3489'),
	(769,'756fc7ac-a376-452b-9c00-99bd2e63648f','Altenwerth-Wuckert','608-152-4214'),
	(770,'045fa01b-e527-461b-9274-7d11011f919c','Senger and Sons','522-282-1759'),
	(771,'e1076596-3198-4c41-89aa-2f9551aa651a','Veum LLC','239-177-8418'),
	(772,'d8313657-0cbf-4e25-a4fc-e4e14925e590','Haag Inc','828-859-8112'),
	(773,'356e9e53-7a6e-4878-b02b-00c091a65e82','Collier, Zemlak and Gutkowski','128-110-3238'),
	(774,'d713933b-4ff9-44d4-838f-e036602c43a2','Swift-Heller','402-544-9793'),
	(775,'98027db8-d12f-44fe-b4e9-05a3948c5cb6','Durgan, Rohan and Walsh','347-386-9479'),
	(776,'7d90754e-0923-4cc1-bd83-31760279077b','Tillman, Schumm and Ratke','979-300-8616'),
	(777,'e18b4639-45f3-4283-a618-d0ae87ef873a','Lynch-O\'Keefe','577-411-1938'),
	(778,'d4cd8227-7afa-4c43-b22d-a21c925ba8c0','Cronin LLC','378-170-3744'),
	(779,'b779846b-ec8e-4b0e-880e-42dc87a07677','Weber, Brown and Buckridge','620-739-9571'),
	(780,'70fb4f33-bbb6-4fe0-96a9-ad34604359ae','Brakus and Sons','239-800-4079'),
	(781,'df0761f7-e6bd-4ed2-b6d3-96d9ea6a117b','Spinka and Sons','851-292-8821'),
	(782,'16ad99d0-199d-43bb-96fe-b3fa9b310746','Torphy, Murazik and Dietrich','146-716-3727'),
	(783,'1a0aeb3b-256b-4127-87aa-9b15194c1fac','Gorczany-Hand','179-860-4154'),
	(784,'40bdbb88-038d-479a-ab53-568530493355','O\'Reilly Group','109-772-9683'),
	(785,'acca8551-f605-4f59-aa3f-b8b9f937ee68','Gorczany-Rohan','626-438-1544'),
	(786,'086d60d0-0bb9-4610-8772-1f33efbddda6','Huel-Nader','813-843-1278'),
	(787,'d757d596-b9d1-4d04-8e2e-c2b9cd8df376','Klocko, Schowalter and Runolfsdottir','782-318-7728'),
	(788,'5015b8f0-295c-45da-8429-198127f9ab34','Franecki, Padberg and Mitchell','808-442-3213'),
	(789,'359b4512-5d77-458a-8f21-7f2302cd2149','Hodkiewicz Group','343-119-0622'),
	(790,'9ce8ca87-c1d1-45b8-b517-c56ebcbf3d80','Waelchi, Olson and Bednar','459-240-9113'),
	(791,'21c4f7ee-d0a8-4c49-a3ff-69cfc150e336','Gottlieb, Padberg and McGlynn','721-919-1221'),
	(792,'31b30f01-8844-4c27-82b5-3816ea4ff45f','Fahey, Gusikowski and Wunsch','958-249-5233'),
	(793,'5254cc07-d8bd-44a4-9217-0635046141c6','Pfeffer Group','745-126-2809'),
	(794,'e19e97fe-9bb8-4788-9aac-45a5c7c7a27e','Kutch LLC','267-773-6910'),
	(795,'047fb80b-d9a5-468a-bc6c-6fa40bd018e1','Fahey Inc','388-696-3157'),
	(796,'94841968-c4ed-4b7f-8d81-e24d3ab90567','Wolff and Sons','382-179-9797'),
	(797,'998b98af-0666-4807-ba2e-a0b0bf9fbf64','Predovic Group','350-572-8581'),
	(798,'5bba2c46-4329-4c9f-8e63-e9c212261d3f','Crooks, Kub and Lueilwitz','314-186-1252'),
	(799,'eb174e15-47a7-4b19-99dd-21ed118e69fc','Eichmann-Leannon','387-209-4162'),
	(800,'b27b467c-660a-4762-98ed-3ef48da1541d','Deckow Group','638-323-3702'),
	(801,'bb3becff-3f4d-4bc7-9a09-1c82ca8238ca','Hermann, Altenwerth and Lesch','623-686-7708'),
	(802,'beb72a09-12b5-4cd2-a1ca-ada88c940ec3','Gorczany-Ondricka','801-407-9992'),
	(803,'42f0b178-0d99-42e1-941b-41bd28a39596','Feest-Koss','871-264-6725'),
	(804,'7daa6c14-e986-428a-bf18-305aa7ef6d81','Franecki, Schiller and Kerluke','884-698-0141'),
	(805,'83797904-0044-4116-90d7-dc29b9d369e6','Becker, Heidenreich and Turcotte','942-830-2374'),
	(806,'59560ba9-3b26-4b0a-83dd-f5697ef08a35','MacGyver-Armstrong','715-184-3131'),
	(807,'75e111a5-e250-44a1-90e6-9cb948f6b616','Graham LLC','336-746-3739'),
	(808,'9235cfc4-be31-44ba-a083-be77e2ce5898','O\'Reilly Group','357-999-1557'),
	(809,'b64fc661-beab-4b2e-a096-fca7d03cebbe','Raynor-Kertzmann','630-133-1538'),
	(810,'f1e84beb-e190-46a1-993c-d4a60b419594','Sauer-Harvey','519-382-9851'),
	(811,'1d817fdf-7b43-4927-a5bc-a71bae56e864','Legros-Doyle','579-824-0839'),
	(812,'ded427d1-9461-43a1-ab61-c621a97b6f85','Smith, Hoppe and Lowe','928-581-9382'),
	(813,'84f3280b-6a5c-46f6-bfe0-f39be5a67d89','Hills, Rath and Medhurst','879-228-0109'),
	(814,'6537e665-a80c-4ed3-95f3-0176ccf53e77','Weissnat, Krajcik and Russel','507-640-7627'),
	(815,'93479e12-29fe-4801-b451-f2aa3dd40c83','Swift-Little','977-825-5285'),
	(816,'5149d327-b023-439e-ab38-d91f3ccb274e','Koelpin, Kertzmann and Gutmann','783-541-5968'),
	(817,'78450477-80d2-41f7-9b83-9e0ef7daba38','Wintheiser, Raynor and Dooley','495-897-0808'),
	(818,'e1d61c1d-6a6a-4fcc-a9e9-149919bc9451','Labadie, White and Walsh','584-674-8547'),
	(819,'f8919518-f9b3-46a4-9294-8ed258f3263d','Ziemann, Mraz and Weber','222-195-4202'),
	(820,'b4477ade-0bbd-44f3-aee9-2673bcbc1e27','Corkery-Franecki','930-260-1472'),
	(821,'6aa2aad4-4a70-45c8-b41a-65ee30dd2991','Bernier, Wisozk and Hoeger','185-696-8385'),
	(822,'1a91e9c9-fa6f-40c3-b26b-0ff91b0fd89a','Harvey-Baumbach','801-917-1057'),
	(823,'3a08a87e-538b-40ba-a797-6c4db2e621d7','Mueller, Friesen and Kohler','620-983-2847'),
	(824,'39217905-9745-472a-b731-9435dfcb1a9d','Carter, Cole and Crona','138-936-2941'),
	(825,'249402a6-b50a-482c-a205-dbe428868e52','Gulgowski and Sons','649-812-1950'),
	(826,'07dcd168-03c6-44f3-991a-cbc330ee8d41','Auer, Treutel and Friesen','515-457-8533'),
	(827,'2243232a-d3b4-4149-a402-22e22e5c6bf7','Boehm-Block','802-327-6250'),
	(828,'b77e8047-a06e-4c79-be0f-ace4c0c0f210','Beer LLC','128-359-5679'),
	(829,'eb263b3b-21e6-44ca-b263-89077038b68e','Baumbach-Maggio','458-713-0428'),
	(830,'e49204c0-5870-4b6b-aeb1-fafd715ba305','Nolan-Wiza','228-798-9901'),
	(831,'b9a938f5-d53e-4b2b-a99c-d42b29ddd20f','Kessler and Sons','952-768-8036'),
	(832,'c3916c4b-8976-4578-a5aa-1f4b2fb90b04','Hilll-Greenholt','820-293-5693'),
	(833,'35e7ce25-2997-4c94-90ca-e1e43ed8648b','Rowe Inc','551-429-6226'),
	(834,'a282746c-5d4e-4744-b9a8-f2d70d3f62be','Larkin-Block','205-471-8619'),
	(835,'482bde93-931f-43e3-9467-c1f23a9f8b4b','Goodwin Inc','104-666-0970'),
	(836,'dd452aa9-8ef3-4f7f-83ec-9e12fd04302e','Batz, Jacobi and Friesen','398-867-9625'),
	(837,'8b72d558-436f-45bf-a52f-5a6a04aaae65','Pfeffer and Sons','596-885-6015'),
	(838,'793b2ba5-aad6-4649-b2a7-0ede192d8b74','Bradtke, Schulist and Toy','399-245-2096'),
	(839,'db0b8460-aeb5-4a89-aca6-9bf6d6892c24','Gutkowski Inc','570-202-8456'),
	(840,'05ec9a38-3c30-4fa8-9e0c-15c0899fd8c4','Cummerata Group','579-474-1471'),
	(841,'acde0da0-d961-456a-bda9-0efbbc6fe4c4','Bernhard, Sanford and Walter','919-842-4392'),
	(842,'3ea515fa-e791-4ef9-84a4-dd6cb772358c','Crist-Reichel','419-289-1781'),
	(843,'5474e728-98c8-4a11-92cf-ea1057de8e08','Olson Group','579-725-3374'),
	(844,'2dc912a5-e218-4b19-ba6e-08d3a0f13bb3','Bergnaum Inc','399-503-0203'),
	(845,'c8825480-c1ed-4756-9dc0-8369061d3170','Schmeler, Becker and Towne','579-866-8911'),
	(846,'99730110-c34d-4aad-a8fe-032057776409','Turner, Keeling and Hintz','267-573-8551'),
	(847,'3c5dc3a2-9597-4ef9-a66a-a690acedd9c7','Wehner-Thiel','301-335-9409'),
	(848,'8a53f2ef-26da-468d-af20-f038eb4f0f06','Kutch, Pollich and Hammes','857-766-5550'),
	(849,'b18810c7-3194-40a5-8f7b-cc37f452c00c','Grimes-Wisozk','418-887-7355'),
	(850,'14944538-a639-4ee0-ab9b-1e0dc135473a','Champlin Inc','447-700-9292'),
	(851,'c79f88db-d09b-4f9d-9d1d-a4e29e88dc32','Hand, Roob and Torp','784-750-5107'),
	(852,'4c7b3990-c5c6-464f-9d3c-607ed1123c89','Kulas, Cruickshank and McCullough','377-726-9403'),
	(853,'569d1fe0-91dd-4fca-a398-97977b89c8e2','Bailey-Goodwin','572-171-6035'),
	(854,'5100d824-a02d-44c3-bae9-4b242fdb7761','Reichel Group','493-773-0713'),
	(855,'a15682b0-15e1-4f6f-83f2-80b7d6c81670','Hermann, Homenick and McGlynn','868-804-7087'),
	(856,'8587d9f5-d188-4f41-ab3d-94935546493d','Powlowski, Hilpert and Legros','109-896-4780'),
	(857,'2a2c2b50-eed2-4ecb-b235-4f12b90d4772','Keeling Group','205-711-4748'),
	(858,'e29732e2-d789-40b1-8995-69a4313e2320','Cremin, Fay and Mayert','986-123-9150'),
	(859,'300ca6b7-7dd6-4213-a3da-7c7f5ba0464f','Kling, Weimann and Reinger','620-906-4116'),
	(860,'6423061d-85dd-4d51-b48a-9cb70f600b9e','Zboncak, Stiedemann and Larkin','244-656-4290'),
	(861,'c5364f87-2c03-436c-aace-5b846a189fd3','Feeney, Aufderhar and Strosin','238-680-8868'),
	(862,'a6316164-d33c-456b-8d02-ffe3c0656a2b','Huels Inc','150-569-5441'),
	(863,'b090c606-d320-4b83-a7b7-e7c6952f8c99','Becker, Schmidt and Hickle','316-247-9883'),
	(864,'3462a640-75a0-4827-a5d9-c6a014b92518','Wisozk, Toy and Toy','983-702-2859'),
	(865,'116d4e42-9404-4a9e-98df-d26f5cb4d793','Ritchie Group','984-207-4433'),
	(866,'7bab234c-5516-4d0e-b8c4-f23b7879173a','Harris-Lynch','405-320-2274'),
	(867,'f2fccf85-7e8c-4693-8266-269f14df0c79','Yundt and Sons','570-829-7513'),
	(868,'5bb86d47-a0a6-41b0-9d9c-e0ed5980c744','Cartwright and Sons','455-104-0171'),
	(869,'1f99ab62-ca03-441f-9336-db9fc303f495','Wolf, Koelpin and Hilll','307-904-8336'),
	(870,'3ca6cd2c-fc8a-4d3a-9785-6ec543e19940','Konopelski-Abernathy','112-273-3738'),
	(871,'4eced03d-9823-4de8-9a0d-ccaeca79c548','McKenzie Inc','378-646-0913'),
	(872,'5d5f1c6c-e2ea-43d2-a96e-9c9bf552e73e','Keebler Group','551-525-9072'),
	(873,'2cb853f5-22a9-4ebc-b6a1-d140353efc0c','Kassulke, Schmeler and Cruickshank','752-394-4584'),
	(874,'6a7e40ce-4de2-4ffb-bbff-7dff59e65c04','Simonis, Wilderman and Lemke','396-166-8514'),
	(875,'95d84e56-c3c4-47ef-acb2-ae2826a45672','Thompson and Sons','899-610-6039'),
	(876,'7e462a81-1a46-45c9-ab02-507597f0fd7b','Daugherty-Koepp','354-367-4599'),
	(877,'8c99d5f8-0a35-43b6-8ce6-ef5c331c0d7c','Hamill Inc','387-938-3483'),
	(878,'9d59762f-ff38-42c1-948e-fb6110a6918c','Dickinson-Jerde','910-802-5402'),
	(879,'a71022b5-2f72-446c-9369-43228fbb1d2e','Konopelski and Sons','739-511-6906'),
	(880,'7f6ca943-5a61-4a6b-b9fe-46bc79bc1d8b','Dietrich LLC','742-591-9824'),
	(881,'dbc54082-9c1e-4c62-90c4-111687730295','Emmerich-Weimann','850-951-0491'),
	(882,'d41680ee-3e81-49cf-9d6e-fc0c6f6b94c9','Dicki LLC','209-228-7862'),
	(883,'b8f63844-12a4-4b75-a465-1f44951a9ae3','Donnelly Group','422-433-2767'),
	(884,'e553d7a0-08eb-4e68-8c96-c53db7265edd','Swaniawski LLC','801-736-2756'),
	(885,'f1c76407-453f-4dbf-aa94-7ffef6444634','Harber Inc','133-618-3656'),
	(886,'27e78b5a-0e5f-4fb0-9159-5d23aa89a8d7','Johnson Group','954-293-6032'),
	(887,'ed67aaa5-ce01-4a03-9857-d33ab789a7de','Huel LLC','980-259-5779'),
	(888,'d1afc46a-4c0c-4352-8c8c-9681a3c84175','Rohan Group','807-735-0938'),
	(889,'9c6b9dce-e329-4607-9d05-bbb9ca0da16f','Mosciski, Predovic and Schiller','968-737-6885'),
	(890,'29867751-b341-4146-af03-9e0bed383757','Kassulke-Kunze','681-335-7908'),
	(891,'ce597e72-f48f-4987-a77a-a87b674d894f','Lowe Group','491-125-3452'),
	(892,'de5f8e05-f7f3-4a8a-8c9e-1d260f912ff0','Nader and Sons','819-133-4792'),
	(893,'fb735084-847d-4900-8b37-0f0d30009665','Morissette, Bruen and Howe','205-556-6004'),
	(894,'79ac6e74-503b-422b-bb0f-bab9a930f24c','Simonis-Mitchell','231-966-2673'),
	(895,'fc0ff4a9-e477-41e7-bae4-91b0e0349794','Skiles, Goldner and Hilll','552-386-9763'),
	(896,'7883b3c0-1673-4925-b294-dbd090a68d80','Kassulke, Koss and Quigley','442-976-7677'),
	(897,'6712fdb4-0e71-4232-bc1d-604641e46b7c','Fritsch-Swift','266-848-7386'),
	(898,'a407be08-9b38-42dc-8313-cc56c0fe043a','Parisian-Rodriguez','317-452-5685'),
	(899,'51e935ef-8f9e-48db-96f7-eaa0b0a90076','Koch, Graham and Fahey','587-849-0301'),
	(900,'ac2f7a15-ce1a-46b4-8ef8-a0e3c601c53c','Pouros and Sons','638-990-1297'),
	(901,'29f74e96-627a-48be-bd4b-9bc6be7aecd6','Harber, Towne and Hackett','893-554-7852'),
	(902,'a5b916dd-07bb-4be9-a1f8-ee48adabddfc','Schuppe Inc','129-917-1126'),
	(903,'02d9f281-40bf-4412-9862-5d4ac3d10b32','Wolf Group','506-702-3583'),
	(904,'110b30ec-e507-436e-b45f-3cd4ea2ac7b7','Brekke, Windler and Kunze','973-581-6043'),
	(905,'df75329c-e71c-4c77-a5cc-c777996bd1ae','Prosacco and Sons','905-869-1322'),
	(906,'e17836ba-3cf6-476d-adb0-eb942ae146c2','Kessler-Rodriguez','760-887-2460'),
	(907,'3af550f6-6d66-4f66-b64d-74e797a9b5bb','Hermann, Kutch and Reynolds','993-814-9333'),
	(908,'0bffa0f6-560e-4e58-a32d-7ad6547e3338','Hayes Group','490-475-5271'),
	(909,'1152094d-744a-46ea-8ad8-9333a5be4e2b','Wilkinson Group','230-773-1438'),
	(910,'fdc18265-7a5c-4cb7-850a-6c07ce011982','Schamberger-Terry','737-154-9153'),
	(911,'28578278-c005-4a73-906f-13c39931a653','Russel, Braun and Klein','168-431-0306'),
	(912,'d3d18a7e-3c68-49c9-bd1d-89dbb1f6b8ff','Huel Inc','785-720-2025'),
	(913,'a8996312-1a7e-45d4-a67b-f8628115ea1e','Hansen-Pfannerstill','920-966-6774'),
	(914,'7ec9c755-5446-40d3-bf85-effe82a910cb','Considine, Welch and Heller','330-478-0969'),
	(915,'713e1145-d5ee-447e-a626-1ecfb15a2e23','Denesik-Auer','813-709-8841'),
	(916,'24f0187f-67ab-4301-adbd-fe19810e4890','Romaguera and Sons','315-102-3963'),
	(917,'2c63d62d-f4e6-46eb-9381-d4eb25ae1abd','Wintheiser-Kunze','729-196-0645'),
	(918,'5b94d58f-5171-415e-9694-0db5ec1c69ff','Lehner LLC','156-152-8511'),
	(919,'1a2e9cb3-4920-4382-8087-89bc1eaea947','Collins Inc','837-445-6395'),
	(920,'11d98e61-9e74-4079-8d11-c666a6df102c','Veum Group','703-844-8667'),
	(921,'6b69b187-740c-4780-9123-07f0a861b0a2','Homenick Group','255-934-3541'),
	(922,'a8e73518-0f0b-4ca1-880f-d6a60f38e463','Kemmer-Moen','312-862-3408'),
	(923,'41184ebe-fe92-45a5-8490-20847781fbfe','Mante-Raynor','137-182-7973'),
	(924,'4625db1f-5f19-4505-926c-e90f196fa440','Goodwin, Daugherty and Gleichner','696-125-0210'),
	(925,'d15ed526-c9fc-4d83-a30c-669d18a7228e','Larson and Sons','303-349-4477'),
	(926,'4ff166d4-5557-4d2f-8902-30d310af309d','Berge, Schinner and Haley','174-771-1841'),
	(927,'3225f518-20f3-44b5-8b84-43b35a561f5b','Effertz LLC','109-212-3699'),
	(928,'b212882e-5f99-4dd5-ad43-83e41d594b69','Hirthe, Williamson and Graham','459-946-6849'),
	(929,'c30ffc75-3dc0-48d3-8ca2-b09839f2a535','Dare and Sons','881-299-8176'),
	(930,'73496e9a-7fd9-4a10-a4dd-4317f832bc36','Legros-Feeney','611-117-6208'),
	(931,'7794c73c-31bf-4971-a846-168832cd21ac','Tremblay-Buckridge','735-861-5994'),
	(932,'18f52866-6ee9-478e-8fdc-d61c9f68e990','Stiedemann-Champlin','808-408-8833'),
	(933,'0dd0983f-6fb6-428b-ba34-316cee7de5af','Hayes, Cassin and Auer','979-314-8597'),
	(934,'93dd25c1-2be8-489a-8607-9b910fb3fc71','Labadie, Emmerich and Kling','645-415-4517'),
	(935,'0f6e1ea0-0a41-4090-b329-172ed57d9c30','Nicolas, King and Wisoky','303-448-1632'),
	(936,'57fa1051-c10e-40f3-ac03-0456ef54735b','Quigley-Ferry','626-147-8599'),
	(937,'420b1d60-3ed1-4896-b193-d07568fb06f6','Dooley Group','904-255-6620'),
	(938,'97a18942-c669-4732-b0d0-0fa5ed272af0','Corkery, Hilll and Gerhold','769-549-8969'),
	(939,'57120989-11d4-4a3c-be3d-0cec0f1803ed','Cassin Group','872-116-0348'),
	(940,'e74cecb4-0d59-435e-8a63-095d62bb4ece','Wehner, Nader and Hammes','975-217-9539'),
	(941,'6952b792-100e-491e-9136-953d59207657','Gibson, Welch and Maggio','351-643-0378'),
	(942,'20bdabd5-445f-45a8-9f26-48afd9377951','Lehner LLC','479-929-4048'),
	(943,'7f52d80e-d45f-48b9-bd32-27b879351fe1','Bartoletti-McClure','827-764-7201'),
	(944,'623c5b48-f4de-45dc-b746-f2a31879db27','Ward, Purdy and Bradtke','703-831-8807'),
	(945,'d583ad57-6b58-4170-af9d-3054f4db7dd0','Quitzon, Murphy and Kunde','645-382-0470'),
	(946,'8dbf1858-e7e1-4773-a506-8a24e8c721db','Graham-Wilkinson','299-903-7026'),
	(947,'daeee9ce-8253-4b74-a588-a27094552898','Metz, Adams and Blanda','681-519-4101'),
	(948,'ac113179-8b36-413d-b8a2-271b020091cc','Osinski, Weissnat and Kling','443-726-4020'),
	(949,'eaef465b-f39c-45ec-94fb-f2a3a7a9b450','Streich, Lakin and Torp','200-331-9665'),
	(950,'75fa630a-5960-4939-811e-a3804a7e6d07','Wolf Group','303-370-8547'),
	(951,'603c2dc8-6ab4-4606-93e4-5c71969fee4a','Prosacco, Schumm and Corkery','670-590-6856'),
	(952,'8858c60c-a63e-46ad-b743-c20d4556fe29','Herzog Group','397-708-4127'),
	(953,'e8281c85-0da5-4ddb-83cc-901f8ddca90c','Dach-Collins','334-852-1546'),
	(954,'4c87cf3f-8718-4537-99d4-4c33e99dc43a','Bartoletti LLC','824-590-1069'),
	(955,'ed92efe7-fb92-4a8f-bc0f-77dbfb920dbc','Kuhic-Mitchell','223-538-2721'),
	(956,'96c6b2a5-8671-4b49-ba0e-cdbbd275bd34','Blick-Wehner','954-588-6513'),
	(957,'f8354d3d-6737-4708-ae6c-fa8f2b462e27','Grimes, Shields and Kassulke','864-458-1088'),
	(958,'53f41eee-fae2-4ff6-9831-85c592993dea','Pagac, Thompson and Schumm','816-307-1365'),
	(959,'d15db74e-8f0f-454a-a2b1-921790c5cd07','Brown, Koepp and Watsica','557-155-6651'),
	(960,'a5decea1-1063-40b8-937b-a28b00ae2834','Johnson-Hermiston','607-102-9500'),
	(961,'4c24e7ec-b478-41e3-b580-7e57eef5bcfe','Connelly-Steuber','696-375-4862'),
	(962,'1171e41f-6b67-4a88-ac46-09cd569f990a','DuBuque, Flatley and Collier','734-214-6883'),
	(963,'305b9554-ac78-403e-8852-bb827297fd87','Homenick, Marquardt and Heidenreich','320-363-7403'),
	(964,'f7e9153a-9a59-4e98-b692-47359cacbacc','Heidenreich-Bode','148-443-9704'),
	(965,'13db7d7d-60a2-4cae-a8af-16192e425956','VonRueden, Schmidt and Beer','266-140-5513'),
	(966,'bbe53f24-e75f-4f51-a7d2-c6c8bb29a066','Lindgren-Rice','497-394-5700'),
	(967,'91875101-06f5-48d1-b5e4-8b9b7977402c','Von and Sons','320-243-4888'),
	(968,'6afdfa14-2e89-4b97-9bac-2370709540fd','Will, Schinner and Kautzer','868-883-7338'),
	(969,'d0df7a0c-f324-4340-89c2-05cb22c32eb7','Altenwerth LLC','578-272-8988'),
	(970,'6fc509da-34d5-49a6-b6a6-50e12093609e','Kautzer, Johnson and Abbott','818-962-0465'),
	(971,'7eaaf608-4430-4030-ba4a-472d4c6fdd93','Crona-Braun','209-179-8732'),
	(972,'79fd419c-5be0-4448-8eb4-cd1ba7c53e78','Fay, White and Erdman','659-861-7471'),
	(973,'73218f81-2ed2-4b71-9c01-73a6d4cee928','Prohaska, Crooks and Strosin','608-962-8578'),
	(974,'834e556b-0f52-4a9f-844b-14e169b2173a','Conn-Pacocha','491-410-3559'),
	(975,'b1c0eda2-e1ad-4011-ac22-a13e1a3c4a42','Nikolaus, Wuckert and Beahan','751-131-2892'),
	(976,'c203967d-7a8d-4d4d-bf2e-099e49e8ce4a','Hartmann, Adams and Jacobson','756-334-3193'),
	(977,'cd23d4d9-d078-4c3f-a31f-9f0c8a9e03ed','Davis-Stroman','182-693-0536'),
	(978,'c8de149d-f982-49a9-a9b0-7a878997a5e6','Nader-Metz','508-608-5454'),
	(979,'dae0391d-6d3e-4295-b99d-fffb44f00ed8','Yundt and Sons','493-569-6086'),
	(980,'4e000af9-1572-4bb6-b228-ca29d826bf5a','Beatty-Brekke','867-256-2461'),
	(981,'1b19bbe9-230e-44b7-88e8-2dd09555fa87','Torphy-Schneider','133-290-0695'),
	(982,'e87096b2-7a13-4128-94c4-93296569c50f','Krajcik, Crooks and Schmidt','498-536-6234'),
	(983,'db59efe9-0d44-41e8-a330-d624206ef5b9','Bayer Inc','662-756-1495'),
	(984,'416a804a-6e2f-4aaf-850d-c4ae7f883ee7','Reinger and Sons','777-840-5472'),
	(985,'ac31cbb5-b9fe-4dac-93da-a390f7128708','Jenkins and Sons','575-667-6629'),
	(986,'66f57caf-40f5-4a4d-814d-2cba0735031a','Barton LLC','920-836-9515'),
	(987,'0962ead0-8d7c-4d65-a6a0-8e83afc9b1c2','Cronin-Feil','898-971-6982'),
	(988,'efd28605-7b60-46ce-8680-23f25548b352','Howell, Gleason and Goodwin','552-262-8388'),
	(989,'54504ec3-70e0-4ee3-b55c-b651da6f0237','Stracke-Schoen','288-782-3290'),
	(990,'31a06520-60a3-4695-9926-09737fefd6c3','Gislason-Borer','437-413-5788'),
	(991,'b7075241-9051-450e-95c5-9db766747f0d','Stracke, Hayes and Witting','789-709-7720'),
	(992,'06283be4-f173-471b-b26a-e3a64b84145f','Bashirian Group','304-797-5795'),
	(993,'3cec821d-c2aa-4732-8f83-72c1422a2f94','Reilly-Hauck','101-444-9802'),
	(994,'5cea8a79-aba7-41b5-9450-7032ec286152','Spencer Group','176-123-3714'),
	(995,'0ff632b8-c7aa-43c9-93fe-528069f4f806','O\'Reilly, Yost and Buckridge','332-755-2536'),
	(996,'8f805a59-7467-4732-abd7-abda157406cb','Kshlerin-Yundt','142-194-4789'),
	(997,'3b157e04-9221-4871-a384-408eb5d14d97','Gibson Inc','206-695-1137'),
	(998,'c8ae3b34-44fa-4f92-8e86-e29d34830fb8','Hyatt LLC','562-657-4570'),
	(999,'6eb2d3dc-22c8-46a3-a74b-f51f42066216','Welch-Purdy','874-138-8092'),
	(1000,'38deb473-9a96-4b9b-b116-5e6bf3beb7ff','Robel-Pfeffer','722-419-9496');

/*!40000 ALTER TABLE `Hotels` ENABLE KEYS */;
UNLOCK TABLES;


# Dump of table Inkeepers
# ------------------------------------------------------------

DROP TABLE IF EXISTS `Inkeepers`;

CREATE TABLE `Inkeepers` (
  `Id` int(11) unsigned NOT NULL AUTO_INCREMENT,
  `Uid` char(36) NOT NULL,
  `FirstName` varchar(128) NOT NULL DEFAULT '',
  `LastName` varchar(128) NOT NULL DEFAULT '',
  PRIMARY KEY (`Id`),
  UNIQUE KEY `Uid` (`Uid`)
) ENGINE=InnoDB DEFAULT CHARSET=utf8;

LOCK TABLES `Inkeepers` WRITE;
/*!40000 ALTER TABLE `Inkeepers` DISABLE KEYS */;

INSERT INTO `Inkeepers` (`Id`, `Uid`, `FirstName`, `LastName`)
VALUES
	(1,'6b8199f9-72c1-425d-aa1e-9a1fb31582f1','Dominique','Glossop'),
	(2,'1086708d-21df-45c7-87d9-2d345b6079bc','Tad','Vennart'),
	(3,'4d70105a-6896-4e76-8807-2e3a92895848','Blithe','Strainge'),
	(4,'0cdccde4-b614-4e07-ad65-34b9f0899d79','Zedekiah','Flood'),
	(5,'0980fe9e-cd3e-4ddf-932a-ab2589e6e339','Monro','Pavlasek'),
	(6,'e5cd70e6-2b62-4e00-bec9-a13bb97c49ec','Brew','Chevolleau'),
	(7,'53d63697-3d74-4523-ad28-66fc91e33e27','Gaspard','Bedberry'),
	(8,'5f8e625f-52f1-4125-ab50-0ba3808374b0','Sven','Dumbelton'),
	(9,'551df0b3-6f42-4b53-940e-5d5262dcd280','Johnath','Phebee'),
	(10,'1bfbfad6-d368-467e-9b00-d8cad9b97623','Anatole','Lyddy'),
	(11,'dfae9190-5353-4ffd-a1d7-3ae4d66b1f59','Marco','Brocks'),
	(12,'81787bc9-518b-4d93-b5a8-c1bc853578c4','Pavlov','Laurentin'),
	(13,'85661906-6513-4ef1-b8a5-a0ab1b904ed0','Sherwynd','Eastup'),
	(14,'07e2afcb-32da-4fc3-b49a-6d1c2dce6b3f','Ailsun','Bernollet'),
	(15,'14e31db8-62ed-419f-a41a-625c287fb802','Julian','Lothlorien'),
	(16,'01735c99-9cc6-4828-9d05-1691c0990278','Mag','Kaiser'),
	(17,'7e15dda0-438f-4385-9827-63dcea5267ff','Penny','Gallegos'),
	(18,'d802f317-2223-42df-956a-b9f8c47e16cf','Ewan','Cholton'),
	(19,'8b4e3424-2e76-4193-8daf-69ab0ec611e4','Sula','Shearmer'),
	(20,'ded2528d-e794-4459-8269-fef2aff08d31','Anthony','Shillington'),
	(21,'4eca6088-703d-4cd9-b54e-0ff862f1e75f','Teodor','Alonso'),
	(22,'744155b6-ce42-4f31-846d-83b1cf209132','Worden','Robottham'),
	(23,'0b9935a1-f816-4960-a2d6-925dcbb3556d','Pattin','Scanes'),
	(24,'44a1c3c3-6b58-490d-929f-26afd1a7e00b','Benita','Verbeek'),
	(25,'39d34cf8-633a-4cf0-a479-c7d0fb6090b8','Benetta','Marnes'),
	(26,'257373d5-0edd-46aa-a29c-f774b8725b2f','Ilyssa','Redolfi'),
	(27,'ddad10b7-31e9-4af6-b878-ef5962bcee7b','Flynn','Cheke'),
	(28,'252a3fbb-a76e-441a-9917-61053bd60168','Borden','Burgon'),
	(29,'6f68af70-ccb0-473f-9f00-2a1d1017b83d','Alvin','Sinton'),
	(30,'304dca27-8f1f-4b81-be98-7d1a0fa2a596','Cordy','Hlavac'),
	(31,'40891c94-af37-448a-aa92-5b097720e2a4','Berkly','Stocken'),
	(32,'1fe066cd-bdb1-41e0-8588-9c3e74fa11b6','Efrem','Lalley'),
	(33,'fdd19103-6c9e-4250-9600-6fc4257b1848','Bambie','Dripps'),
	(34,'c9e163c4-fa28-47ce-869f-374ca3578c76','Rozella','Hedley'),
	(35,'2422ce48-916d-41d5-ade2-39886505366c','Kandy','Franks'),
	(36,'6094ac7d-57c5-42c7-8390-8cf13d4e97c6','Daphne','Sandbrook'),
	(37,'19266053-906e-42cd-afd3-6f67f12ae97c','Ester','Stubbley'),
	(38,'a0b2e429-4b69-4ab0-98c8-62d3e1539672','Rosy','Oddey'),
	(39,'74cc0fa5-f001-41bd-a253-98f89f633896','Hamish','Hurdedge'),
	(40,'a94bc22f-b546-4574-a73a-2df0f6aa1280','Dav','Vanyukov'),
	(41,'a9657a55-42a0-4b68-a0e0-4f9b9aac70b0','Tammara','Rotchell'),
	(42,'d23cefb8-4c20-4aeb-ac6f-c40f35168c76','Charlot','Boyd'),
	(43,'d6009697-b1c0-4926-8c06-07e0a1f77720','Ryun','Zavattari'),
	(44,'d525eb3e-19f9-430c-b82d-79a0e0a2352d','Lorrie','Aberdeen'),
	(45,'6b695ff3-349d-463d-a4bd-830406a52a21','Vanya','McQuilliam'),
	(46,'9dd09821-18fd-4e75-a6ec-f6977f33095c','Cheslie','Djokic'),
	(47,'b1aecb7d-45d6-4f00-8c63-e3605a2bdd6c','Rudie','Ownsworth'),
	(48,'b7f8a20a-2c71-411e-8cbf-5e58c4e404c2','Les','Hefferon'),
	(49,'268c1580-ebe5-4d51-9709-f026d63aa654','Shelton','Komorowski'),
	(50,'8f08c7d4-7dd8-4e38-b1cf-624c3adee39e','Neely','Fairchild'),
	(51,'e5b63ec9-5856-4487-b3f4-69c228974044','Les','Pitford'),
	(52,'13046ad2-90c2-4ac0-9bfa-0da57fef56d4','Deana','Cartmale'),
	(53,'ae087625-3584-40e5-a0ab-146c5d5e7597','Fransisco','Galvin'),
	(54,'90b199dc-0e1e-4ef4-9484-56214aea804b','Temp','Kupec'),
	(55,'39e496c6-7570-46c6-97a4-09c81a1d2487','Jacynth','Wavish'),
	(56,'1def0a74-6cc6-4471-9b79-92f43563bf0e','Ginger','Cantillon'),
	(57,'15bd7dd9-4f2e-4ad4-aaed-a5b24f93bf11','Mead','Bramble'),
	(58,'23d079fe-a03c-480c-b0d9-480589c8f1e8','Foster','Dallimore'),
	(59,'8262f8ec-e685-4b82-997c-fe6684225e0d','Rolf','Djakovic'),
	(60,'300e79a5-e78a-49ee-91ee-396463369bdf','Conn','Coucher'),
	(61,'89838d3b-c14d-4653-84e2-1a34ca357b51','Torrence','Bloss'),
	(62,'8b1b4d9f-c4de-45f9-9bee-89741ee97aff','Merrie','Kubanek'),
	(63,'47ab61ad-a974-47d5-8912-b0637372a5c9','Carlen','Stanbrooke'),
	(64,'86381348-7892-4c3c-8e34-5a4624fde5e4','May','Jandera'),
	(65,'7742f6ca-5e46-44d4-a753-9affd6fe0566','Amata','Zarfai'),
	(66,'5e1c1732-ae4a-438c-9949-e1ca6daf8f8a','Thatcher','Conradsen'),
	(67,'09035c92-f05b-4e8d-a13d-0635ae84d6f8','Nomi','Byrne'),
	(68,'22205fcc-f1c4-43b1-9818-2b9a5cc2f9fe','Rafi','Kennifick'),
	(69,'8dd22d44-e7ec-44d3-a5af-2ce428206aa8','Evania','McDuffy'),
	(70,'fc2d8617-9881-43f1-870f-fafc7b9dab0d','Chad','Epine'),
	(71,'68cf1596-738d-40a2-87eb-132d7f85f546','Carly','Skowcraft'),
	(72,'41d0f629-b3b6-4bc4-8b73-6eec4967db97','Theda','MacKall'),
	(73,'a82f6b8a-79ba-4f90-b355-668d523154ed','Conrado','Bettaney'),
	(74,'557753a7-2657-4080-879d-e8391cdd0ef3','Omero','Monery'),
	(75,'1cfcd288-624a-4f40-8bab-68bf5f9813c0','Lorenza','Radmore'),
	(76,'0cd663e8-a4e6-41c9-9f48-fbebac5d4b71','Con','McKim'),
	(77,'686aa5c1-1880-48a0-b6b4-d4bffd9589d4','Nessi','Lofting'),
	(78,'857a0e2c-d889-4ee5-b384-b4391a1f28b3','Pearle','Barstock'),
	(79,'54e1e14a-4771-4ab7-a9bd-d6a9025ff1af','Robena','Seelbach'),
	(80,'ba0ed83c-a675-4558-bbaa-1b33d935bc9c','Elke','Abell'),
	(81,'ea9e3a33-b232-4deb-bfb9-2f8d105d5c5b','Ann','Lathom'),
	(82,'f27e92f1-bc62-492f-bd67-949430d9a714','Sibelle','Eringey'),
	(83,'1df8a826-c8d1-4349-a2f7-a8fffb57eaac','Eba','Strike'),
	(84,'c32a76cf-ef90-4f46-a27a-4ad73243f85c','Davina','Mawson'),
	(85,'07ab33aa-892b-4bc9-864c-7ce97ce7f315','Lorianne','O\' Shea'),
	(86,'9724b467-68b9-4e65-83e3-01fc2b36ba74','Garnette','Rickard'),
	(87,'677a2fdc-dbf4-45d1-b4a7-6b8c66a7da35','Cristian','Batho'),
	(88,'474f828b-2457-49d6-b0b0-fbd7b09f0102','Cherri','Tregoning'),
	(89,'9a3dcb84-8ee4-409a-94b8-5011a262dad9','Raimondo','Doig'),
	(90,'22b74719-fc08-4885-884f-c90e67364c60','Ignaz','Waitland'),
	(91,'384298fc-ae58-49a5-9d46-1de0eba617bf','Kimbra','Jeroch'),
	(92,'f13db34c-c66c-4d2e-a5f8-ca487efde03b','Karl','Forrington'),
	(93,'ca1d73df-6e3b-4176-8de4-b129f727102d','Roanna','Harfleet'),
	(94,'5f694b3a-c148-43da-bd96-967db32e685f','Mavra','Woolaghan'),
	(95,'2bf66068-582f-4abd-ac8e-d28bdd122ef8','Carena','Conerding'),
	(96,'bbb6d8a7-0888-4469-ac49-802b1f281cc2','Bat','Somerled'),
	(97,'cac51d50-2640-4cac-87dc-b189fdac330a','Garv','Semrad'),
	(98,'94d529bd-3436-4737-829b-569b6d838273','Goober','Ortet'),
	(99,'c99266c9-4170-4640-a51c-d76f7149bfec','Hinze','Matthensen'),
	(100,'a12d8bd9-65e9-4b32-a7b0-e6a81521023e','Thayne','Pinyon'),
	(101,'d196cec0-1ad0-4577-bae3-1ddbef1c3155','Mycah','Rounding'),
	(102,'367082e7-4e7f-4184-8618-e2f96f0e7ac6','Briny','Balbeck'),
	(103,'e5d4ee06-69df-498d-9e0b-a945bbe72683','Mose','Grube'),
	(104,'7879de8c-8875-435f-81a9-a16bcd689482','Ariella','Maslin'),
	(105,'45c4b44c-1ff6-4d3c-91a8-7103f672ad4f','Dav','Isted'),
	(106,'4b1d7760-c83d-43fb-8a1d-54614bb3bd92','Elane','Melley'),
	(107,'35d4761d-1b1f-4279-be05-97bdf667f1bc','Christabella','Littlekit'),
	(108,'39ddba77-f53d-448a-9518-fd4f2c927620','Blinni','Vairow'),
	(109,'5e66b3ef-e33a-418c-8fd1-73aafb761cfe','Anabal','Edwicker'),
	(110,'de6a9e1d-cd69-4b7f-a4d0-f76edd9548ec','Regan','Watterson'),
	(111,'1d59ab48-c720-4381-82e1-baa5c1566a6b','Myer','Tallyn'),
	(112,'623a1f8d-b345-4ead-9171-c392ef867318','Rodrick','Starie'),
	(113,'1b736c1b-4bba-4d71-86e9-e2e5a4657a38','Prissie','Chaff'),
	(114,'80dfa201-7423-4062-8a37-3e4e69e71b01','Dmitri','Georgot'),
	(115,'73a1e5fb-7962-48f6-a717-3baf20f9d9cf','Fawne','Cusack'),
	(116,'969d8e4e-1773-4086-a46a-dd50b220241e','Lida','Caplan'),
	(117,'1c252ec8-33a4-44cb-ad92-6c41b39d88f6','Kirby','Murthwaite'),
	(118,'05f799b5-7b84-4b17-8053-2e638ce9b650','Lana','Held'),
	(119,'f8bb1965-47b1-4ca9-899b-a6f929bdf3e3','Camile','Horbart'),
	(120,'1182a111-fec6-448b-85c0-625ab2e26fb0','Anissa','Bansal'),
	(121,'7c8e6951-6056-46e5-844e-905cc218ec79','Hobart','Carnoghan'),
	(122,'816cb5e2-00ac-448f-b58d-a19f1da56ff9','Koralle','Hambright'),
	(123,'d3218ae4-1861-4f46-938e-ef2b6f916867','Robinia','Stannas'),
	(124,'9c0960ef-a28e-4bfa-aeee-6549b31e99c3','Gran','Swinford'),
	(125,'6e7b6221-5daa-4be9-a3e0-f9b881f16ed4','Clerkclaude','Ruckman'),
	(126,'9eb943cf-45a1-42bd-bece-6fb7df14b5de','Leola','Bayston'),
	(127,'340fe443-4fae-4f8c-9462-d962b139739e','Lynea','Denekamp'),
	(128,'3609eb8b-f78d-4f0d-a547-2a6f4b462a03','Daron','Scholard'),
	(129,'2b1248b4-aa0a-4f1e-8518-32c15f2f553a','Rawley','Goldhill'),
	(130,'2617cde6-f9de-4c0c-8f93-f7ef8822e253','Elysia','Druery'),
	(131,'4a1f4e4a-5905-4b2a-a4d1-e847b44c83f7','Hannie','Betser'),
	(132,'d3b4422b-355a-4fb9-90b8-04da8299a56f','Ninetta','Gullan'),
	(133,'ca7cd46e-bdd9-41e5-b112-d6429addabd1','Georgi','Kretchmer'),
	(134,'d37f4232-d7e1-4ed5-a3ea-3f8538a2bd8e','Desi','Snoxell'),
	(135,'ac6bd4b0-c77f-4422-882b-cefc4f567166','Roanne','Hynam'),
	(136,'b5f26b7f-5609-41af-8f66-677699c22a7d','Thorndike','Meckiff'),
	(137,'2ee46df1-8b81-4dd3-a954-13c5e93c7b4a','Kelsey','McQuilliam'),
	(138,'9e35d5c5-e220-4bf2-b8ce-e56ba80962c5','Cornelia','Bellefonte'),
	(139,'8cf24f04-028a-4b89-b298-64ff874d5257','Merry','Prose'),
	(140,'1d7862d5-e8fb-4288-84db-ef61d7f3986b','Silvana','Samms'),
	(141,'d0123293-ac85-4758-a2df-42b7000183fe','Kathy','McGrail'),
	(142,'89719cbd-3ad0-4535-a4da-b4f46407d6af','Shay','Klos'),
	(143,'74e93d8a-b14f-4498-9b82-a9cd0f61d87b','Karyl','Battisson'),
	(144,'de205484-cda5-4106-869a-c751b3da50b5','Sibylle','Peregrine'),
	(145,'72ece98e-6c75-484b-8f20-d59561a6183a','Hoyt','Barrim'),
	(146,'1b05e2bf-bd67-4f3b-b7ce-29df3c4b4e7c','Sybille','Meiklam'),
	(147,'712ddf2d-0934-42a9-a0c2-a199acc65354','Ardella','Bowater'),
	(148,'87a7cca0-6948-4ba9-9a5b-b50805a5fb48','Leonanie','Bullivant'),
	(149,'4e363679-6257-4aed-8ca3-5f0e4518f972','Baxter','Alchin'),
	(150,'7b383515-354c-4590-8a3e-4405a928feb0','Kitti','Errichelli'),
	(151,'56a9eb34-65ee-47d1-be2f-3697a97f7d11','Ethelind','Steanyng'),
	(152,'ba72d07c-7b2f-4ca8-917c-5adbdf1fd1a6','Amalea','Crohan'),
	(153,'67fe1467-f1e6-4e2a-a162-74ab473f6a64','Emmerich','Elleton'),
	(154,'baadb870-9fe8-48c2-9952-fccd06949d73','Oliy','Aven'),
	(155,'6799ae4b-cb6e-4939-9fe4-6ef11c02ad92','Hugues','O\'Cuddie'),
	(156,'ae7585d8-09ff-4828-9d2a-d98c8a3bd06e','Rubia','Murkin'),
	(157,'f9fe8658-6870-4121-b910-95ee4d1333ba','Sheila-kathryn','Lepper'),
	(158,'aad1c090-e2a1-417c-968f-2e4401bde13d','Uri','Laroux'),
	(159,'3c9e88c0-8861-47f5-8641-e7f4e46a531a','Urbano','McGann'),
	(160,'c9e8e76f-50ea-4111-b597-49b8fd2a776a','Gilbert','Barz'),
	(161,'4fa3ea31-e401-4227-beca-63303f6b1748','Oralee','Hickisson'),
	(162,'e299f594-e2b1-4cf2-a866-098db55ee915','Vanya','Scamal'),
	(163,'68b1ec14-8f2f-49ac-870a-be951b3a01be','Lionel','Perren'),
	(164,'be34f400-9ca5-415c-abc2-d5659e384b9c','Hy','Belton'),
	(165,'378a5b3e-deb8-4cd1-b4fa-5c1a2ff26359','Preston','Jarad'),
	(166,'4a890fab-4f44-4811-be16-5112fcb2dd7c','Binni','Hazley'),
	(167,'36bef506-4a1d-4932-9e9c-eeb34ec4349f','Bertina','Persian'),
	(168,'67463c6e-7a1e-4999-892e-43428a3bb7ef','Mary','Stovin'),
	(169,'3aafceae-585a-4921-a388-d327a13d96e8','Shela','Brinson'),
	(170,'c60b9e62-52cf-4432-b696-d726b0a42439','Marion','Mountlow'),
	(171,'79985410-fa18-4f8e-9fcb-c922c3420bf1','Berkly','Lympany'),
	(172,'65454f8a-1294-4977-ae99-a3a648e65a0c','Cole','Stonhouse'),
	(173,'5d8dd5a7-af43-4e05-a342-5cd917bf9b99','Mikaela','Lympany'),
	(174,'7048c2ef-fae3-4838-8f07-d2d3c282c7fa','Morgan','Tarpey'),
	(175,'65f40830-1c25-42e7-8143-e17d141e4f19','Sallyanne','Gyde'),
	(176,'8d46816c-e310-4b31-aadf-d13ed14e0fab','Sibley','Scoffins'),
	(177,'31e0a1c3-8c16-4d47-9a5a-99fa5ca67fb3','Kristel','Croser'),
	(178,'aa49b2dc-7ff7-4edb-b7c4-80c80ae4c3a9','Godfry','McGettrick'),
	(179,'02afd5a0-eb0b-4594-9ed7-18163abd24dd','Bernarr','Sanham'),
	(180,'3a899081-f794-4409-99f2-b494fef27f73','Charmaine','Marrion'),
	(181,'04f0fc8d-0932-4165-b6ce-a9ab031cf2c3','Anderea','Chartman'),
	(182,'817f19cc-fdf3-484f-906a-1e391ec50079','Chlo','Shipway'),
	(183,'31ce24c1-17d2-4a3e-9145-e88227fd28ac','Candi','Faircliffe'),
	(184,'579da0d4-cfeb-4584-9d16-04b796e5004b','Johnathan','Konerding'),
	(185,'fc7b5d80-a539-44c8-9af0-67d93a4b7956','Dall','Darnbrook'),
	(186,'01bc3abd-1b83-437a-b6fe-6f471f196690','Selie','Backler'),
	(187,'7879b141-5b05-4597-a23c-19c0699a28e7','Maudie','Easbie'),
	(188,'015ebaf1-8976-42a8-9b3b-c0e9b56139cc','Joelle','Saich'),
	(189,'20ff34cb-82a6-4d7a-b4c8-44673a445f68','Dorian','Gersam'),
	(190,'c9ebbc0c-14de-42ca-b762-6b99873be587','Pearl','Kilgannon'),
	(191,'6dab82b3-a934-4fdb-b7a1-7e4403e4aa24','Dedie','Curling'),
	(192,'dbbfab52-20c6-4ed8-87fe-9a48b4aeefeb','Emylee','Panketh'),
	(193,'74dcc4dd-5350-4891-a88a-ed2753b2dfc0','Con','Huriche'),
	(194,'ae995e82-dcc7-4f5c-a9e8-3cda41d01d09','Sutton','Royse'),
	(195,'275f4b4f-39f0-4a1b-93fe-79be97b163d4','Krystalle','Crees'),
	(196,'0887b9b9-c970-411b-b8e7-eb86dafe6517','Durward','Kirkbride'),
	(197,'266f965d-5fb1-4377-9665-fe92c90b109f','Lila','Denzey'),
	(198,'8b816d7f-d681-4b29-b45b-de974f960564','Gregg','Quare'),
	(199,'efc2b232-0dcf-4943-878c-f6258ecc744d','Row','Dominici'),
	(200,'1c90f608-3964-4a63-b158-1cecfd920c5c','Ambrosi','Wraith'),
	(201,'5f619394-34e7-41ff-93f1-d515635996ca','Doria','Pedden'),
	(202,'43baae85-0573-4d72-8b39-bb348cd164b0','Priscella','Middas'),
	(203,'cba3800e-39a1-4266-a238-5f949988c35a','Natalya','Padly'),
	(204,'71a81da3-930f-4c3f-aee9-d0f3863b485e','Bern','Addison'),
	(205,'294e94e0-127e-4846-a812-6bdd4fc24b77','Oralle','Reubbens'),
	(206,'e2227d6a-79dc-4f0c-b865-b2b432a9b6b0','Evvie','Colvie'),
	(207,'f9d49088-dcd8-4b2a-8375-75b229f379ed','Hermann','Boobier'),
	(208,'22545ad6-c7ee-43a6-b890-b6299d21726f','Lilia','Cropper'),
	(209,'cdfcf390-fafd-47c2-acb6-fcc2d008c5a5','Bud','Lehon'),
	(210,'d80f0429-b73b-4437-8a45-94263062263e','Jeannine','Dudhill'),
	(211,'f1162394-e3be-453a-b2a7-9fec1c66ab81','Jermaine','Wilcox'),
	(212,'ffff7000-9e7c-4f43-9e5a-70098aa6e5fa','Shanna','Blincow'),
	(213,'59c0f733-8ab5-40b5-9d4d-029082ac13be','Yvonne','Broadfoot'),
	(214,'aa24a4e1-2935-4bd1-b436-2ec09c86d7ed','Edeline','McGrale'),
	(215,'0cf1027e-a8e9-44ef-ac0a-2f10bd099a3d','Jacqui','Awmack'),
	(216,'ff828b59-637f-484e-8c0e-ec9ef87de514','Trey','Lomis'),
	(217,'7b017047-9ad3-4af8-b41e-7c5dd23c36fb','Tremain','Croux'),
	(218,'3ff46e90-37c3-474b-a9b8-9c79d55b1146','Mari','Alywen'),
	(219,'106d61de-b5f3-45f3-8ad8-b91e6d2206e2','Ella','Vanacci'),
	(220,'b5a96d5b-81a5-44f9-81b9-6107f1a61fe3','Kleon','Civitillo'),
	(221,'441f44da-e92c-4332-a43a-e03eef95aca8','Rosamond','Quainton'),
	(222,'43c87dae-8cbf-42be-ba2b-cfe0cce95ce7','Mikkel','Mongeot'),
	(223,'f305a46f-a5a8-413d-b2ca-976aebea86ae','Vicky','Ascrofte'),
	(224,'cbcc15f9-3d3c-4d47-84be-4cc485e0799c','Kermie','Waddington'),
	(225,'2d5421bd-0ca2-421f-bdb3-0e09f610119c','Leonid','Ennor'),
	(226,'da379d80-8c43-48f6-af99-fa173dd0ca29','Velvet','Chessum'),
	(227,'b34eb8a3-e0f0-478a-8b3d-730b07af84fe','Flo','Head'),
	(228,'80f2bac1-d683-4818-97ed-d521c8f95dce','Kimberli','Blaxland'),
	(229,'eb058932-c2e3-4b2f-bf89-28b1d820544e','Igor','Piperley'),
	(230,'52002a3c-0ee8-4074-ab77-343703b685e1','Katuscha','Cowap'),
	(231,'3b1efa75-d3fd-4433-8c13-c55057db6504','Dottie','Blood'),
	(232,'03a80e60-fae2-4f2b-8ffb-beaaf4d35934','Arri','Paulmann'),
	(233,'262f4f5d-a479-44c3-9c5f-26c2d7c2a190','Dalenna','Beaze'),
	(234,'cdee3ee1-666a-49b6-9a81-a6fa81e9908c','Helenka','Doherty'),
	(235,'3dfd6d6f-0609-45da-9bbf-d2780993ac55','Domeniga','Crudgington'),
	(236,'c61a3c03-6c22-4ca4-bf98-922334193b17','Terrell','Stubbings'),
	(237,'af822987-e9bb-448d-9bbf-bc49a89bc404','Alva','Doers'),
	(238,'a94d771a-c0d2-4056-983d-0b482007f23c','Kerry','Skarman'),
	(239,'8f00758f-005b-4136-beb3-6c752842dd0e','Kienan','Attwooll'),
	(240,'54ca484e-53ca-4fc4-bce8-629e3ae49e57','Tuck','Ivantsov'),
	(241,'23e0aa65-e7b8-4ca9-8f57-b05b60a7e004','Wynny','Woodier'),
	(242,'688c4ae2-609b-450d-a96f-17bed80fc731','Brade','Jamieson'),
	(243,'c583aa1e-1de6-4a73-8d22-fca9c94b16a3','Vernon','Bettis'),
	(244,'dd73bfcf-4e75-4aaf-91a9-43523d2525e8','Pattie','Latore'),
	(245,'4665c334-e9b7-43df-9315-f7f1d40ad583','Fayette','Jozefiak'),
	(246,'fe281cb4-6385-4d48-aaaf-819450d2ac15','Yvonne','Lumby'),
	(247,'7c40b482-e007-4173-9814-beb3cede07ca','Filbert','Jell'),
	(248,'146eeef8-64c0-4e3b-87ef-b08a04fbdf54','Otto','Hearthfield'),
	(249,'bd2fbf97-a74b-4795-b896-5f7dbe53b460','Cassy','Kimmince'),
	(250,'56b693f6-814f-4f5c-8851-c9eafb4eb0d4','Raffarty','Andrys'),
	(251,'f44ed4c3-60f9-4ff9-bdfc-17d064baa1ae','Evita','Crellin'),
	(252,'91a71295-9968-41b2-b51d-a0333ba47e9b','Norbie','Jahnig'),
	(253,'54f9f2d4-514d-4372-9220-db799dec6f50','Friedrick','Skevington'),
	(254,'de8e6d31-0113-4a75-a406-e80d5e1d07ca','Olympia','Forth'),
	(255,'e98715ad-c173-43ab-8736-51dff9b8d8d7','Waylin','Fitzsimons'),
	(256,'ee9a2c16-f4e4-4df0-b7a8-8b992111b675','Lyman','Headech'),
	(257,'41012ad4-e095-4c9a-9fe2-8c582cb7b926','Willetta','Ranald'),
	(258,'0d77d92e-9c52-438d-b36d-5a892fa708ab','Mandel','Dowsing'),
	(259,'27bd08a4-e282-405e-9a37-34ce6a5b4213','Gussy','Elia'),
	(260,'e578546b-df66-425f-8ddf-9149d5ac6c51','Karie','Ingyon'),
	(261,'396ac9e2-fc02-428a-bcc4-d5c444247c21','Arliene','Leband'),
	(262,'8c1c1c2c-fe57-4868-a043-ef059391c9be','Conny','Stodart'),
	(263,'61be96da-661b-4c5a-9f20-3cbf533c8027','Jaye','Bouzan'),
	(264,'3631a5f4-cf9f-4549-ab82-1561e6b0787a','Sileas','MacCaughen'),
	(265,'2e0f1b25-2c75-4d99-bb9f-da836d126900','Brynne','Dungey'),
	(266,'289a3f6f-e66c-4ed4-bc62-6a832d7a92c4','Kristopher','Held'),
	(267,'02d20ce6-c040-4dd7-b813-95f40bdb0aa8','Shanie','Scutter'),
	(268,'1756f7dc-f828-4bba-9707-d1a79f9065e8','Evangelin','Leggitt'),
	(269,'cfc23579-4840-4528-95e7-fe18267ead6c','Charlena','Stelljes'),
	(270,'6102720d-df28-4672-8ca2-f152f6de989c','Thomas','Pybworth'),
	(271,'bd284cb2-be46-4924-b1e7-0fee697d942d','Abbie','Rozea'),
	(272,'3ac0243e-38b8-44ea-b824-a1f33786eee4','Rey','Louthe'),
	(273,'8a9b44aa-c8c1-4e8d-9dab-b60c5a4de381','Zelig','Mackstead'),
	(274,'1dde4529-a575-4eb0-bf1c-af957f952200','Kalinda','Cruden'),
	(275,'e424cc95-090a-4561-9f06-a6175df12b8e','Allyson','Budnik'),
	(276,'cf63d728-d385-416c-88c4-20911087bc59','Georgie','McKinley'),
	(277,'38adc6b1-b350-4ba2-818e-036886e458af','Skelly','Smedley'),
	(278,'753b324c-c86f-4c90-9db0-c8d15b378ebe','Bliss','Duncanson'),
	(279,'fdad73f8-c75a-48d1-afb8-b3a9e8f91221','Hattie','Dyett'),
	(280,'c0ffe680-171a-47e9-8a0a-a6af182b97be','Ileana','Baunton'),
	(281,'0c97645d-7b9f-4081-b1db-0022e35d8511','Ally','Grzelewski'),
	(282,'728d4c66-e4a4-4198-8bc0-83bfe553c133','Evaleen','Arrigucci'),
	(283,'321a57d1-f9ed-4bc2-a12b-9ddc3396e17c','Melody','Bulter'),
	(284,'bb285ae1-e059-4a68-9d23-0be77f25c9c3','Alejandrina','Sinnatt'),
	(285,'5a707fa2-97e2-48ec-ae2f-fdd64ba430cb','Nanete','Fassum'),
	(286,'ce4efe36-1520-4c18-bf96-83f90b3da2fe','Dahlia','Deery'),
	(287,'530a5f23-5776-4ae9-a161-5fc52ded4a75','Glen','Adamski'),
	(288,'2e46f09d-0fd7-400f-a62e-f4f2f5dfadfb','Sayre','Conradsen'),
	(289,'b3d66c5c-5e7a-4478-9884-5e3766274d83','Martyn','Petchell'),
	(290,'c6229605-0fda-4edb-b749-b3eb9ae26762','Tadeo','Scrooby'),
	(291,'e2ccf404-1587-4dd1-baaf-caac06dbd059','Kenon','Weymont'),
	(292,'0b5110d4-7187-4add-ac4b-7d45f61745b8','Egor','Wainer'),
	(293,'ad6d35f8-01e1-4802-bb81-b2ab426e3dac','Gusta','Dillaway'),
	(294,'8e831d23-69db-409b-b938-2d3814894fef','Ericha','Dorrance'),
	(295,'53545a54-c647-46c5-a9aa-da72030e0361','Anallese','Stonary'),
	(296,'db987155-eeed-40aa-b9a8-8cbee01c8314','Lee','MacDiarmid'),
	(297,'227d69d4-4a26-4907-a383-b455e263f83c','Pavla','Colaton'),
	(298,'5f05725c-417f-4996-ad8a-3928ade28d5c','Melvin','Keme'),
	(299,'fa5fbd46-f119-4064-8f79-950b028827c6','Tades','Gange'),
	(300,'7f090dbe-4ca0-4fb5-a1d8-1b2f02a6b95b','Willow','Andrini'),
	(301,'d07bbe31-7032-44c5-873d-0fcaa8fe9d4e','Karin','Blasing'),
	(302,'ae7f480c-5691-4ae8-bf18-050d5a2b8145','Ferdie','Mullenger'),
	(303,'48f72bc7-8ae4-4bf1-8c92-ae805246ab5c','Ken','Littlecote'),
	(304,'3a048372-d317-4025-8369-e36c6220ea9a','Odie','Kinsman'),
	(305,'aaacd9d4-2346-4354-a96e-52eea17b78a0','Garvey','Adamovitch'),
	(306,'0796effe-376b-407f-90d2-3f88897992a9','Alex','Mullaney'),
	(307,'44dccf12-f7d1-47d0-b3f1-f099df9802a6','Willamina','Papez'),
	(308,'c62c68ed-5d7e-47bb-ac7a-7ae7465048ae','Nita','Kingsbury'),
	(309,'07023caf-c770-4207-bee7-a9c0322dd24c','Pearl','Beggini'),
	(310,'16b2996e-15b8-4c56-a77f-f98b1770e3c4','Jacqueline','Romaine'),
	(311,'dc63a658-9c76-4dca-95ea-36dc3033feb2','Moina','Gercke'),
	(312,'4feec527-14bc-436f-af4c-eadeb1e2e5e2','Felicio','Kubach'),
	(313,'f73692a7-72ce-49b4-b81a-acfc1915679f','Lane','Bonnick'),
	(314,'e7604632-21d2-47d8-ad64-bb3cc9e10e80','Lib','Orkney'),
	(315,'d1d3b2d4-756a-4176-80a6-5b4b7cee4da0','Mirabelle','Stollenberg'),
	(316,'00bb7005-cd1a-45c0-ba5c-cf66309895a6','Norris','Hockey'),
	(317,'230dc41d-88bd-4306-a28d-d4176e1b0149','Meade','Faltskog'),
	(318,'5202173a-5f2c-4615-8b71-d1792cc9c5ad','Karol','Prowse'),
	(319,'ee907c6a-f9aa-4ac0-9584-4ca88b1f83e1','Diandra','Hindmoor'),
	(320,'f6e15594-1aca-4040-b2d9-e26203750a84','Daffy','Addekin'),
	(321,'fbd44c26-d1ba-4df2-bdb4-8985e1ab7616','Donna','Theobold'),
	(322,'4a7f15ac-0b26-4af0-9782-2a45bb55a5d3','Benny','Pheasey'),
	(323,'d06b4ade-7a3b-4275-9b01-30ec6867e203','Florian','Goodlet'),
	(324,'aaf4ed6d-2534-4086-80de-571723fa4c0b','Vonnie','Hamlett'),
	(325,'72c66cea-8da6-4c37-bf2d-360770b5727d','Ernest','Strover'),
	(326,'7b9d7d4d-bdcd-40ff-8d67-2dcf70e26d41','Lucy','Ouslem'),
	(327,'a42f425b-4082-4800-b0f2-3b39b9444096','Phebe','Godfree'),
	(328,'2f7a06a7-3578-4263-acc2-e451d4a1723e','Jocelyn','Olyfant'),
	(329,'1ad0bc25-c64d-4d75-8d65-af0e4142fb3a','Lynnette','Morcombe'),
	(330,'a9fd9f3c-c9f4-4734-907b-cc82be01c95a','Van','Hallowes'),
	(331,'1008f8c1-5409-4aa5-8cf5-6e92384b3092','Shelby','Hovel'),
	(332,'bc0b03e6-d468-44a9-b854-f3dffd5e4004','Amara','Mulcaster'),
	(333,'790a0a8e-b989-461d-9605-8b40a547c9a7','Geordie','Woolmore'),
	(334,'a1cfe0c6-c5c4-4578-b475-d1810767d238','Constanta','Safe'),
	(335,'46296190-654f-4ced-ba04-7db9ffb7d8ed','Lisa','Grinnov'),
	(336,'17eec2c1-9bec-43fc-bf39-2b55f47bd494','Ealasaid','Quartly'),
	(337,'fd1f82c3-e490-4e63-aef0-fcfc6fe3fdb2','Homere','Cuer'),
	(338,'d77ddf58-6d2a-4993-8e50-332a03aa06ed','Heda','Didball'),
	(339,'3e93fefc-5a7a-45e3-8947-8f87e424afa5','Lorna','Nuth'),
	(340,'66def9e9-d52b-4c8b-8b80-81ffbaaf8adb','Karlik','Braithwaite'),
	(341,'b26a2aa8-0f68-48e8-8263-035972d5b300','Kurtis','Grissett'),
	(342,'a6a560f8-0edf-408d-bb8f-438132985c2c','Mace','Connick'),
	(343,'081cea39-339e-4778-b9f7-f671890f176c','Edy','Magister'),
	(344,'b5b0a1ea-0a64-40a8-b1a3-198b7897d472','Dacie','Nears'),
	(345,'8a4c844c-d52e-4195-bbea-b4a692d995af','Abby','Mayall'),
	(346,'05b5a120-c4bf-4c55-b856-76ae902ed8b4','Hannah','Moring'),
	(347,'9456288a-33e0-4d41-8b39-4e35b8472888','April','Bullene'),
	(348,'38fae72c-256a-40db-a3fb-1dca58accea3','Darla','Bunton'),
	(349,'13fee8aa-256f-4ab6-8a85-cda722528f05','Biddie','Epdell'),
	(350,'0d89b604-b0a5-4522-aea2-45015af1c743','Darryl','Clapshaw'),
	(351,'613f6a07-fe1f-4ba7-9f47-05e308055e02','Padget','Matchitt'),
	(352,'51cb7504-5825-46ea-82f5-111cd00f2c54','Estrellita','Shilvock'),
	(353,'4960325f-06b6-442f-8ba4-a547c380f74e','Nolly','Choake'),
	(354,'d64d1ac2-f732-4887-8579-230735215fff','Rosabella','Connochie'),
	(355,'21980fe8-b94b-4ee1-8273-f6c5f1ba6b96','Orland','Redmille'),
	(356,'b908cb81-f3a7-489b-8f14-99a187c46856','Noel','Nowill'),
	(357,'4e7724a2-506f-4c13-b759-fe20e59c048f','Tudor','Nelsey'),
	(358,'518e185b-7711-4ff3-aee2-27a857d91ce3','Tessa','Dobinson'),
	(359,'48dece26-f019-4417-a80e-1ccb5c8b6846','Bernarr','Winborn'),
	(360,'015d976c-3ccf-47bd-9392-4a36bb61ccc8','Ches','Geeves'),
	(361,'9d469b09-0cfe-4b94-97c9-51abaf1529ab','Neel','Bresman'),
	(362,'e978738b-3b85-4ba1-bee6-8751e93e72fe','Norene','Raikes'),
	(363,'7ce6c286-3768-47ab-9269-3fea33452438','Isidro','Darcy'),
	(364,'4b378f34-03c2-415b-ae47-1ddd4b94dcee','Ed','Sulley'),
	(365,'aa85827e-bef0-4dc7-9a9d-cd9dd183f673','Perkin','Tims'),
	(366,'a30a1e12-6cec-40ce-9cda-2b2197bbf73f','Kendell','Gayter'),
	(367,'9f1380ba-8583-4c41-ad37-c760508dffb3','Domenic','Hemphall'),
	(368,'2490a3c5-4626-48ab-bbf9-cf3a86041e95','Jere','Tizard'),
	(369,'28196e85-29b4-4a61-9fbb-bb8d557ae876','Trude','Danilyak'),
	(370,'fae95cbf-060e-45a6-b88e-f32afb134e09','Welby','Ternault'),
	(371,'a36fa4ab-f4e4-4d1f-9a15-5ea7e1d44deb','Brewster','Roloff'),
	(372,'09ee0de0-f2f7-417e-94ff-c6219a382694','Jody','Woodier'),
	(373,'31478767-ca33-4841-8948-865a36f06283','Benny','Haton'),
	(374,'55088605-49a6-45c2-99c0-12c57eeef5c3','Chuck','Luberto'),
	(375,'eaf0120a-38a7-4c0e-8ef3-dd194d6c5652','Lenette','Beaushaw'),
	(376,'ce0c9967-1997-41ec-b5d3-0e26cb4e8d24','Dulcia','Rayner'),
	(377,'def9f234-be8a-4abd-9d3d-6a167b5c61bd','Blayne','Pendleberry'),
	(378,'e00fbcad-4e29-4a0a-a73b-a383a1bdc9e4','Emilee','Avrahm'),
	(379,'a9283659-7d61-4cb8-9b29-2d2dc4297514','Lita','Hammell'),
	(380,'f7167931-9df7-42a1-ac9b-3d6362c0ed09','Goraud','Rushbrook'),
	(381,'d710e387-205c-4ca0-8abe-cf94d34fdfb0','Annmarie','Henkmann'),
	(382,'d0fd86db-1a86-4cc8-881f-8c48cb589d9b','Thurston','Lowres'),
	(383,'f849d45c-6bd1-487e-93bb-b5199cce1c7f','Marni','Schaben'),
	(384,'55587ba2-11ff-45ca-b0a7-1b0b0958a38e','Sophi','Muckley'),
	(385,'66ca5441-68e5-4d98-bd07-51f92d257395','Amelita','De Stoop'),
	(386,'a14ea5fd-8669-4a87-bdcd-c486f0226243','Brendan','Stubbings'),
	(387,'2ae9bd41-5593-432d-a1c6-68fe0816513e','Cthrine','O\' Dornan'),
	(388,'41c1a4c4-34c2-401f-b38e-bb2425471422','Allina','Junkinson'),
	(389,'7be6e43a-3558-4e2a-b98c-bbc9cd8551bf','Cassius','Maliphant'),
	(390,'3d262c7b-1e3d-4628-b417-6b18c5cf3507','Mellisent','Broxholme'),
	(391,'ff07214d-de99-434f-b8e7-263116abd62b','Vassily','Bedells'),
	(392,'925228c2-866d-403b-8b7c-efa082728ca6','Lemmy','Armfield'),
	(393,'8051841c-174f-485f-9635-77c8a83f2cbc','Paule','Millin'),
	(394,'382a1b5a-59ae-4e5c-9bb7-3c0a0c9932a0','Dall','Spiring'),
	(395,'00c248af-8496-4bf3-b9ba-65e22849e915','Angela','Tethcote'),
	(396,'1bb9b361-6d81-48ae-88b9-ada735c4f617','Nappy','De Freitas'),
	(397,'50e00e72-0274-4797-a3df-c00127675ce3','Hiram','Janik'),
	(398,'4bf5b433-c07b-4221-a83b-cb5862bec932','Rhett','Dict'),
	(399,'c441e03b-b39d-4927-918b-453b646a301d','Fowler','Cocozza'),
	(400,'ac9bbe73-884d-4e5c-810d-e6f71a4fdd23','Town','Been'),
	(401,'568a94db-8b44-49b8-831c-5876a96df086','Clementine','Bruckenthal'),
	(402,'c8557943-6663-4774-b899-3514d99e0982','Mendel','Riby'),
	(403,'474c0d14-bfba-48de-bd44-3dfda9f2c69b','Ardene','Hail'),
	(404,'f676d470-c4ee-497f-b2fe-3f23f8ea0af7','Charmine','Eglin'),
	(405,'beda0771-e658-441b-a341-86c35e416c38','Corabelle','Consadine'),
	(406,'f25abcae-c3bc-4913-98c9-00b6cecc9182','Scotty','Ubanks'),
	(407,'307148db-1d96-4df1-8acf-4cde2a63f913','Leroy','Cherrington'),
	(408,'abcbe832-32a2-41f7-9bd2-8a5f9add0b37','Collin','Lamblot'),
	(409,'325e6451-7408-434f-954e-ef0c606870d0','Bondon','Keane'),
	(410,'8391605b-da0c-45e1-a0fd-d749fe6eab2a','Babb','Randals'),
	(411,'df0ce74b-50ef-4163-8cd9-044bfc7f7963','Aron','Cleen'),
	(412,'e43380ca-27b6-4e7e-bbc4-4bccd35703ac','Barbey','Richten'),
	(413,'49e1dc90-cad7-4d55-9c78-bc0bc7fc1925','Cecil','Jeffray'),
	(414,'c15307d5-6482-4353-8025-44c0bdfc68f1','Gilligan','Dines'),
	(415,'8cfdd781-ada5-4f8e-b139-081e7c4fffe7','Babita','Fillis'),
	(416,'78dec0e4-8173-4d04-a5aa-023499a73d9a','Latisha','Ivashkin'),
	(417,'d9d1d89f-cf99-4e39-ac56-5ee87b90d1b6','Annabal','Eddins'),
	(418,'7f18fdd2-caa8-4342-b8b4-a44ae79ef9c4','Jemima','McCluin'),
	(419,'1dcb00e3-8948-417e-a6c5-561b6fdaa5a0','Kenn','Skyppe'),
	(420,'555c3d0d-c140-45c1-971f-a6468fd27882','Lea','Grigori'),
	(421,'2fea81de-f5db-4536-98c9-1a0549210f07','Kort','Burgwin'),
	(422,'0909d8cc-c126-40ef-abb8-daa67bbf1a18','Claire','Knath'),
	(423,'9a3ac521-c483-4101-b99e-0fdf3f58f4a4','Tabbie','Purvis'),
	(424,'81851089-35c3-4b4c-9aa3-0f5d39c26d14','Case','Liddington'),
	(425,'018a594b-74b2-4f15-b88b-46189c116bb9','Filia','Bloys'),
	(426,'77b28d89-5452-44f3-ad74-cd38aaf45f4b','Ashla','Girardot'),
	(427,'f877965a-a998-447b-8634-6d2954f44c14','Lynsey','Nazer'),
	(428,'caad1f5b-15ff-4b2b-8f96-288ae0df415e','Rozella','Gilardoni'),
	(429,'e9fa5007-8373-4c66-94d7-6940683f7051','Sunny','Whyffen'),
	(430,'30683d2d-51f4-41a1-856c-534e58294b56','Kellby','Rolf'),
	(431,'13cee0e3-36c5-4d41-bff9-3cfe145b5c66','Zed','Franken'),
	(432,'04f63c84-0640-47ee-ab67-dc7ef12660e9','Ezmeralda','McMennum'),
	(433,'14c3410c-07d0-4320-8d84-400ec1cac4df','Dare','Shanks'),
	(434,'152b8505-892b-4c1f-ba0f-24225e82f4f4','Emmalynne','Lait'),
	(435,'39d70f03-0c43-4559-9255-363f566f1b09','Christophorus','Whitington'),
	(436,'9cb59eff-949c-4086-a5ea-94553c88d8e3','Putnam','Barti'),
	(437,'8689457d-737c-4a29-8da3-89950d316884','Mariam','Gluyas'),
	(438,'b3685ded-2b1e-42f8-8d5c-2bc8f1de5f0e','Delia','Doodson'),
	(439,'8a366646-b4c3-4a69-b76d-7ecef301935f','Danell','Burchfield'),
	(440,'4aa6b158-aa73-4fea-b5db-0764cc571af7','Peterus','Pinkerton'),
	(441,'0d54e790-b0d0-4733-9545-9ea71023d1a4','Malia','Pryde'),
	(442,'66451377-4e79-41fd-99f8-05d7f3a4a284','Dominic','Goody'),
	(443,'4efc1451-01fd-4c7c-9f3f-ac0890f71e80','Agatha','Dessaur'),
	(444,'4df367b9-652e-4351-ae3d-c51c0efc1c75','Leisha','Hazard'),
	(445,'0f372258-d9a9-4e0d-88ea-157fc1e48182','Panchito','D\'Ruel'),
	(446,'40d5d810-99bd-47ee-a808-de41f0f76486','Robers','Dowbakin'),
	(447,'2c56db28-2776-4927-8cbc-bd521099a87d','Averell','Cogzell'),
	(448,'d42df6a4-15f9-4429-b556-db5ae89924a1','Deidre','Corhard'),
	(449,'2133e6df-6a93-4453-b87b-4f8397d6a582','Lucais','Geldard'),
	(450,'b0bedcc6-c41c-45bf-ad1b-dd6adf2b8f95','Izabel','Chase'),
	(451,'7412354f-16fc-4777-aa65-e914a4b70cb7','Lainey','Grigorian'),
	(452,'ab75fa26-5072-489c-b97a-f0c5470c39ab','Roger','Episcopio'),
	(453,'5474d6c6-5445-4577-9549-bdaf29158883','Irina','Besque'),
	(454,'ad9b8c98-aa3b-447a-9f51-3a5a9705eb0f','Riobard','Burges'),
	(455,'1be4f496-df83-4f1a-953a-0101a4415415','Jefferey','Moresby'),
	(456,'529c0e9a-a2a0-4e33-9a21-9008d646a83e','Olivero','McKeggie'),
	(457,'04a70710-195c-4581-a909-376beb4fc38e','Killie','Renshell'),
	(458,'92e40452-2be7-446d-bc3a-575cc260688a','Nickie','Trenchard'),
	(459,'91f95aff-a366-46aa-bbe1-c61da8689208','Celisse','Knewstubb'),
	(460,'7bdfbac7-409a-47fa-9ded-1a07a2b3635c','Giffard','Zuker'),
	(461,'df042048-d745-4602-8cbd-0412a8552c41','Bertha','Chable'),
	(462,'f98d7b76-b313-4c7a-9aab-847bd6c85ae0','Darrell','Windas'),
	(463,'2e657945-4210-4404-98b9-7de08146df15','Mellisa','Hamshaw'),
	(464,'25c9b3e2-a8a7-4f80-9a72-520bda4d1f0b','Dianemarie','Cornillot'),
	(465,'bd097f19-8a45-4f03-b692-f447d3052468','Ban','Matantsev'),
	(466,'d23dafe8-3c86-467f-b28f-6576176ba3bb','Delcine','Daile'),
	(467,'890e9303-bc44-461e-b7fd-d7c386afc829','Zebedee','MacTavish'),
	(468,'afeefd93-f620-4487-85f9-239126928111','Quintin','Dobbyn'),
	(469,'ccbf138a-c3b1-4f59-8cbb-97155d4bb991','Orbadiah','Leavey'),
	(470,'7a11c1b3-1f4b-4978-a108-6b3333011b19','Merrel','Rosini'),
	(471,'a7a6063c-377d-48e0-aafc-cdee76471718','Jocko','Hysom'),
	(472,'1a1c3950-8fce-4591-9ea5-0dc2450fb7bc','Cathlene','Raden'),
	(473,'e231ce9b-ef9a-427a-a834-1ec45beb811d','Gussie','Andriveau'),
	(474,'829c451b-695b-48f2-839b-2649331c7747','Stanislaw','Mulrenan'),
	(475,'2ff67c14-5548-4833-8276-1e09e192e9c3','Corbin','Cubberley'),
	(476,'26f87236-1515-447b-a218-71871e9eab68','Lazaro','Jude'),
	(477,'225c4587-8e4a-4007-b1b9-4a79485d3686','Ada','Polleye'),
	(478,'981f8d5f-f8a6-4583-8dd2-d3c2bf2492f7','Anderson','Campany'),
	(479,'a75198f0-335c-434f-a119-d102ef1cf51c','Barnabas','Jurisch'),
	(480,'180215e3-6706-4372-a5b9-25f9d091aba8','Jermayne','Vials'),
	(481,'590087b0-107f-4721-97ac-b3c14b89082e','Sena','Gutch'),
	(482,'c4c7cde5-dd2c-4465-82f3-85bc31efe4d4','Mufi','Batisse'),
	(483,'601c5754-cfba-437c-a1ac-f9d143af99c0','Jerry','Betonia'),
	(484,'4920a2f8-a27a-4d5e-810b-95cff9611a20','Barn','Gibson'),
	(485,'da337a5e-ef4b-46ff-872d-2d619908af6b','Ronna','Siret'),
	(486,'41d94b0b-b4f9-42a8-8183-0817f222bd9b','Lamond','Wakeling'),
	(487,'fd12adf1-10ad-4af2-b492-b57defe3747b','Merrilee','Cotmore'),
	(488,'a51e2cc7-27df-4128-8c26-4ade1cd7e9b8','Ilse','Campana'),
	(489,'fc8e8190-4c52-4f5c-81c3-bc6c8cb48588','Cooper','Skillicorn'),
	(490,'2a543cd7-45f4-42bc-abd2-156953531240','Jayme','Need'),
	(491,'c679849b-74a7-412d-9861-81b2b5377383','Brendin','Skarin'),
	(492,'73e87b0a-a7b7-47e5-bc34-c23d6297d006','Theda','Seamark'),
	(493,'bfbbf5de-c75b-4db8-967d-d10d27bf3e59','Ronnie','McCullogh'),
	(494,'f2a822c7-aac9-4810-9c42-2d24e77b984c','Seka','Bernasek'),
	(495,'a681b548-ce0d-4071-a857-5a813c6869e9','Deeann','Pirrie'),
	(496,'fe09534d-d48a-41ae-b80e-071fd04ae1e0','Cindie','Channon'),
	(497,'8c5af891-a13c-4b47-bcd4-a6963bc1552c','Daryle','Gatherell'),
	(498,'9a91675c-eed0-4c03-ae19-d9fc77417f08','Constantine','Jacob'),
	(499,'0e4688fb-8892-4c25-865a-ad85d657a22f','Guthrey','Danielski'),
	(500,'1ce74e50-95b4-4d3b-a61e-78633f69922e','Amberly','Jacson'),
	(501,'5ef26308-27ed-4687-9e35-2c6354073e6b','Cary','Gatman'),
	(502,'15374ab1-fd2a-47b6-8cfa-2d821d1ca391','Cami','Fourcade'),
	(503,'4529d39d-e2cf-4854-b81d-03c47000134c','Everard','Lorek'),
	(504,'7a2d64d3-d91c-4ccb-a74c-b2638bbd99cc','Conant','Feye'),
	(505,'76f18c81-63bb-46df-a7a9-ce9237e528e0','Royall','Pegden'),
	(506,'eff71f4f-7e6d-4bcc-890b-748b9d968fee','Felix','Rosenbarg'),
	(507,'cca8f02b-a959-42fe-8ee1-fb323d4edb33','Claudian','Shoorbrooke'),
	(508,'75f73657-8eae-4e06-a0ec-2804eb9103ca','Kimbra','Grix'),
	(509,'2bbcefe4-0a3a-49a0-8dab-93901ab0e412','Karyn','Silverston'),
	(510,'a6a307ad-d96a-42ec-95c1-0d400bd9630d','Trevor','Reay'),
	(511,'11c61549-0d8f-4a76-bd62-942dc24c9a7f','Jilly','Trevethan'),
	(512,'c30d9547-edfa-4a66-9fe6-f612b703e920','Lizabeth','Rook'),
	(513,'c00327d1-b133-4b95-b6b7-5983ecce6722','Claudell','Cardenas'),
	(514,'8223165b-668e-435c-badf-de87bf7a7809','Darcie','Smallman'),
	(515,'231d2d3c-1a81-4f95-87f4-9c8dad817d2e','Alaric','Yendle'),
	(516,'315a8406-6c6d-4cb9-a0fe-437ebac931f3','Tommy','Kinchlea'),
	(517,'b7eb59aa-24ff-4687-8de2-b3959318eaed','Nonna','Konneke'),
	(518,'2e9a8c4d-f5fe-4c98-a6fe-6f03fe2062c6','Quinton','Feeney'),
	(519,'fa7dd2b6-ff10-4c0b-9266-fd5dc3415c24','Sibylle','Doxey'),
	(520,'290e743d-abcc-4d7e-9ec4-674d35c7febd','Ulrikaumeko','Fernehough'),
	(521,'0c9168df-671b-47a5-8825-51968d69153b','Jewel','Brehat'),
	(522,'d0516b94-3bb9-4005-8a11-3fdf0977b62e','Joye','Tibbs'),
	(523,'c35ebf1f-49b9-491a-98c4-90113a7201fb','Thomasina','Eddies'),
	(524,'20e16697-4fb5-4ff7-a621-94ba4f4d31f3','Roxine','Dallman'),
	(525,'4f056c08-3f8c-48ab-b8c9-63dae0b5262f','Corina','Simoneton'),
	(526,'e03bc8f9-dca7-4420-87e3-24725e21bc25','Gianina','Quantrell'),
	(527,'2a802654-8671-4499-8629-8f74b6ada96a','Son','Brudenell'),
	(528,'bc608fd9-ca3a-4118-8487-1f95bd996094','Miof mela','McAuley'),
	(529,'f158b930-cad7-4577-a110-445fbca5c4ad','Kerwinn','Clevely'),
	(530,'8dc8ce84-4ac6-4278-8bd6-b85627bfa369','Erick','Hudd'),
	(531,'516f384b-053f-48eb-9389-68d57c134e29','Nikki','Shivlin'),
	(532,'82313f6f-bd68-4fac-b926-a9e6177811f3','Arabela','Diloway'),
	(533,'2237b46d-9de3-44cf-9ae5-a4588a64577f','Lorenzo','Grzesiak'),
	(534,'9fb26592-6788-4040-8c3b-c6bf883a780a','Kati','Arnolds'),
	(535,'1b1de149-0c7b-4c3a-a64a-817a06e3ef30','Vanda','Mash'),
	(536,'016e1edb-671d-4f0b-9b41-ebe629e767ca','Ivett','Gabbatt'),
	(537,'c4ebc9a9-b583-41d7-a0ef-5c3a71817e57','Darleen','Bolter'),
	(538,'81647955-e2eb-4a52-8aff-01a49853c78a','Beverlie','Matthaus'),
	(539,'7948663b-f58d-4b9d-92e0-e68416459c46','Adriena','Chastanet'),
	(540,'e3125fa5-6748-4369-9629-6c5f592e52d9','Rowe','Saye'),
	(541,'5ae0c3f4-bd00-44d9-aa40-32fa0cf9c29c','Marillin','Mapston'),
	(542,'832148be-c0dc-465d-a229-bfb5478e9704','Salvidor','Roder'),
	(543,'4eae02c7-589b-4c6b-87dd-55959a55a446','Lilias','Tearle'),
	(544,'3dc4a7a9-1e9f-4a28-b31a-a869297ea06a','Gertrudis','Sivior'),
	(545,'df1a85f8-f042-44bb-88ff-77a4b3d8127f','Cindie','Trassler'),
	(546,'dd5e4068-828f-4e8b-a419-1bf06fe5849e','Giffard','Guile'),
	(547,'8ca28481-1527-4063-b7c6-17309e7ed958','Debra','Andrin'),
	(548,'27735d6e-9a80-42df-98d2-136cfe8c1562','Dania','Lydster'),
	(549,'1c662283-5ce7-4460-99ac-e1971862aa97','Vasilis','Briscam'),
	(550,'54ea56ec-d468-45ed-bd5e-3a8f1b7d49ec','Alla','Guyer'),
	(551,'faa872a2-727b-441a-8ec1-098f925aba20','Aland','Beville'),
	(552,'b83b949b-768e-497c-a827-5b8fc388c441','Jaime','Wootton'),
	(553,'7dbc708d-6850-4e89-adc5-c09a4f4fa2b7','Alma','Swidenbank'),
	(554,'84c16dd8-e44b-443f-9b54-c83fbc404267','Dina','Swales'),
	(555,'cb2b595a-bfcb-447a-825f-6deb0d159f82','Ranna','Blue'),
	(556,'c63ba5e8-4442-4a47-9a3f-4bcfc83679bf','Modestia','Sankey'),
	(557,'b16d5726-5a81-4300-9920-a61ff30431d4','Jerad','Couronne'),
	(558,'dcd04af7-5b5d-43fb-a96c-3bf2f1d08874','Zilvia','Blackboro'),
	(559,'fa1d5285-bcf1-4d56-95e3-1377d4c2f835','Deborah','Collacombe'),
	(560,'14a9b55d-4d09-4766-98a3-b5e5d18becd3','Dore','Cuthbertson'),
	(561,'5f59a0a9-6b25-4e2d-bb46-8c4b21433cad','Emmie','Behning'),
	(562,'a8412d10-3b8e-4ebe-8bb7-6b340d63bdbf','Daisy','Bonsale'),
	(563,'87dd5bdb-c37a-4175-a7e8-3c1bd33ed427','Retha','Franzini'),
	(564,'fc99fe7d-0fd6-4b0e-844e-92104f8791ca','Jeannette','Laurant'),
	(565,'894e5d55-e8bc-4fae-9961-0f8bdf809b4f','Aylmar','Philbrook'),
	(566,'1a013930-c92d-4865-a0be-925790d5e9e1','Stacee','Radke'),
	(567,'fc9bd4ef-d81f-4709-a687-262e5ebae628','Catrina','Butterworth'),
	(568,'1aa25e1d-34e3-4a3b-89d0-8566ebfd8d5a','Ransell','Measen'),
	(569,'5387551b-0d7d-40a5-a295-5f1e1467fcc3','Ernie','Grabeham'),
	(570,'a7862cd8-ffa6-43bd-acc2-f123e0c172c8','Chelsy','Baines'),
	(571,'f6f6ed75-d19a-4236-9599-49a0f7fa3f19','Katusha','De Cristoforo'),
	(572,'e3cbff99-a16b-49e1-909d-b2f8ff8d6d77','Joela','McGinley'),
	(573,'582efd82-0e59-45af-82ca-13e2dc4e4301','Emmalyn','Borrington'),
	(574,'20690f43-2ce3-4551-b376-b547a761d153','Ursulina','Demetr'),
	(575,'a1ee0af9-cde7-4ae3-b233-2c8c9de3b423','Godard','Jiggens'),
	(576,'c2c7ceec-d812-4a08-9b0f-4c3ad5cf2437','Dennet','Bonnor'),
	(577,'589d7cd3-f07d-4109-9d0b-b755c92adc72','Joscelin','Videler'),
	(578,'9a2517fd-1f67-4aab-86bf-d297e8c721a4','Emmalynne','Formby'),
	(579,'fcb69c7a-567a-4d48-93a8-8c871c98e4cb','Mendy','Edgett'),
	(580,'8adde4cf-8801-4228-9044-f8ff3c28dea9','Gilly','Toulson'),
	(581,'d6a24d14-9e86-46d2-817c-79e151d956ba','Conchita','Ruthen'),
	(582,'8aa3b9e1-0922-406d-8f6a-795fe103fec0','Devinne','Smallthwaite'),
	(583,'d3ae739c-245e-4750-b049-fabc28b3a011','Winthrop','Murie'),
	(584,'37f6baef-1e83-4741-b4f0-39edb15c9cfb','Shaine','Manwaring'),
	(585,'3338f18f-a6a3-477b-af8b-978895fca2c2','Garek','Mackriell'),
	(586,'c5cb58b2-9ec7-4ec0-a151-c0172f6364b7','Val','Gateshill'),
	(587,'fee65aae-2464-464a-bf18-cafce8d54aa6','Starla','Buyers'),
	(588,'acedc33c-9926-4c8b-949c-db673f3c40d4','Vida','Grugerr'),
	(589,'d7b0d471-184f-4378-8f4e-d5ea3075c2d2','Marcello','Ledbetter'),
	(590,'2fa41be1-0d31-469d-8f01-9128e708e63d','Adolphus','Fishley'),
	(591,'3043684c-d0b8-4e6d-be12-b900b5eeb9e4','Alessandra','Parkisson'),
	(592,'7c8a665f-32c0-4c65-a504-b2e6265ecef9','Casi','Pinwill'),
	(593,'a091300b-0ab7-421b-9e36-22785168b036','Cortie','Askey'),
	(594,'6a41c00a-f5c1-428a-835f-1df924a2391c','Katlin','Fancy'),
	(595,'b3635c8f-7be7-461e-a56d-e06d7ae687e4','Julietta','Charlwood'),
	(596,'96dd1d88-7dd8-4ff5-a200-95ca02825a3b','Alethea','Woodard'),
	(597,'2d65f643-6423-4582-825f-23915cb0ae31','Sydelle','Brosch'),
	(598,'8f4c2ba0-c45c-4b88-b35f-cd18a06e73b1','Ivor','Bumfrey'),
	(599,'4a3c4223-101c-4c15-b97e-d2fbaebd88cd','Leila','Guard'),
	(600,'6fa1d199-5793-46fe-b064-2129fcfe088c','Orren','Mansbridge'),
	(601,'d1e97d8b-a813-4425-afc1-002de31a5163','Denver','Elington'),
	(602,'55f5d290-815e-4e82-9ac4-5d91580151ec','Venita','Serchwell'),
	(603,'90fdb7e4-2927-4c8b-b1e0-4093f9697b5f','Dniren','Broske'),
	(604,'f6d32296-b996-45e8-8aac-83e228bbe1c8','Eartha','Wastling'),
	(605,'78de0730-833c-4937-9a12-e0a187d4dddd','Hestia','Paaso'),
	(606,'cec7f108-7981-4c4e-89b8-1633d1c67f30','Silva','Busen'),
	(607,'0b8b4ad7-020b-40cd-af3f-50a0403c513c','Fitz','Skittrell'),
	(608,'91166487-fbd2-4209-8154-54206e6e77db','Merrel','Kersey'),
	(609,'e5455523-187e-401d-ba21-61917b86fe84','Di','Frain'),
	(610,'18bb95b1-9abc-4313-bdd3-8afcf0ae9512','Bar','Lethebridge'),
	(611,'79f1c830-8804-497e-b8cb-f0728ae0fcad','Betti','Leel'),
	(612,'dded2253-92ad-4f6d-af02-e6553a8d7eda','Cristina','Leaman'),
	(613,'e88c5f23-3138-4ea1-980b-165378677b91','Ossie','Bettley'),
	(614,'ce24c5f7-1a94-488c-8e86-80d747285d14','Kaylyn','Schnitter'),
	(615,'ccb9477c-f3a3-4fa6-8c9b-0ff5f2087a09','Jermaine','Cuttings'),
	(616,'e69391da-eded-4e56-9ec8-7bf1c59d4cf6','Yancy','Marti'),
	(617,'e8de2d2d-4b95-41e0-a9e1-e468058918f6','Kim','O\' Gara'),
	(618,'f97d9188-af71-4c70-9e46-9a7edf64afcc','Lorita','Smallbone'),
	(619,'c25bb300-84c2-4c35-81f4-6fe66003a42b','Henryetta','March'),
	(620,'735401d1-45d4-4435-8d6e-6ab338b3dee4','Brandtr','Sydes'),
	(621,'17e4001d-be64-4c56-b8ff-a9d54662df2e','Collin','Zanotti'),
	(622,'30655aa5-28f7-45bc-917d-ee7947683a5c','Tamarra','Roxbee'),
	(623,'8c98f92f-be38-4a10-bea1-e3b9c92b2793','Flemming','Wankling'),
	(624,'9c85e4ea-8997-4da8-a6fe-19db6e673409','Idalina','Riolfi'),
	(625,'051067a6-2135-4ad3-b69a-427024a6987a','Mord','Newcomen'),
	(626,'8674b819-dd71-46f8-adf0-4094641614ae','Armando','Portigall'),
	(627,'cf5023d8-18a7-49ef-84e2-0ef726e924fa','Gerhard','Semeniuk'),
	(628,'1c8c8cce-1dcc-48de-8f0a-4346cc20d3b7','Glennie','Girdler'),
	(629,'abab65e8-cf93-418d-b4a1-5fef463e6ca4','Hughie','Arrowsmith'),
	(630,'f6b8168a-bb10-435e-8710-746ad8b51ada','Pancho','Munroe'),
	(631,'1a1205bc-bd57-4e2b-a9bd-c8ac5c09c0e3','Ferris','Haddleston'),
	(632,'11ddec84-1d3c-4371-b647-3daea9273ad7','Bord','Kiddell'),
	(633,'d4faf6cb-d576-4c72-b092-1ad42db17227','Ronnie','Delf'),
	(634,'da64427d-66f7-4191-958d-6ac82faee105','Cameron','Jalland'),
	(635,'473b45f4-e6e4-47fc-96d3-42cc57d75578','Milli','Graham'),
	(636,'e42a185e-e9bc-4f37-9f21-72c12e25e34f','Robby','Duckering'),
	(637,'c90385da-7957-4117-9270-909f38e2c9ba','Gunner','Pietzner'),
	(638,'d29126d6-9cd7-4692-b5ea-2c893b80d2a2','Krystal','McGriele'),
	(639,'e805b024-0278-4263-a805-f997a0a62a07','Rosita','Polgreen'),
	(640,'80f1b8a4-d496-4a02-963d-8c0fa0aaef62','Charles','Radnage'),
	(641,'bbdd6280-2882-4aab-a84e-fb0cff29176e','Deedee','Shervington'),
	(642,'900f4f22-f21c-4832-81ad-58ffc1a934b1','Pamella','Rean'),
	(643,'2b723087-0ec9-48a2-a994-93a9926c3994','Ber','Glendzer'),
	(644,'e32bd1d5-5b00-4b3b-92cc-e19eb3bf2e17','Darla','Blewett'),
	(645,'88048ffd-30ba-4bca-add2-5b57adf84958','Arlin','MacGhee'),
	(646,'922aa7c3-5500-4e54-bdf1-cd26cdeacc78','Raquel','Antunes'),
	(647,'04fb485a-b38b-452e-945a-adfd7359cd3e','Tadeo','Kunzelmann'),
	(648,'d4729179-899f-42fe-a6e9-8ed4d80a0f02','Haley','Sowter'),
	(649,'7e4d1cae-7bd8-4822-8612-8d52b105a166','Vinny','Kibbel'),
	(650,'ad293124-d6f5-4bd7-a493-91fda3bd7346','Tiffany','Spinetti'),
	(651,'c8fc2734-89f3-4b07-91bc-9dc6ddf85864','Clarisse','Vaun'),
	(652,'c5283587-df5c-4ab4-8102-0530acb4db25','Wang','Slateford'),
	(653,'476c4251-5731-4e2d-88ed-e192ee326c7f','Vonnie','Newrick'),
	(654,'ada50627-7560-45cf-900d-8b13634f75d2','Elfie','Mundell'),
	(655,'6ca1093b-da13-4b4b-9fe8-671d2d5b643b','Sibylle','Petrowsky'),
	(656,'4ca08a1f-82af-4c7b-9ac3-95d796800610','Rodney','Beacham'),
	(657,'01d2aa74-2728-4beb-afba-1d3fc19d0f43','Aleece','Pealing'),
	(658,'20199d84-f6e5-42cc-92d9-5cdf5060037b','Muffin','Grinstead'),
	(659,'9c18fb1e-d4cc-4dc0-a062-47680e80133a','Hildagard','Vine'),
	(660,'d7f88c9a-6811-4772-a36f-285020905aea','Herman','Arndt'),
	(661,'b72e19c3-095d-4b35-894e-3b59c7eceb95','Blinny','Mallabone'),
	(662,'2575b828-6ea6-498e-9eb5-fa664df0d949','Stanislas','Gayler'),
	(663,'c8305a62-62e9-4c1b-a5f8-3b6fa035231d','Hali','Pentercost'),
	(664,'4a572da4-e5ae-486f-aa45-3ff2f3c93e22','Ursula','Zellmer'),
	(665,'6ef3e050-fb82-47a2-8486-90faa243a624','Cordula','Lapley'),
	(666,'a5cafaae-ba76-464c-a70b-6e7e2131b63a','Hayden','Daintrey'),
	(667,'83227ade-71ff-41de-ac39-464115f9f2bd','Jude','Gergely'),
	(668,'6ca106c1-d948-41a4-8b92-ce062715ce41','Matilda','Yurlov'),
	(669,'b62e2f32-7dce-4c0a-840e-8095f94547f3','Berk','Clethro'),
	(670,'8e1a63cb-da4a-4ef6-ba00-5992667b95ee','Parnell','Sellan'),
	(671,'f15ea66c-38eb-4edb-9b29-227739cecc08','Breena','Elfes'),
	(672,'74717ff8-ecf8-4f38-b269-b782981262b2','Codie','Vanstone'),
	(673,'a984cf03-808a-4820-b543-e0fb147deedb','Sherri','Donat'),
	(674,'9608ce78-5c2d-47c4-a234-1f1f8c397a27','Katy','Twizell'),
	(675,'de8a0e64-dee1-421f-936b-8ca014ee5615','Borden','Douse'),
	(676,'52660ffd-3be5-427a-84fe-6f36d1b2f870','Finlay','Ladbury'),
	(677,'e51741eb-be9a-4c51-a353-54017869ef08','Loria','Volett'),
	(678,'adec320d-1443-4585-aeb2-e73fc3b50193','Chilton','Thomason'),
	(679,'3105b604-19ee-4f3c-baa4-cc52591f57f6','Arlinda','Volk'),
	(680,'bd1c7e41-f525-449c-94ae-e9d2c7c59d1c','Guido','Dunsmuir'),
	(681,'bf980513-cfc9-4c37-ae74-7d8b144c9f0d','Sibeal','Cristofol'),
	(682,'e35eecb1-0ada-4ad4-8442-cc9a76004286','Heather','O\'Dowling'),
	(683,'a07f4419-a004-48f5-a0f1-6620c838c8dd','Opal','Berzon'),
	(684,'338fcb77-3eaa-48d6-b0d1-f82cb79dbcbc','Auria','Chetwin'),
	(685,'f881b9d0-a832-4e07-b0ac-6632ab3a9674','Ginevra','Lohan'),
	(686,'a14262d2-683f-4044-a952-6662cc68351b','Bourke','Hannabuss'),
	(687,'a1d20e82-5abf-401b-90db-4ef74e4b43ed','Delora','Kennea'),
	(688,'d33d443c-9d17-4dad-a011-87a1ed9323d2','Jannelle','Bumphries'),
	(689,'a80c152a-aa68-4b0d-b657-6f20ac9dab9d','Nathanil','Cavanaugh'),
	(690,'adcfecc8-d5d4-4b16-85f4-60156d0722f0','Reggie','Teas'),
	(691,'3cfa2cd8-1254-4012-9893-a41dd4bd1662','Nye','Syder'),
	(692,'d9b7c50a-2c57-4fc9-80fc-2623e8704cfa','Nonna','Witard'),
	(693,'1556d401-f0db-4b89-9707-3a54d3084303','Sylas','Jeste'),
	(694,'c96902f2-33db-4d43-a66c-48c73edfa669','Inez','Piercy'),
	(695,'049a7350-f391-478a-a7db-ff1024d540ff','Othilia','Heritege'),
	(696,'a14a34d1-8b65-4c85-b3c0-5b0fdb50f3e8','Kip','Cundict'),
	(697,'03095abc-f6e8-461e-bcca-38a21fa85189','Hubie','Ropcke'),
	(698,'882ab241-468f-440c-9100-97a991388e63','Melany','Vautrey'),
	(699,'85b24a37-7614-4d08-a109-cdaeb4967302','Mattheus','Ingold'),
	(700,'2a3b5060-48ec-4ac1-9df6-2b5b181ccdfc','Karalee','Hendricks'),
	(701,'ffe3aca2-9c2c-49ae-94bc-1f04568a2bfd','Henrieta','Dwelley'),
	(702,'4bffe796-cdcf-4c2c-8ada-4d45cf09c617','Cass','Llewellyn'),
	(703,'43831663-e223-4ad9-9578-bdfd89fd6771','Loralyn','Clampton'),
	(704,'cbb2fb11-904b-42f3-ac67-6edc61df9482','Gabrila','Charnley'),
	(705,'5bf5cf0d-f845-4743-80b9-f091e9c7db07','Hedi','Garrelts'),
	(706,'e6cf2f7b-c987-4c40-affe-2e7865929045','Jennine','Hovenden'),
	(707,'fd9ff831-fa0e-4f90-aaf3-7137ab59c51f','Wrennie','Boshell'),
	(708,'bcdfb1e4-8445-4ce3-b87d-3028834bfd01','Lind','Lenoir'),
	(709,'d627beac-d85b-4213-8492-d3044a95b2a6','Wendie','Tull'),
	(710,'899f5340-036d-460f-89c6-07504b6404ea','Orran','Kindle'),
	(711,'7494c92b-0d56-43e0-b62c-26e48c9a1588','Lezlie','Veighey'),
	(712,'dcf9bb51-5bd9-4dd3-994c-2fe18ce5507d','Elmore','Tremberth'),
	(713,'71d1e4f2-cf73-4b77-8d3b-892ae4518d8d','Rusty','Eitter'),
	(714,'85584999-88f4-4bcb-bf9d-04fd82b7d510','Jaymee','Zamorrano'),
	(715,'85c290f0-88d8-4a8d-8ae7-4663cf46c8c5','Tracy','Rubbert'),
	(716,'6654e910-fabe-4c45-a56a-db1a2bc96b6a','Hugues','McConachie'),
	(717,'5d36e53f-ac43-4039-9376-4947a169ed0b','Dex','Golton'),
	(718,'09a48125-ced9-4f1b-8068-cea75167cb0a','Peyton','Clyma'),
	(719,'0f7a4d87-5c45-47c4-99af-4a02f4019d39','Hilliard','Rosengart'),
	(720,'dc300222-ca13-490c-a1cf-221143fa9822','Camile','Coxall'),
	(721,'8d93265a-8cd1-43d4-ac8a-9ed9803ecf17','Sunny','Malloy'),
	(722,'72bd16a6-d250-4658-b8d7-84ef304e21bc','Blondelle','Peters'),
	(723,'f09d3799-d97a-458c-8aaa-524b273ca3d1','Cecilius','Weigh'),
	(724,'30ed0357-2b21-4b66-a58a-39a4697bcf44','Starlin','Nestoruk'),
	(725,'438afe3c-3682-4350-83dc-a24e32253603','Karie','Dawtrey'),
	(726,'07d66c1a-8bff-418a-a872-ce6e8f135d48','Dov','Lailey'),
	(727,'3243c88f-f4ab-4ccc-bcff-1a62e75f5a11','Adams','Vaney'),
	(728,'3aed1565-0bff-410d-8792-5950bde6a54c','Blondy','Beacock'),
	(729,'0ceb93df-7cf2-4eac-a100-ebd219cdc7c8','Alaine','Kynman'),
	(730,'1c224508-a4d7-4465-a872-a194947ec534','Tina','Malimoe'),
	(731,'56361a7b-30d8-4175-bdfb-4e11c79d5e64','Maximilien','Gelland'),
	(732,'d1da8c5c-2dc5-4217-b8f6-f8551ee1731a','Zena','Spadollini'),
	(733,'608df865-f1a2-4489-b611-0e413deb77d3','Wainwright','Redholls'),
	(734,'dda77b27-55b0-43d7-b3d5-71089de07168','Kingsley','Lammenga'),
	(735,'9f4d7499-675a-41d7-96a4-e93e2d5c3f03','Chloette','Winear'),
	(736,'e050240e-d096-4318-94b6-ae53f4e1e34f','Tatiania','Marks'),
	(737,'a7dc27ef-0fb0-4cb2-9de8-1c6e7a6b0311','Pia','Lent'),
	(738,'35731316-53d8-44a8-9fee-7503f254a08d','Hill','De Fries'),
	(739,'e347a4c2-460d-49fd-9e08-142d0f859749','Gaylene','Simison'),
	(740,'4cebbb7d-653b-414a-84fc-1e0dae67182e','Allis','MacNeely'),
	(741,'33081f93-fa8a-4308-a768-26cf457bd16e','Hymie','O\' Dornan'),
	(742,'a2113691-924b-4129-a939-373b99b7cd76','Osbourne','O\'Toole'),
	(743,'a4cbc457-3282-4fff-b3de-ecc000e8cdcd','Audie','Lynam'),
	(744,'ee3747c9-c3e4-462b-8cf6-5169d6a93f5f','Charissa','Manuaud'),
	(745,'1f357316-1728-4629-97fe-d73fa322b7bc','Gardie','Sennett'),
	(746,'1d75cfb3-4b23-4455-83d9-45c1ef243173','Peggie','Crowcher'),
	(747,'adab0bd9-cc4a-4a73-8a59-f02361e287e1','Kayle','Tansill'),
	(748,'1e6d4194-bed6-461d-877f-89c08227756c','Saree','Spyer'),
	(749,'57fddec6-9236-43f1-82f3-0416eacd428d','Marlyn','Beaconsall'),
	(750,'7f8bef13-6e84-4927-a12b-2c75af6e3b3f','Charissa','Shuxsmith'),
	(751,'aaca420d-c399-4763-8ece-044c9c8e9585','Alic','Trim'),
	(752,'47bc8f95-5139-4f04-8171-22223836634f','Bonnie','Walpole'),
	(753,'979814d4-ba8b-4cf5-a247-e7470a315df1','Hazel','Culleton'),
	(754,'eab54993-61f1-47d2-bbc7-38ea028eff41','Doralyn','Dorkens'),
	(755,'2e229e4f-a4c1-44ef-9b0c-0c50c2a025c0','Chance','Lahiff'),
	(756,'d8109941-b90a-437e-8d23-66647cb100db','Karyn','Evamy'),
	(757,'979d68f3-5bfe-44f4-b77b-2d68416bd466','Fonz','Bowness'),
	(758,'f9ee7b65-bab3-4bf3-bf40-b6bfea90b3ab','Johnathon','Grimsdyke'),
	(759,'54b7fcf5-d473-4552-afad-fede9a5423a5','Ford','Keay'),
	(760,'6dc2eb46-0529-47fa-9a89-129641dfc87e','Dotty','Anthoine'),
	(761,'c0ec7811-e09f-43bf-9cdb-aa6c0f95363d','Jeff','Bargery'),
	(762,'3eb6f057-6f0b-4d14-b5b6-51a9fb0aeb3f','Maye','Daniells'),
	(763,'df8c427b-29e9-432d-a706-c5fc5e47f5bd','Petronilla','De Bruijne'),
	(764,'19df903c-68ed-43ca-87f3-e2ed2fe9c14e','Clarisse','Roll'),
	(765,'64ca6c69-48a0-4178-a949-7495bee48e0d','Joye','Hounson'),
	(766,'b4d77a16-e173-4a50-b4bd-283072dd33b4','Ilyssa','Ghidelli'),
	(767,'7e72fa65-ff69-4903-aff7-dd5a230bfb7d','Frasquito','Ansteys'),
	(768,'6327e816-8141-4774-a9ff-25b554b3eac6','Tod','Ledwich'),
	(769,'d6a57d34-bd45-4ac0-a551-452a9090c028','Tobye','Gourlay'),
	(770,'135611e0-0c24-41e5-a2f5-58d1b9742e3b','Curran','Tomasino'),
	(771,'23f2e5d4-e187-4c13-9afe-0d6ba28eb7b9','Maureene','Epton'),
	(772,'0d69ad74-0754-45c8-82fc-91d4d110aa4f','Jaynell','Gavin'),
	(773,'482096a2-a925-43be-b2ac-d845de3acc2c','Shelton','McGarel'),
	(774,'68dcbc56-1c67-4c72-81ee-5a85a3077126','Kerrin','Thorsen'),
	(775,'803f6012-5d3f-4800-8ce5-9d1f386f360b','Verena','Hain'),
	(776,'5d1f9ca3-80c5-4c1a-a402-f3b821f75364','Coretta','Rudwell'),
	(777,'1e1a253b-fbc3-44b8-9582-a626133f9da4','Timmie','O\'Sherin'),
	(778,'afb2ecac-bd80-4d5a-a9cb-6feb9f3be526','Keen','Grizard'),
	(779,'a46f02de-616e-4008-9af8-586d1c0773f8','Viole','Plumbridge'),
	(780,'4ca2de03-e7f5-440d-a999-340a67e39aef','Fabe','Stoffler'),
	(781,'e96b1313-0d50-4b07-946c-1d6294c30f11','Jerrold','Snoddy'),
	(782,'9ea7eae9-df40-49dc-8be4-1bfc40113a73','Rossy','Hercules'),
	(783,'7bb3c0cd-3482-4d7e-b856-7d82ce25c99b','Ree','Slimings'),
	(784,'0c82ec66-7f20-4825-ae1f-215fdb2e4958','Aldridge','Prosch'),
	(785,'02aa18a0-2993-4ed3-9bfb-d946887ab409','Isobel','Torrans'),
	(786,'53b5df7e-a07e-4cf1-ba5c-1708426f25dc','Gennie','Gostyke'),
	(787,'b522cb0b-d993-4d9b-9f0a-62aa9696526b','Ody','Benck'),
	(788,'b086fc6a-095b-4e1b-962e-acfc34a01e4b','Devland','Iddiens'),
	(789,'52aeb722-9e6a-4462-a0c5-08e80da2cb63','Pip','Virgoe'),
	(790,'00744d94-f0f8-4251-89e9-8184bcc86fd4','Karon','Suller'),
	(791,'17623159-b5ef-4e59-a2b4-76a0228581fe','Ab','Saunier'),
	(792,'54f03659-97b3-4fa7-9d1c-cf97dce2c459','Klarika','Truckett'),
	(793,'764f5560-9929-4f11-8347-70f14dbaa452','Garey','Hartly'),
	(794,'2b368136-4234-438d-9df2-23210d56e133','Elane','Ivashinnikov'),
	(795,'61c7c4f5-d7e5-4fd5-8429-549ec7e48ec9','Ralf','Addyman'),
	(796,'12725f31-77cb-4d81-8e3a-31c0c1a0a3f8','Emmaline','Steinhammer'),
	(797,'a949ab5b-3b14-4b6a-8aee-b2e1c389e948','Jedidiah','Lethabridge'),
	(798,'fb6c80fc-40fe-42c7-baec-a202a64c43cc','Norine','Crozier'),
	(799,'394fe30c-70f0-4b2f-a2ce-b8bdc9434d4f','Phelia','Van der Baaren'),
	(800,'cca6576c-8fb3-422c-83db-ea8f924feb89','Bary','Skechley'),
	(801,'2a3c3604-0189-4911-89f7-dc0bbff03c61','Carey','McShirrie'),
	(802,'6de26332-0e03-43ca-a5fa-9aba4f854268','Aubine','Calder'),
	(803,'f0a47d14-cc25-4e18-bcdb-684942466ec6','Erinna','Kless'),
	(804,'2b60d172-d805-4f3e-b91a-fa58034c83be','Faustina','Clemencon'),
	(805,'7f97ad4a-1bef-414f-b749-c747249f1ab9','Kerrie','Noblett'),
	(806,'834b0511-94ad-4a62-90fd-a2a7686e05bc','Tiphani','Hellin'),
	(807,'4e88b587-497e-4171-b3a0-38e278551f5d','Sanson','Kendrick'),
	(808,'23750429-2fd2-4bd6-b487-f8ddfbbb1a42','Marcela','Durnan'),
	(809,'6e16c4b6-db07-41e4-ab91-f50680a93a12','Chan','Tarte'),
	(810,'af3664b0-1950-431d-9b56-7b7e949f1b8c','Dale','Hatton'),
	(811,'3710bf4b-9b97-4c1f-9abb-419a1cf67d23','Avivah','Lanon'),
	(812,'76c88db8-a85c-416b-88d1-692ad25368a5','Alfy','Danelut'),
	(813,'e25eedb8-c040-448c-95d2-23bc9b25498b','Teddi','Baelde'),
	(814,'e7ef814e-a3a8-457b-9c39-2dfd6a0adf5e','Tracey','Brandel'),
	(815,'6d1a062e-44d0-415b-bf96-d0c847f4fccd','Jamie','Bradie'),
	(816,'ec2d8caf-7dd4-4060-90bf-ffe69b29bbdc','Merle','Baggaley'),
	(817,'876359f9-ff18-47da-b3de-271d9baed375','Keriann','Arkil'),
	(818,'aa01514a-9b42-4513-8ffc-7cdc3549d700','Mari','Tregidga'),
	(819,'b110f68c-90e4-45fe-bbc5-3b6d316bd1ca','Gabbey','Kuhlen'),
	(820,'104ee4b5-69cd-4b89-8256-842927fd297f','Kate','Unthank'),
	(821,'5a0bb2f0-c2e3-48ee-a003-26eec39c0fdf','Deva','Marte'),
	(822,'cc851b88-7bbf-459f-8546-7e2b2c5c912a','Elsey','Stears'),
	(823,'42fd99b2-327f-4369-89ca-76d789830430','Mamie','Reyna'),
	(824,'40986411-89e6-446d-9fd5-732885164bc7','Beulah','O\'Halligan'),
	(825,'e3b752d3-0fc6-4ec3-a786-a8d123f262b6','Alisha','Sainsbury'),
	(826,'2eb4e57c-d19c-4ad7-b16a-773849511239','Carena','Falls'),
	(827,'0abd383a-3ab0-42d1-9312-2ea5484aa409','Almeda','Calf'),
	(828,'19ee7c78-a316-4200-a0e8-f99f75b2c57a','Loise','Beeston'),
	(829,'9581ebce-a1cf-4510-af3c-c252bdf64259','Letisha','Balding'),
	(830,'b11ded0c-cc0e-4000-b34d-6921f1e60616','Idell','Pinkett'),
	(831,'4584772f-e3cf-4fb3-b99b-bbb47c36854e','Flor','Giraudot'),
	(832,'22fa01de-d65b-4fd2-8569-481223941bbe','Amii','Bastable'),
	(833,'4034a411-5b64-44ce-8a95-6ec33cee2374','Burty','Kilius'),
	(834,'fbbf25c8-476c-404d-9bc7-3a5d605aa24f','Rowan','O\' Culligan'),
	(835,'7d9b0dd8-05d4-4bd5-a072-3243f70660b5','Fawne','Allerton'),
	(836,'0f505b62-7ee9-42d7-84d9-bf6ec84b4982','Tabbitha','Drei'),
	(837,'34005d7f-acdd-456f-bd26-b97c5b71e866','Pammie','MacTavish'),
	(838,'d755921e-f573-4c86-9784-569db5614a64','Lew','Izakoff'),
	(839,'ab511271-1e58-4000-b4b2-7b914c5d9d00','Daron','Spadollini'),
	(840,'84dc8694-8ddb-4ef6-bdb2-8d7a9822ffd4','Charmain','Doddemeade'),
	(841,'01ae6537-e551-4146-b9ab-da4622682ea4','Teador','Verbeek'),
	(842,'7964fc1a-fe4c-4b6f-b521-b0bdcfa10430','Ros','Moyce'),
	(843,'0293f9c0-f600-487c-bf4e-0421e98d4994','Vasily','Havenhand'),
	(844,'5a09cdf1-ae4c-471d-b925-05d4676dc5ac','Barney','Bleaden'),
	(845,'ff9c5100-d881-47fc-850c-4dc4d650ce50','Aldrich','Englefield'),
	(846,'e2d34026-2cd1-47d0-81a7-8e6d422b562a','Gabey','Strangeways'),
	(847,'4c990337-bdc0-4082-9d2e-c09362377909','Julian','Healey'),
	(848,'a93a5f6a-018f-4d37-993e-6a1c5ab648f7','Marjory','Bielby'),
	(849,'ee873f31-a51f-4f8f-b110-e7549c8adf29','Sergeant','Hargreave'),
	(850,'db24fc9e-ef8e-4db8-b306-8cd7509632b1','Melva','Bendtsen'),
	(851,'d51515a9-1355-4e11-bed6-927caa51fb72','Hobie','Wegenen'),
	(852,'96e504bc-65a5-481f-b8f7-10df8544eca1','Hamish','Boultwood'),
	(853,'489c8cf1-27ab-4ccf-82d4-6aa2172efa03','Yorke','Couttes'),
	(854,'4fbfc47b-d777-4e1c-bf55-68a6af1c0470','Karlie','Di Biasio'),
	(855,'b1b16d79-cb9c-4a34-92ee-a7f607d9d10a','Kermie','Clemmen'),
	(856,'325c470e-0c2b-4ca5-8c15-95bb4c3a6842','Arley','Perulli'),
	(857,'33d47098-416d-48af-83a7-1e87794e07f1','Felecia','Gibb'),
	(858,'c11c6a01-5584-4517-ba3a-5c5619c99820','Jammie','Bavage'),
	(859,'72002f43-55e3-4a24-8c90-0dce19b68fcd','Dyane','Goranov'),
	(860,'353a34ef-3be9-45b0-b5b2-5f126035671e','Leona','Ledwidge'),
	(861,'e9585be0-ac70-4eba-a2e4-eb3b0c26909c','Kiley','Tennewell'),
	(862,'c14b701c-4fc5-4708-b96b-c7a8675fcee0','Morgen','O\'Shavlan'),
	(863,'d45157ac-04a5-4929-90c6-7dacbedb9165','Gustav','Torricina'),
	(864,'ccb8fd97-9d42-4cbe-a811-4f6f8ba1d289','Hewett','Twells'),
	(865,'3b199bf0-52f6-4126-9ab8-053f5b1517a9','Max','Willisch'),
	(866,'07fe9f14-9651-4df4-ab9e-e976bd52c5ba','Marijo','Wraith'),
	(867,'3ab73156-e2c2-4045-b94a-9dec624d68d8','Glennie','Spurrier'),
	(868,'c9553ff3-b100-4f90-a58f-82bf3ea5b964','Cynde','Emor'),
	(869,'f3f1401b-8416-4343-b921-cf8239f581e7','Hermia','Brannigan'),
	(870,'e0886146-3d69-4598-8184-532b2b58b325','Morganne','Danick'),
	(871,'c0cafd27-caed-40e9-ac4f-2b8b82fd7a28','Jacquenetta','Kinnane'),
	(872,'42a4512d-1e8d-491f-96ca-b42857d947e8','Hakeem','Yearron'),
	(873,'15e80c9c-4877-4ce3-80e9-ae08494c1744','Esra','Hinz'),
	(874,'a77074b9-68ee-4caa-9af8-f2bb025117bb','Nedda','Gwillym'),
	(875,'aef18c7c-ced9-40af-8a18-6828b0a50e88','Brew','Coad'),
	(876,'b692213c-865e-4cfe-86b3-383164137567','Stanislaus','Bette'),
	(877,'0ad24bb6-020c-4398-9bb1-7413c5d3c890','Corney','Turbat'),
	(878,'d88773a8-d9ce-49f2-a08d-4a834052a4ba','Ximenez','Tolemache'),
	(879,'29c7d304-8c57-4b2e-8664-35b0b5385fd8','Lanny','Morphey'),
	(880,'240be573-3826-4e58-aa27-42c846971e59','Tina','Urry'),
	(881,'3e7235bd-8572-4fa4-b5fd-6cc2d18688d9','Marcile','Jendricke'),
	(882,'dbdc9ed4-f699-49b0-a676-c117dac42e96','Cecily','Strippel'),
	(883,'4d379fdb-604b-4c34-8cd9-424fc177af4e','Xenos','Anstee'),
	(884,'1234494b-bd9a-467e-a181-590888b67eee','Cosme','Eichmann'),
	(885,'d282bdb2-4ea3-465e-9736-b8c61f85b5c4','Audy','Lusk'),
	(886,'4d99d437-c82e-4871-b454-16e931f22ab8','Raychel','Goodwin'),
	(887,'3bab66b9-964b-4cd7-810e-6fd26139cd2c','Andris','Freegard'),
	(888,'98443e68-8f8a-4a80-b6df-70a6302feda9','Anet','Troak'),
	(889,'f6844431-7c36-43cc-bcf8-7dd0de5e5db5','Saunder','Hamby'),
	(890,'e6c63552-9fb1-4137-b46e-5a2b78a3939a','Arlinda','Waycot'),
	(891,'af8b1a44-4f0c-4ea9-bb2c-8577c742b87e','Maribeth','Spellman'),
	(892,'c968702e-80dd-4ee0-bd69-4c4a67785565','Talbert','Pococke'),
	(893,'f14da8ef-bc68-4b9e-8d45-9db6ce353458','Vic','Asel'),
	(894,'a430dbe5-f73b-408e-b497-5488d24d497d','Crystie','Frail'),
	(895,'8838b3f1-ca25-47e1-b48f-9d7485ad4b68','Hagen','Pennuzzi'),
	(896,'f8cc4728-0443-4d39-8197-e85b74c95c31','Jens','Bootell'),
	(897,'f60748f8-6717-421b-9126-efa1f9317d0d','Basilio','Rastall'),
	(898,'daa76ed7-cbb2-4be1-a7ea-127c310c2a73','Felicity','Washington'),
	(899,'2235d4ff-262f-4f6b-962b-aaf3451180fe','Rainer','Fearnley'),
	(900,'31f553f3-112c-4b06-bc3e-b04fdad48118','Malena','Dalziell'),
	(901,'15e50fcb-71b9-44b8-ba10-8c32ac891821','Michaela','Fiennes'),
	(902,'ddb9b343-3eb3-41cb-b444-2c53f837806e','Adriena','Gradley'),
	(903,'d04baff4-fc71-4c06-8552-8270d4b95756','Charita','Kembley'),
	(904,'fb1f3366-0f8b-4ce3-8bf4-d7a898df53a1','Sterne','Noble'),
	(905,'a2598c3d-694b-4e49-a486-b8e25496ef4b','Faun','Jirek'),
	(906,'af1dfc37-c93d-4c91-ab99-a50b013a94df','Tildi','Hastwell'),
	(907,'292f6423-3af2-435d-a40c-fcea93f2dcd6','Fawne','Solano'),
	(908,'9a1ff7ec-8206-4a0e-a1dd-ecd65bf384d9','Roxine','Goodwyn'),
	(909,'212cb4c1-0feb-4853-b456-2a5bb644a8af','Rustin','Bruins'),
	(910,'f6be3f31-8f97-4b59-ab6e-a562e841347e','Henrik','Jaggi'),
	(911,'f829ea65-6c97-4809-a4c0-23e42dbec0e1','Matty','Gerge'),
	(912,'f99c46a9-20f2-4f77-85e2-c215a37536fa','Walden','Neylan'),
	(913,'cd1362b5-5744-441b-b616-974f3e47d7dc','Emile','Brundill'),
	(914,'4da82b0b-79ed-4098-8a09-e048d17c046d','Edin','Ephson'),
	(915,'c78adec4-dbf7-4f57-b7e7-f32a1ef825cc','Minnnie','Orteau'),
	(916,'41df0171-6897-451f-a9da-f3822f17926a','Isacco','Wookey'),
	(917,'2ae19d23-0f98-4f1d-aa7c-fb9cf7bd8ff5','Leonid','Shewan'),
	(918,'7e7fc9a7-48a6-41ed-ba06-75c58b3c031f','Elden','Kelemen'),
	(919,'055f5470-2caa-4305-aae7-1521b6da5b43','Matt','Affuso'),
	(920,'f6644760-5ad0-49d3-a9a9-89044e2f79ff','Kiley','Peete'),
	(921,'7a2cd233-1df1-429f-a4aa-bff42528afab','Sal','D\'Antonio'),
	(922,'ac231379-974f-406e-a167-02f15944a648','Augustina','Bagnall'),
	(923,'77c006a9-0db4-4628-a46b-a250b9d7f53e','Lavena','Mylchreest'),
	(924,'e388f62c-bd60-483f-a96a-5af17e9fb53c','Kathe','Karel'),
	(925,'978cc4b1-000c-4db9-8e63-a541919d193d','Bryn','Buckthorpe'),
	(926,'30327fea-c3b2-4918-89f4-8d51db5c59cb','Kelley','Gatrell'),
	(927,'aea31827-2b83-4de2-a9a6-601b2dbc7bbd','Kennith','Simchenko'),
	(928,'e7f3e099-5776-4cce-b579-b81fd0b2eccd','Sybilla','Walworche'),
	(929,'f262d0e8-7ac7-4903-98fe-ed6707c10803','Dino','Bullion'),
	(930,'b88c0b25-e48e-4361-8a12-213b156e6e87','Johny','Avrahamy'),
	(931,'9b0eaba2-dec8-4392-ae56-7b4e6b61d6d3','Ashby','Bertolin'),
	(932,'32a03b48-764f-4eec-8f11-502b0457d326','Corrianne','Clatworthy'),
	(933,'d6d3230a-4a24-4f10-9e31-f746ddb769f9','Broderick','Patey'),
	(934,'4962826c-cb35-44f1-aeee-45028c539ecd','Andra','Gallatly'),
	(935,'52ecb283-4bb4-448e-8149-e75339e50bb7','Elinor','Measom'),
	(936,'c391acfa-f7ea-4a97-bc94-d4cc961d8923','Ariel','Dadswell'),
	(937,'2d3d8d0f-24d2-440d-8336-5a31c525a5c1','Amandie','Kingsnorth'),
	(938,'1de8c016-9aa0-4f9a-9eb2-1e76021ed74a','Teddie','Cockcroft'),
	(939,'bcdb3c9a-aca9-4f3c-bea7-ed884d34c250','Rosemonde','Bartolomeotti'),
	(940,'46445771-800d-4509-bcb2-e59fccd8b8ae','Raff','Malloch'),
	(941,'dfffe450-994b-419f-8f4f-93695cb3b4e9','Isabella','Ashwell'),
	(942,'eb6e6b14-02d2-4877-8bd3-548e05d8e5da','Lyndy','Dik'),
	(943,'976cb70b-f086-4f2d-97ef-181514e1b153','Algernon','Libermore'),
	(944,'5cb50880-2a9a-448d-b015-47caea3fab35','Norry','Goodday'),
	(945,'d4dcb302-c70c-4fda-8754-983879829e55','Stavros','Creswell'),
	(946,'0bc54993-5a20-4e99-b014-e414486c7011','Dagny','Thames'),
	(947,'1e07e198-3fe1-4366-8fa6-571007169705','Beaufort','Ledford'),
	(948,'0d2a7916-cdbf-4e38-9de8-2f422641d039','Tiebout','Humbert'),
	(949,'4f3ae143-c369-4187-a147-09c0d89b05ec','Chris','Epton'),
	(950,'8c1c0e20-f20d-4103-95dc-1bb92f1dfe8a','Adara','Dewar'),
	(951,'7794eba4-76e1-46a1-84a6-d93db50d2ab2','Felicle','Sugar'),
	(952,'e26b92d5-c525-47dd-8bc4-a5d947cc9fa5','Tiffani','Hug'),
	(953,'bb9e400d-291b-4170-875d-39ee693a7ed2','Ryon','Ship'),
	(954,'95a1619d-3122-4dfb-8a2b-9814ddf56393','Nobie','O\' Flaherty'),
	(955,'2bea650a-ef2a-426c-aa59-6b00175ebbbe','Marie-ann','Gregan'),
	(956,'9630d7c0-8bf5-437f-b4d1-2b6137c331c9','Kip','McCoughan'),
	(957,'52a5595c-7300-4bca-b540-0615edf0571e','West','Rozet'),
	(958,'540d6dc1-1708-49e8-a534-e39074eeb914','Florry','Espinal'),
	(959,'74a1652e-edd8-4567-a9ac-1ad99f72b6e2','Billie','Pandie'),
	(960,'91040e78-ae27-4d00-bac9-12ad7c67bef3','Barron','Cavan'),
	(961,'848ffbfd-e169-4ce5-8c87-a1c0660b81a8','Irina','Capinetti'),
	(962,'fb947638-8a93-4d06-a1d6-59f514fb06b8','Celia','McNair'),
	(963,'2031c62d-780c-4880-9789-af41a5af07b5','Madelena','Sizey'),
	(964,'96a64c30-0604-4b38-be91-e453e94ae532','Marti','Kear'),
	(965,'2e4cae98-3359-4788-81e4-88768c509271','Fonzie','Gannon'),
	(966,'ff801f75-c520-4fee-9091-fa3ad067422a','Marika','Comsty'),
	(967,'c8842be7-b4b6-4ecc-9e75-f0c22dc25da4','Rosanne','Wickey'),
	(968,'0551fdb2-9171-420b-9b6f-258e870e17cf','Christie','Viscovi'),
	(969,'165b22a8-45c5-46f0-a17a-48b6ca86267a','Nelle','Wratten'),
	(970,'f7a77b15-7b9c-4a6f-aba4-adfd6a94c886','Lauralee','Glastonbury'),
	(971,'7ce5f448-957f-455b-9c91-10d42e95280a','Inna','Tod'),
	(972,'930953e0-e040-4333-941b-db7b66b56e82','Joyous','Yeoman'),
	(973,'9a499542-ebae-4b87-a986-e80b5e8c7c57','Estelle','Doy'),
	(974,'6390ed50-99ff-4fa1-8a35-277d0e1ba504','Sergei','Frensche'),
	(975,'3f0c4ed9-cca2-41c3-9089-bc2cdf4a2734','Blaire','Sawter'),
	(976,'22de363e-5078-40e8-aef3-7d61037b664d','Katheryn','O\'Shields'),
	(977,'d455f43f-fba5-484f-8954-2eca77ada37d','Noni','Gaiford'),
	(978,'968c5f88-e816-45d2-95c0-2f7fa3e19061','Hercule','Joselovitch'),
	(979,'5009eae0-e575-4e18-9575-51692c06db58','Olly','Ilewicz'),
	(980,'2fa30812-b05c-4f92-a8cd-4c1c72244a2c','Daveen','Kesper'),
	(981,'b70acc42-5e45-4ce5-aa1f-08649a18f237','Gavan','Attride'),
	(982,'a19b5c81-feee-4d46-98e8-690d1c361153','Thane','Templeton'),
	(983,'bb9e53ff-dff5-411e-b972-74fdbf09aa8d','Norton','Tureville'),
	(984,'4454c695-f78b-43ae-9d27-678966d7806f','Morgun','Ondricek'),
	(985,'387094ad-7bbb-4050-b3ba-672ef094857c','Glen','Cleynman'),
	(986,'e63867ed-79d1-446f-a4fe-1ea33ad9d277','Car','Gulliver'),
	(987,'d1d23dcc-8562-4a77-96d8-5664d695b02c','Joletta','Downe'),
	(988,'189cddb0-9d41-4958-8288-c7b0fa72a187','Cissiee','Spaice'),
	(989,'bcb9aab2-fd72-4435-b096-b239488c86ce','Pieter','Moulster'),
	(990,'ac8ea8a8-48a9-42d4-a732-d6404e2f02e4','Demetre','Popplestone'),
	(991,'8126c7d4-9e31-421a-93ee-32a68ea3d655','Rebe','Glanister'),
	(992,'e12238b1-bb64-45b8-afeb-25f7b1a1c0ea','Tatiania','Wardel'),
	(993,'3e939793-f3c0-4785-a686-cab169883b15','Noam','Faveryear'),
	(994,'e7d4c44c-8382-4dbc-a230-3cc4907bfc7c','Gerry','Northridge'),
	(995,'9c0314ef-b1ed-4fda-a793-e19b9843e0ea','Catlaina','Killcross'),
	(996,'decd5392-2944-4dba-97ab-8190658cb4dc','Frederich','MacKain'),
	(997,'4e08a2df-e837-4658-b4c9-77510e930d6a','Chev','Strathern'),
	(998,'86434281-168b-4ef7-a30c-3f730555190c','Urbanus','Pountney'),
	(999,'7fc78aad-bcd1-4fac-b05f-de586596e017','Jillie','Razzell'),
	(1000,'27d644fd-403d-4e25-879e-b30701dd43ae','Tanitansy','Van Arsdale');

/*!40000 ALTER TABLE `Inkeepers` ENABLE KEYS */;
UNLOCK TABLES;


# Dump of table RoomFeatures
# ------------------------------------------------------------

DROP TABLE IF EXISTS `RoomFeatures`;

CREATE TABLE `RoomFeatures` (
  `Id` int(11) unsigned NOT NULL AUTO_INCREMENT,
  `Uid` char(36) NOT NULL,
  `Feature` varchar(128) NOT NULL DEFAULT '',
  PRIMARY KEY (`Id`),
  UNIQUE KEY `Uid` (`Uid`)
) ENGINE=InnoDB DEFAULT CHARSET=utf8;

LOCK TABLES `RoomFeatures` WRITE;
/*!40000 ALTER TABLE `RoomFeatures` DISABLE KEYS */;

INSERT INTO `RoomFeatures` (`Id`, `Uid`, `Feature`)
VALUES
	(1,'3112b1e4-8c85-434b-a1bf-e11be4961ca6','Washer'),
	(2,'c71f3851-026e-4e3f-ac43-0a47c1bca515','Dryer'),
	(3,'1a53758a-4151-4e50-ba96-536b1db08228','Wardrobe'),
	(4,'f5d9fffe-9857-406f-8d70-293c01b4c33a','Desk'),
	(5,'e3ace6e8-092b-4a97-8eb1-d156e087520b','300MB/s Internet'),
	(6,'2a16f9c3-31a6-4ba5-82c8-989a58c19a16','Small Refrigerator'),
	(7,'16317a45-cdf6-4d49-a2db-4f699695da86','Full Refrigerator'),
	(8,'6baaada7-688e-42ad-a4fc-9d28a6083b81','Love Seat'),
	(9,'fd8643e4-1da1-481b-b717-243857d0727a','Kitchen'),
	(10,'6985dff7-ca01-48e0-9157-87e7cb085d8e','Closet'),
	(11,'ff9f2cb8-42fc-4040-8541-2971dceee6a4','Hair Dryer'),
	(12,'f34c081e-8348-496b-9a3e-cc4d85f9c3c6','25MBS/s Internet'),
	(13,'e7f4d2e3-ba21-4ee5-8f99-2bc676934a21','Recliner'),
	(14,'44770f35-f3cf-4bc3-8386-0c1d5244f86c','Dishwasher'),
	(15,'98e250ba-ff12-462f-8ebb-d8ec318cf39a','Oven'),
	(16,'3f51e412-d4f4-4745-9bb5-68ee310c23dc','Stovetop'),
	(17,'3d6ebd92-896e-4e49-a907-073a7fb878a1','Cabnets');

/*!40000 ALTER TABLE `RoomFeatures` ENABLE KEYS */;
UNLOCK TABLES;


# Dump of table HotelRoomNames
# ------------------------------------------------------------

DROP VIEW IF EXISTS `HotelRoomNames`;

CREATE TABLE `HotelRoomNames` (
   `HotelId` INT(11) UNSIGNED NOT NULL DEFAULT '0',
   `HotelName` VARCHAR(128) NOT NULL DEFAULT '',
   `HotelRoomId` INT(11) UNSIGNED NOT NULL DEFAULT '0',
   `HotelRoomName` VARCHAR(128) NOT NULL
) ENGINE=MyISAM;





# Replace placeholder table for HotelRoomNames with correct view syntax
# ------------------------------------------------------------

DROP TABLE `HotelRoomNames`;

CREATE ALGORITHM=UNDEFINED DEFINER=`root`@`localhost` SQL SECURITY DEFINER VIEW `HotelRoomNames`
AS SELECT
   `h`.`Id` AS `HotelId`,
   `h`.`Name` AS `HotelName`,
   `hr`.`Id` AS `HotelRoomId`,
   `hr`.`Name` AS `HotelRoomName`
FROM (`Hotels` `h` join `HotelRooms` `hr` on((`hr`.`HotelId` = `h`.`Id`))) group by `h`.`Id`,`h`.`Name`,`hr`.`Id`,`hr`.`Name`;

/*!40111 SET SQL_NOTES=@OLD_SQL_NOTES */;
/*!40101 SET SQL_MODE=@OLD_SQL_MODE */;
/*!40014 SET FOREIGN_KEY_CHECKS=@OLD_FOREIGN_KEY_CHECKS */;
/*!40101 SET CHARACTER_SET_CLIENT=@OLD_CHARACTER_SET_CLIENT */;
/*!40101 SET CHARACTER_SET_RESULTS=@OLD_CHARACTER_SET_RESULTS */;
/*!40101 SET COLLATION_CONNECTION=@OLD_COLLATION_CONNECTION */;
